{
  "type": "FeatureCollection",
  "name": "annecy",
  "crs": {
    "type": "name",
    "properties": {
      "name": "urn:ogc:def:crs:OGC:1.3:CRS84"
    }
  },
  "features": [
    {
      "type": "Feature",
      "properties": {
        "fid": 1,
        "id": 1246134,
        "description": null,
        "layer": null,
        "name:es": null,
        "tourism": null,
        "note": null,
        "wetland": null,
        "name:nl": null,
        "amenity": null,
        "ele": null,
        "golf": null,
        "swimming": null,
        "boat": null,
        "landuse": null,
        "wheelchair": null,
        "artist_name": null,
        "intermittent": null,
        "type": "multipolygon",
        "basin": null,
        "wikimedia_commons": null,
        "toilets:wheelchair": null,
        "wikidata": null,
        "source": null,
        "drinking_water": null,
        "level": null,
        "fountain": null,
        "tidal": null,
        "salt": null,
        "artwork_type": null,
        "name:en": null,
        "wikipedia": null,
        "water": "river",
        "name": null,
        "natural": "water",
        "name:de": null,
        "name:it": null,
        "surface": null,
        "website": null
      },
      "geometry": {
        "type": "Polygon",
        "coordinates": [
          [
            [
              6.19933,
              45.9170802
            ],
            [
              6.199328,
              45.9169804
            ],
            [
              6.199339,
              45.9169098
            ],
            [
              6.1993566,
              45.9168438
            ],
            [
              6.1993655,
              45.9167691
            ],
            [
              6.1993747,
              45.9166888
            ],
            [
              6.1993817,
              45.9166352
            ],
            [
              6.199366,
              45.9165598
            ],
            [
              6.1993536,
              45.9164976
            ],
            [
              6.1993493,
              45.9164553
            ],
            [
              6.1993545,
              45.9164249
            ],
            [
              6.1993751,
              45.9163473
            ],
            [
              6.1993943,
              45.9162859
            ],
            [
              6.1993963,
              45.9162557
            ],
            [
              6.1993933,
              45.9161932
            ],
            [
              6.1993868,
              45.9161133
            ],
            [
              6.1993704,
              45.9159706
            ],
            [
              6.1993552,
              45.9158269
            ],
            [
              6.1993485,
              45.9157417
            ],
            [
              6.199352,
              45.9157167
            ],
            [
              6.1993664,
              45.9156493
            ],
            [
              6.1993826,
              45.915581
            ],
            [
              6.1993916,
              45.9155413
            ],
            [
              6.1993901,
              45.9154829
            ],
            [
              6.1993831,
              45.9153598
            ],
            [
              6.1993835,
              45.9152474
            ],
            [
              6.1993827,
              45.9151351
            ],
            [
              6.199385,
              45.915076
            ],
            [
              6.1993976,
              45.9149458
            ],
            [
              6.1994058,
              45.9148602
            ],
            [
              6.1994117,
              45.9148203
            ],
            [
              6.1994188,
              45.914791
            ],
            [
              6.199432,
              45.9147468
            ],
            [
              6.1994488,
              45.9147004
            ],
            [
              6.1995085,
              45.9145457
            ],
            [
              6.1995213,
              45.9144964
            ],
            [
              6.1995275,
              45.9144506
            ],
            [
              6.1995358,
              45.9143988
            ],
            [
              6.1995356,
              45.9143502
            ],
            [
              6.1995301,
              45.9142329
            ],
            [
              6.1995274,
              45.914077
            ],
            [
              6.1995297,
              45.9139762
            ],
            [
              6.1995341,
              45.9138554
            ],
            [
              6.1995369,
              45.9138061
            ],
            [
              6.1995511,
              45.9137574
            ],
            [
              6.1995688,
              45.9136943
            ],
            [
              6.1995793,
              45.913657
            ],
            [
              6.199593,
              45.9136118
            ],
            [
              6.1996122,
              45.9135523
            ],
            [
              6.1996264,
              45.9134828
            ],
            [
              6.199612,
              45.9134286
            ],
            [
              6.199601,
              45.9133895
            ],
            [
              6.1996079,
              45.9133019
            ],
            [
              6.1996162,
              45.9131623
            ],
            [
              6.1996215,
              45.9130477
            ],
            [
              6.1996271,
              45.9129257
            ],
            [
              6.1996333,
              45.9128268
            ],
            [
              6.1996504,
              45.9127092
            ],
            [
              6.1996898,
              45.9125634
            ],
            [
              6.1997264,
              45.9124239
            ],
            [
              6.1997653,
              45.9122802
            ],
            [
              6.1998055,
              45.9120179
            ],
            [
              6.1998723,
              45.9119987
            ],
            [
              6.199889,
              45.9118576
            ],
            [
              6.1999345,
              45.9117087
            ],
            [
              6.1998999,
              45.9113251
            ],
            [
              6.1996414,
              45.9107664
            ],
            [
              6.1994567,
              45.9105051
            ],
            [
              6.1993016,
              45.9101943
            ],
            [
              6.1992851,
              45.9097958
            ],
            [
              6.1992511,
              45.9094197
            ],
            [
              6.1993251,
              45.9092285
            ],
            [
              6.1993995,
              45.9090985
            ],
            [
              6.1994545,
              45.9089779
            ],
            [
              6.1995868,
              45.9088307
            ],
            [
              6.1996944,
              45.9087115
            ],
            [
              6.1997163,
              45.9086878
            ],
            [
              6.1997745,
              45.9086301
            ],
            [
              6.1998457,
              45.9085658
            ],
            [
              6.1999245,
              45.9084945
            ],
            [
              6.1999832,
              45.9084437
            ],
            [
              6.2000406,
              45.908402
            ],
            [
              6.2001271,
              45.9083436
            ],
            [
              6.200226,
              45.9082821
            ],
            [
              6.2003895,
              45.9082826
            ],
            [
              6.2004784,
              45.9082756
            ],
            [
              6.2005648,
              45.908269
            ],
            [
              6.2008608,
              45.9082468
            ],
            [
              6.2008918,
              45.9082486
            ],
            [
              6.2009213,
              45.9082596
            ],
            [
              6.2009686,
              45.9082737
            ],
            [
              6.2010127,
              45.9082965
            ],
            [
              6.201068,
              45.9083293
            ],
            [
              6.2011467,
              45.9083749
            ],
            [
              6.201239,
              45.9084271
            ],
            [
              6.2013871,
              45.9085098
            ],
            [
              6.2014634,
              45.9085462
            ],
            [
              6.2015493,
              45.9085853
            ],
            [
              6.2016331,
              45.9086212
            ],
            [
              6.2016994,
              45.9086484
            ],
            [
              6.202071,
              45.9087241
            ],
            [
              6.2022074,
              45.9086315
            ],
            [
              6.2021924,
              45.9086185
            ],
            [
              6.2022628,
              45.9085955
            ],
            [
              6.2023268,
              45.9085718
            ],
            [
              6.2025108,
              45.9085271
            ],
            [
              6.2029651,
              45.9082647
            ],
            [
              6.2034767,
              45.9077873
            ],
            [
              6.2037903,
              45.9075438
            ],
            [
              6.2039089,
              45.907398
            ],
            [
              6.2041024,
              45.9072206
            ],
            [
              6.2041579,
              45.9071242
            ],
            [
              6.2040845,
              45.907054
            ],
            [
              6.2041193,
              45.906976
            ],
            [
              6.2041419,
              45.9069261
            ],
            [
              6.2041759,
              45.906862
            ],
            [
              6.2041967,
              45.9068297
            ],
            [
              6.2042127,
              45.9068132
            ],
            [
              6.2043421,
              45.9067233
            ],
            [
              6.2045267,
              45.9068509
            ],
            [
              6.2044855,
              45.9069252
            ],
            [
              6.2044351,
              45.9070306
            ],
            [
              6.2043907,
              45.9071706
            ],
            [
              6.2043312,
              45.9072692
            ],
            [
              6.2041914,
              45.9073663
            ],
            [
              6.2039668,
              45.9076489
            ],
            [
              6.2037053,
              45.9078666
            ],
            [
              6.2033565,
              45.9081803
            ],
            [
              6.2030332,
              45.9083761
            ],
            [
              6.2029235,
              45.9084589
            ],
            [
              6.2027603,
              45.9085681
            ],
            [
              6.202563,
              45.9087149
            ],
            [
              6.2024142,
              45.9087939
            ],
            [
              6.2021943,
              45.9088842
            ],
            [
              6.2020317,
              45.9089948
            ],
            [
              6.2018722,
              45.9089887
            ],
            [
              6.2017214,
              45.9088863
            ],
            [
              6.2016012,
              45.9088443
            ],
            [
              6.2014889,
              45.9087765
            ],
            [
              6.2012805,
              45.9087004
            ],
            [
              6.2010525,
              45.9086272
            ],
            [
              6.2008575,
              45.9085378
            ],
            [
              6.2007444,
              45.9084565
            ],
            [
              6.2005582,
              45.9084243
            ],
            [
              6.2004279,
              45.9084126
            ],
            [
              6.2003389,
              45.9084286
            ],
            [
              6.2002003,
              45.908579
            ],
            [
              6.2000651,
              45.9086612
            ],
            [
              6.2000481,
              45.9087828
            ],
            [
              6.1999831,
              45.9089397
            ],
            [
              6.1999243,
              45.909078
            ],
            [
              6.1998348,
              45.9092859
            ],
            [
              6.1998062,
              45.909408
            ],
            [
              6.1997389,
              45.9096038
            ],
            [
              6.1996975,
              45.9097402
            ],
            [
              6.1996038,
              45.9099954
            ],
            [
              6.1995941,
              45.9101045
            ],
            [
              6.1996063,
              45.9102115
            ],
            [
              6.1996896,
              45.9103461
            ],
            [
              6.1997985,
              45.9105763
            ],
            [
              6.200002,
              45.9108507
            ],
            [
              6.2000957,
              45.9112488
            ],
            [
              6.2001383,
              45.91143
            ],
            [
              6.2001842,
              45.9116315
            ],
            [
              6.2001594,
              45.9117949
            ],
            [
              6.2001072,
              45.9119572
            ],
            [
              6.1999492,
              45.9122413
            ],
            [
              6.1998884,
              45.9126166
            ],
            [
              6.199852,
              45.9129235
            ],
            [
              6.1998324,
              45.9131719
            ],
            [
              6.1998198,
              45.9133683
            ],
            [
              6.1998018,
              45.913624
            ],
            [
              6.1997853,
              45.9138388
            ],
            [
              6.1997328,
              45.9141614
            ],
            [
              6.1996819,
              45.9144234
            ],
            [
              6.1996466,
              45.9145973
            ],
            [
              6.1996069,
              45.914781
            ],
            [
              6.1995716,
              45.9149756
            ],
            [
              6.1995626,
              45.9150933
            ],
            [
              6.1995444,
              45.9153339
            ],
            [
              6.1995373,
              45.9155153
            ],
            [
              6.1995334,
              45.9155678
            ],
            [
              6.199523,
              45.9156835
            ],
            [
              6.1995247,
              45.9158207
            ],
            [
              6.1995326,
              45.9159364
            ],
            [
              6.1995549,
              45.9161714
            ],
            [
              6.1995669,
              45.916357
            ],
            [
              6.1995845,
              45.9165878
            ],
            [
              6.1996061,
              45.9168744
            ],
            [
              6.1996251,
              45.9171069
            ],
            [
              6.1996404,
              45.9173944
            ],
            [
              6.199633,
              45.917528
            ],
            [
              6.1996309,
              45.9176223
            ],
            [
              6.1996289,
              45.9177078
            ],
            [
              6.1996137,
              45.9179558
            ],
            [
              6.1996088,
              45.9179802
            ],
            [
              6.1995809,
              45.918096
            ],
            [
              6.1995653,
              45.9181534
            ],
            [
              6.1995495,
              45.9182072
            ],
            [
              6.1994808,
              45.9183674
            ],
            [
              6.1994156,
              45.9184917
            ],
            [
              6.1993473,
              45.9185938
            ],
            [
              6.1992782,
              45.9186924
            ],
            [
              6.1991937,
              45.9187659
            ],
            [
              6.1990382,
              45.9188492
            ],
            [
              6.1988748,
              45.9188941
            ],
            [
              6.1987925,
              45.9189068
            ],
            [
              6.1987225,
              45.9189025
            ],
            [
              6.1985883,
              45.9188665
            ],
            [
              6.1984421,
              45.9187953
            ],
            [
              6.1983014,
              45.9187213
            ],
            [
              6.1982285,
              45.9186887
            ],
            [
              6.1981509,
              45.9186621
            ],
            [
              6.1980721,
              45.9186367
            ],
            [
              6.1979741,
              45.9186276
            ],
            [
              6.1978102,
              45.9186091
            ],
            [
              6.1976585,
              45.9185955
            ],
            [
              6.1975057,
              45.9185847
            ],
            [
              6.1973937,
              45.918584
            ],
            [
              6.1973363,
              45.9185915
            ],
            [
              6.1972613,
              45.9186105
            ],
            [
              6.197226,
              45.9186637
            ],
            [
              6.1972125,
              45.9187136
            ],
            [
              6.1971519,
              45.9188505
            ],
            [
              6.1971174,
              45.91893
            ],
            [
              6.1970783,
              45.9190144
            ],
            [
              6.196952,
              45.9191247
            ],
            [
              6.196813,
              45.9192335
            ],
            [
              6.1967243,
              45.9193315
            ],
            [
              6.1965819,
              45.9194796
            ],
            [
              6.1964921,
              45.9195701
            ],
            [
              6.1963889,
              45.9196667
            ],
            [
              6.1962918,
              45.9197596
            ],
            [
              6.1961108,
              45.9199259
            ],
            [
              6.1959247,
              45.9200909
            ],
            [
              6.1957661,
              45.9202412
            ],
            [
              6.1956475,
              45.9203219
            ],
            [
              6.1955982,
              45.9203509
            ],
            [
              6.1954994,
              45.9204038
            ],
            [
              6.1954158,
              45.9204366
            ],
            [
              6.1953508,
              45.9204557
            ],
            [
              6.1952221,
              45.9204916
            ],
            [
              6.1950899,
              45.9204991
            ],
            [
              6.1949942,
              45.9204974
            ],
            [
              6.1948752,
              45.9204844
            ],
            [
              6.1947011,
              45.9204638
            ],
            [
              6.1945488,
              45.9204402
            ],
            [
              6.1943739,
              45.9204163
            ],
            [
              6.1941966,
              45.9203946
            ],
            [
              6.1940768,
              45.9203997
            ],
            [
              6.1939916,
              45.9204051
            ],
            [
              6.1938051,
              45.9204314
            ],
            [
              6.1936167,
              45.920458
            ],
            [
              6.1935302,
              45.9204737
            ],
            [
              6.1933507,
              45.9205351
            ],
            [
              6.1933199,
              45.9205671
            ],
            [
              6.193176,
              45.920459
            ],
            [
              6.1932053,
              45.9204556
            ],
            [
              6.1932388,
              45.9204469
            ],
            [
              6.1933503,
              45.9204076
            ],
            [
              6.1933929,
              45.9203937
            ],
            [
              6.1934394,
              45.9203823
            ],
            [
              6.1934819,
              45.920366
            ],
            [
              6.1935113,
              45.9203527
            ],
            [
              6.1935295,
              45.9203312
            ],
            [
              6.1935466,
              45.9203105
            ],
            [
              6.1935705,
              45.9202894
            ],
            [
              6.1937093,
              45.9202529
            ],
            [
              6.1937967,
              45.9202306
            ],
            [
              6.1938354,
              45.9202265
            ],
            [
              6.1938729,
              45.9202228
            ],
            [
              6.1939198,
              45.9202289
            ],
            [
              6.1939877,
              45.9202398
            ],
            [
              6.1940804,
              45.9202108
            ],
            [
              6.194143,
              45.920217
            ],
            [
              6.1941917,
              45.9202216
            ],
            [
              6.1942049,
              45.9202212
            ],
            [
              6.1942224,
              45.9202201
            ],
            [
              6.1942898,
              45.9201996
            ],
            [
              6.1943896,
              45.9202291
            ],
            [
              6.194471,
              45.9202562
            ],
            [
              6.194584,
              45.9202963
            ],
            [
              6.1946884,
              45.9203298
            ],
            [
              6.1947856,
              45.9203582
            ],
            [
              6.1948712,
              45.9203819
            ],
            [
              6.1950103,
              45.9204169
            ],
            [
              6.1950651,
              45.920429
            ],
            [
              6.1951049,
              45.9204219
            ],
            [
              6.1951608,
              45.9204088
            ],
            [
              6.1952358,
              45.9203803
            ],
            [
              6.1953135,
              45.9203429
            ],
            [
              6.1954153,
              45.9202869
            ],
            [
              6.1955056,
              45.9202382
            ],
            [
              6.1955182,
              45.9202271
            ],
            [
              6.1956086,
              45.9201597
            ],
            [
              6.1956689,
              45.9201144
            ],
            [
              6.1957583,
              45.9200508
            ],
            [
              6.195794,
              45.9200267
            ],
            [
              6.1958033,
              45.9200134
            ],
            [
              6.1959311,
              45.9198957
            ],
            [
              6.1960643,
              45.9197728
            ],
            [
              6.196164,
              45.9196813
            ],
            [
              6.1962092,
              45.9196368
            ],
            [
              6.1962793,
              45.9195651
            ],
            [
              6.1964027,
              45.9194363
            ],
            [
              6.1965233,
              45.9193137
            ],
            [
              6.1965689,
              45.919265
            ],
            [
              6.1965764,
              45.9192535
            ],
            [
              6.1965774,
              45.9192481
            ],
            [
              6.1965837,
              45.9192376
            ],
            [
              6.1965794,
              45.9192069
            ],
            [
              6.1965796,
              45.9191879
            ],
            [
              6.1965821,
              45.9191766
            ],
            [
              6.1965926,
              45.9191514
            ],
            [
              6.1966367,
              45.9190873
            ],
            [
              6.1966651,
              45.9190467
            ],
            [
              6.1966892,
              45.9190173
            ],
            [
              6.196718,
              45.9189922
            ],
            [
              6.1967489,
              45.9189721
            ],
            [
              6.1967726,
              45.9189586
            ],
            [
              6.1967896,
              45.9189371
            ],
            [
              6.196807,
              45.9189117
            ],
            [
              6.1968235,
              45.9188917
            ],
            [
              6.1969085,
              45.9188831
            ],
            [
              6.1969267,
              45.9188719
            ],
            [
              6.1969427,
              45.9188552
            ],
            [
              6.196944,
              45.9188338
            ],
            [
              6.1969444,
              45.9188183
            ],
            [
              6.1969841,
              45.9187983
            ],
            [
              6.19701,
              45.9187791
            ],
            [
              6.1970166,
              45.9187627
            ],
            [
              6.1970238,
              45.9187453
            ],
            [
              6.197018,
              45.9187205
            ],
            [
              6.1969546,
              45.9186574
            ],
            [
              6.1969856,
              45.9186165
            ],
            [
              6.1970115,
              45.9185855
            ],
            [
              6.1970335,
              45.9185647
            ],
            [
              6.1970658,
              45.9185469
            ],
            [
              6.1971167,
              45.9185233
            ],
            [
              6.1971725,
              45.9184986
            ],
            [
              6.1972024,
              45.9184835
            ],
            [
              6.1972219,
              45.9184498
            ],
            [
              6.1973125,
              45.9184514
            ],
            [
              6.1973995,
              45.9184546
            ],
            [
              6.1974784,
              45.9184609
            ],
            [
              6.1975744,
              45.918468
            ],
            [
              6.1976297,
              45.918489
            ],
            [
              6.1976912,
              45.9184867
            ],
            [
              6.1977316,
              45.9184897
            ],
            [
              6.1977506,
              45.9184913
            ],
            [
              6.1977807,
              45.9184803
            ],
            [
              6.1978253,
              45.9184572
            ],
            [
              6.1978513,
              45.9184386
            ],
            [
              6.197867,
              45.9184171
            ],
            [
              6.1978844,
              45.9183802
            ],
            [
              6.1979093,
              45.9183653
            ],
            [
              6.1979619,
              45.9183499
            ],
            [
              6.1980322,
              45.9183378
            ],
            [
              6.1980839,
              45.9183292
            ],
            [
              6.1981115,
              45.918327
            ],
            [
              6.1981417,
              45.9183288
            ],
            [
              6.1981861,
              45.9183341
            ],
            [
              6.1982382,
              45.9183439
            ],
            [
              6.1982796,
              45.9183531
            ],
            [
              6.1983121,
              45.9183614
            ],
            [
              6.198346,
              45.9183809
            ],
            [
              6.198379,
              45.9184081
            ],
            [
              6.198411,
              45.9184401
            ],
            [
              6.1984356,
              45.9184738
            ],
            [
              6.1984793,
              45.9185669
            ],
            [
              6.1985494,
              45.9187143
            ],
            [
              6.1985745,
              45.9187575
            ],
            [
              6.1986263,
              45.9187946
            ],
            [
              6.19866,
              45.9188123
            ],
            [
              6.1986944,
              45.9188194
            ],
            [
              6.1987385,
              45.9188211
            ],
            [
              6.1987942,
              45.9188166
            ],
            [
              6.1988503,
              45.9188076
            ],
            [
              6.1989021,
              45.9188011
            ],
            [
              6.1989426,
              45.9187834
            ],
            [
              6.1989839,
              45.9187698
            ],
            [
              6.1990204,
              45.9187486
            ],
            [
              6.1990613,
              45.9187148
            ],
            [
              6.1990927,
              45.9186822
            ],
            [
              6.1991274,
              45.9186409
            ],
            [
              6.1991782,
              45.9185719
            ],
            [
              6.1992144,
              45.918514
            ],
            [
              6.1992536,
              45.9184405
            ],
            [
              6.1993022,
              45.9183452
            ],
            [
              6.1993382,
              45.9182721
            ],
            [
              6.1993563,
              45.9182263
            ],
            [
              6.1993714,
              45.9181825
            ],
            [
              6.1993877,
              45.9181272
            ],
            [
              6.1993925,
              45.91809
            ],
            [
              6.1993887,
              45.918046
            ],
            [
              6.199387,
              45.9179947
            ],
            [
              6.1993953,
              45.9179085
            ],
            [
              6.1993961,
              45.9178139
            ],
            [
              6.1993997,
              45.9177679
            ],
            [
              6.1993857,
              45.9176983
            ],
            [
              6.1993759,
              45.9176375
            ],
            [
              6.1993651,
              45.9175708
            ],
            [
              6.1993605,
              45.9174586
            ],
            [
              6.1993643,
              45.9174039
            ],
            [
              6.1993729,
              45.9173236
            ],
            [
              6.1993557,
              45.9172657
            ],
            [
              6.1993396,
              45.9172036
            ],
            [
              6.1993308,
              45.9171603
            ],
            [
              6.19933,
              45.9170802
            ]
          ],
          [
            [
              6.1993671,
              45.9094773
            ],
            [
              6.1993564,
              45.9095612
            ],
            [
              6.1993394,
              45.9096439
            ],
            [
              6.199336,
              45.9097254
            ],
            [
              6.1993469,
              45.909873
            ],
            [
              6.1993433,
              45.910008
            ],
            [
              6.1993523,
              45.9101011
            ],
            [
              6.1994,
              45.9102354
            ],
            [
              6.1994634,
              45.9100146
            ],
            [
              6.199499,
              45.9099116
            ],
            [
              6.199537,
              45.9098079
            ],
            [
              6.1995712,
              45.9097127
            ],
            [
              6.1996028,
              45.9096291
            ],
            [
              6.199637,
              45.9095244
            ],
            [
              6.199673,
              45.9094294
            ],
            [
              6.1997013,
              45.9093639
            ],
            [
              6.1997131,
              45.909339
            ],
            [
              6.1998036,
              45.9088448
            ],
            [
              6.1995812,
              45.9089847
            ],
            [
              6.1994811,
              45.9091652
            ],
            [
              6.1994002,
              45.9093499
            ],
            [
              6.1993671,
              45.9094773
            ]
          ]
        ]
      }
    },
    {
      "type": "Feature",
      "properties": {
        "fid": 2,
        "id": 1767904,
        "description": null,
        "layer": null,
        "name:es": null,
        "tourism": null,
        "note": null,
        "wetland": null,
        "name:nl": null,
        "amenity": null,
        "ele": null,
        "golf": null,
        "swimming": null,
        "boat": "no",
        "landuse": null,
        "wheelchair": null,
        "artist_name": null,
        "intermittent": "no",
        "type": "multipolygon",
        "basin": null,
        "wikimedia_commons": null,
        "toilets:wheelchair": null,
        "wikidata": null,
        "source": null,
        "drinking_water": null,
        "level": null,
        "fountain": null,
        "tidal": "no",
        "salt": null,
        "artwork_type": null,
        "name:en": null,
        "wikipedia": null,
        "water": "river",
        "name": null,
        "natural": "water",
        "name:de": null,
        "name:it": null,
        "surface": null,
        "website": null
      },
      "geometry": {
        "type": "Polygon",
        "coordinates": [
          [
            [
              6.1237597,
              45.8988692
            ],
            [
              6.1237595,
              45.8988544
            ],
            [
              6.1237588,
              45.8988384
            ],
            [
              6.1237152,
              45.898845
            ],
            [
              6.123663,
              45.8988551
            ],
            [
              6.1235443,
              45.898875
            ],
            [
              6.1234008,
              45.8988758
            ],
            [
              6.1230609,
              45.8987615
            ],
            [
              6.1230065,
              45.8987295
            ],
            [
              6.1228154,
              45.898661
            ],
            [
              6.1227983,
              45.8986417
            ],
            [
              6.1227935,
              45.8986089
            ],
            [
              6.1226931,
              45.8985784
            ],
            [
              6.1223905,
              45.8984942
            ],
            [
              6.1221744,
              45.8984247
            ],
            [
              6.1222179,
              45.898322
            ],
            [
              6.1222016,
              45.8982861
            ],
            [
              6.1221777,
              45.8982641
            ],
            [
              6.1221601,
              45.8982232
            ],
            [
              6.1218456,
              45.8981405
            ],
            [
              6.121788,
              45.898172
            ],
            [
              6.1216722,
              45.8981652
            ],
            [
              6.1213848,
              45.8981251
            ],
            [
              6.121275,
              45.8981133
            ],
            [
              6.1211971,
              45.8981173
            ],
            [
              6.1211053,
              45.8981245
            ],
            [
              6.1209978,
              45.8981452
            ],
            [
              6.120888,
              45.8981761
            ],
            [
              6.1208025,
              45.8982054
            ],
            [
              6.1207674,
              45.8982285
            ],
            [
              6.120729,
              45.8982435
            ],
            [
              6.1206901,
              45.8982537
            ],
            [
              6.1206072,
              45.8982601
            ],
            [
              6.1205025,
              45.8982561
            ],
            [
              6.1203808,
              45.8982454
            ],
            [
              6.1202728,
              45.8982275
            ],
            [
              6.1201122,
              45.8981969
            ],
            [
              6.1199482,
              45.8981538
            ],
            [
              6.1198183,
              45.8981187
            ],
            [
              6.1197132,
              45.8980822
            ],
            [
              6.1196298,
              45.8980489
            ],
            [
              6.119539,
              45.8979989
            ],
            [
              6.1195189,
              45.8979761
            ],
            [
              6.1195175,
              45.8979751
            ],
            [
              6.1194753,
              45.8979473
            ],
            [
              6.119416,
              45.8979082
            ],
            [
              6.1193835,
              45.8978867
            ],
            [
              6.1193671,
              45.8978758
            ],
            [
              6.1193381,
              45.8978616
            ],
            [
              6.1190955,
              45.897687
            ],
            [
              6.1186709,
              45.8973176
            ],
            [
              6.1186133,
              45.8972657
            ],
            [
              6.118464,
              45.8970852
            ],
            [
              6.1183954,
              45.8970171
            ],
            [
              6.118325,
              45.8969621
            ],
            [
              6.1182331,
              45.8969058
            ],
            [
              6.1181431,
              45.8968668
            ],
            [
              6.1180434,
              45.8968375
            ],
            [
              6.1179306,
              45.8968157
            ],
            [
              6.1177908,
              45.8968021
            ],
            [
              6.1176437,
              45.8967967
            ],
            [
              6.1174454,
              45.8967992
            ],
            [
              6.1172999,
              45.8968126
            ],
            [
              6.1170757,
              45.8968462
            ],
            [
              6.1168959,
              45.8968775
            ],
            [
              6.1167454,
              45.8969144
            ],
            [
              6.1166609,
              45.896938
            ],
            [
              6.1165946,
              45.8971904
            ],
            [
              6.1167073,
              45.8971606
            ],
            [
              6.1167797,
              45.897141
            ],
            [
              6.1168548,
              45.8971243
            ],
            [
              6.1169186,
              45.8971131
            ],
            [
              6.1170532,
              45.8970947
            ],
            [
              6.1172766,
              45.8970621
            ],
            [
              6.1176174,
              45.8970347
            ],
            [
              6.1178149,
              45.8970326
            ],
            [
              6.1179345,
              45.8970514
            ],
            [
              6.1179837,
              45.8970606
            ],
            [
              6.1180165,
              45.8970706
            ],
            [
              6.1180566,
              45.897081
            ],
            [
              6.1181492,
              45.8971327
            ],
            [
              6.118259,
              45.8972275
            ],
            [
              6.1184564,
              45.8974907
            ],
            [
              6.1186592,
              45.8976836
            ],
            [
              6.1187919,
              45.8977748
            ],
            [
              6.1191085,
              45.8979844
            ],
            [
              6.119168,
              45.8980219
            ],
            [
              6.1191834,
              45.8980321
            ],
            [
              6.1192153,
              45.8980532
            ],
            [
              6.1192794,
              45.8980954
            ],
            [
              6.1193181,
              45.898121
            ],
            [
              6.1193198,
              45.8981221
            ],
            [
              6.1193386,
              45.8981293
            ],
            [
              6.1194288,
              45.8981771
            ],
            [
              6.1195535,
              45.8982328
            ],
            [
              6.1196822,
              45.8982843
            ],
            [
              6.1198435,
              45.898332
            ],
            [
              6.1206946,
              45.8985703
            ],
            [
              6.1208248,
              45.8985985
            ],
            [
              6.1210158,
              45.8986271
            ],
            [
              6.1212756,
              45.8986519
            ],
            [
              6.1216963,
              45.8986907
            ],
            [
              6.12171,
              45.8986593
            ],
            [
              6.1219764,
              45.8986877
            ],
            [
              6.1220557,
              45.8986966
            ],
            [
              6.1221125,
              45.8987099
            ],
            [
              6.1221969,
              45.8987296
            ],
            [
              6.122277,
              45.8987484
            ],
            [
              6.1227004,
              45.8989272
            ],
            [
              6.1227236,
              45.8989002
            ],
            [
              6.1229622,
              45.8990036
            ],
            [
              6.1229696,
              45.8989935
            ],
            [
              6.1230076,
              45.8990076
            ],
            [
              6.1231418,
              45.8990963
            ],
            [
              6.1231963,
              45.8991306
            ],
            [
              6.1232085,
              45.8991205
            ],
            [
              6.1232205,
              45.8991302
            ],
            [
              6.1233167,
              45.8991833
            ],
            [
              6.123311,
              45.8992369
            ],
            [
              6.1235074,
              45.8993263
            ],
            [
              6.1236442,
              45.8993871
            ],
            [
              6.12368,
              45.8993086
            ],
            [
              6.1233372,
              45.8991145
            ],
            [
              6.1233278,
              45.8990841
            ],
            [
              6.123338,
              45.8989967
            ],
            [
              6.1237423,
              45.8990168
            ],
            [
              6.1237618,
              45.899006
            ],
            [
              6.123917,
              45.8990113
            ],
            [
              6.1239368,
              45.8989955
            ],
            [
              6.1239677,
              45.8990048
            ],
            [
              6.1239735,
              45.8989999
            ],
            [
              6.1239908,
              45.8989854
            ],
            [
              6.1240145,
              45.8989732
            ],
            [
              6.1240307,
              45.8989682
            ],
            [
              6.1240537,
              45.8989646
            ],
            [
              6.124184,
              45.8989479
            ],
            [
              6.1245073,
              45.8989018
            ],
            [
              6.1249529,
              45.8988403
            ],
            [
              6.1250045,
              45.8988327
            ],
            [
              6.1253659,
              45.8987836
            ],
            [
              6.1258186,
              45.8987199
            ],
            [
              6.1258609,
              45.8987139
            ],
            [
              6.1259198,
              45.8987068
            ],
            [
              6.1259336,
              45.8987051
            ],
            [
              6.1262237,
              45.8987039
            ],
            [
              6.1263459,
              45.8987142
            ],
            [
              6.1266317,
              45.8987489
            ],
            [
              6.1266669,
              45.8987457
            ],
            [
              6.1266778,
              45.8987476
            ],
            [
              6.1266862,
              45.8987491
            ],
            [
              6.1267028,
              45.8987521
            ],
            [
              6.1267244,
              45.8987671
            ],
            [
              6.1267393,
              45.8987695
            ],
            [
              6.1269671,
              45.8987615
            ],
            [
              6.1272897,
              45.8987235
            ],
            [
              6.1275716,
              45.8986391
            ],
            [
              6.1276004,
              45.8986317
            ],
            [
              6.1278109,
              45.8985731
            ],
            [
              6.1278545,
              45.8985608
            ],
            [
              6.1278838,
              45.8985392
            ],
            [
              6.1280426,
              45.8984772
            ],
            [
              6.1281092,
              45.8984659
            ],
            [
              6.1281199,
              45.8984764
            ],
            [
              6.1282671,
              45.8984405
            ],
            [
              6.1283687,
              45.8984242
            ],
            [
              6.1283675,
              45.8984108
            ],
            [
              6.1284115,
              45.8984094
            ],
            [
              6.1284542,
              45.8984066
            ],
            [
              6.1285206,
              45.8984023
            ],
            [
              6.1285763,
              45.8983986
            ],
            [
              6.1286257,
              45.8983983
            ],
            [
              6.1286265,
              45.8984149
            ],
            [
              6.1288985,
              45.898417
            ],
            [
              6.1290239,
              45.8984142
            ],
            [
              6.1291554,
              45.8984113
            ],
            [
              6.1300512,
              45.8984065
            ],
            [
              6.1307482,
              45.8984028
            ],
            [
              6.1313205,
              45.8983997
            ],
            [
              6.1313383,
              45.8982612
            ],
            [
              6.1313617,
              45.8981127
            ],
            [
              6.1292616,
              45.8981111
            ],
            [
              6.1291671,
              45.898127
            ],
            [
              6.1290388,
              45.8981399
            ],
            [
              6.128906,
              45.8981534
            ],
            [
              6.1281273,
              45.8982867
            ],
            [
              6.127943,
              45.8983601
            ],
            [
              6.1277925,
              45.8984204
            ],
            [
              6.1277505,
              45.8984373
            ],
            [
              6.1277127,
              45.8984502
            ],
            [
              6.1274912,
              45.8984842
            ],
            [
              6.127209,
              45.8984387
            ],
            [
              6.1269694,
              45.8984263
            ],
            [
              6.1268229,
              45.8984322
            ],
            [
              6.1267887,
              45.8984438
            ],
            [
              6.1267557,
              45.8984552
            ],
            [
              6.1266877,
              45.8984763
            ],
            [
              6.1266221,
              45.8984949
            ],
            [
              6.1265106,
              45.8985334
            ],
            [
              6.1265115,
              45.8985433
            ],
            [
              6.1264509,
              45.8985599
            ],
            [
              6.1263974,
              45.8985692
            ],
            [
              6.1263431,
              45.8985678
            ],
            [
              6.1262723,
              45.8985747
            ],
            [
              6.1261438,
              45.8985769
            ],
            [
              6.1260838,
              45.8985771
            ],
            [
              6.1260829,
              45.8985852
            ],
            [
              6.1260596,
              45.8985851
            ],
            [
              6.1260588,
              45.8985765
            ],
            [
              6.1260262,
              45.8985761
            ],
            [
              6.1259891,
              45.8985751
            ],
            [
              6.1259094,
              45.8985737
            ],
            [
              6.1258318,
              45.8985722
            ],
            [
              6.1257805,
              45.8985972
            ],
            [
              6.1257409,
              45.8986069
            ],
            [
              6.1256942,
              45.8986196
            ],
            [
              6.1256814,
              45.8986016
            ],
            [
              6.1255835,
              45.8986285
            ],
            [
              6.1255737,
              45.8986109
            ],
            [
              6.1255475,
              45.8986184
            ],
            [
              6.1254848,
              45.8986366
            ],
            [
              6.1254039,
              45.8986613
            ],
            [
              6.1253836,
              45.8986668
            ],
            [
              6.1252549,
              45.8986967
            ],
            [
              6.1252445,
              45.8986814
            ],
            [
              6.1251386,
              45.8987044
            ],
            [
              6.125044,
              45.8987186
            ],
            [
              6.1249569,
              45.8987317
            ],
            [
              6.1249263,
              45.8987327
            ],
            [
              6.1248999,
              45.8987344
            ],
            [
              6.1247309,
              45.8987599
            ],
            [
              6.1246221,
              45.8987708
            ],
            [
              6.124512,
              45.8987872
            ],
            [
              6.1243959,
              45.8987944
            ],
            [
              6.1243075,
              45.8988003
            ],
            [
              6.1243026,
              45.8988278
            ],
            [
              6.1242933,
              45.8988851
            ],
            [
              6.1241671,
              45.8989
            ],
            [
              6.1241661,
              45.8989043
            ],
            [
              6.1241449,
              45.8989048
            ],
            [
              6.1239962,
              45.8989073
            ],
            [
              6.1238419,
              45.8989089
            ],
            [
              6.123719,
              45.8989092
            ],
            [
              6.1237189,
              45.8989008
            ],
            [
              6.1237601,
              45.8989005
            ],
            [
              6.1237598,
              45.8988876
            ],
            [
              6.1237597,
              45.8988788
            ],
            [
              6.1237229,
              45.8988791
            ],
            [
              6.1237189,
              45.8988774
            ],
            [
              6.1237189,
              45.8988714
            ],
            [
              6.1237226,
              45.8988693
            ],
            [
              6.1237597,
              45.8988692
            ]
          ],
          [
            [
              6.1264899,
              45.8986241
            ],
            [
              6.1265078,
              45.8986062
            ],
            [
              6.1265219,
              45.8985921
            ],
            [
              6.1265585,
              45.8985555
            ],
            [
              6.1266553,
              45.8985234
            ],
            [
              6.1267188,
              45.898508
            ],
            [
              6.1267722,
              45.8984949
            ],
            [
              6.1268045,
              45.8984914
            ],
            [
              6.1268318,
              45.8984901
            ],
            [
              6.1269723,
              45.8984833
            ],
            [
              6.1271546,
              45.898491
            ],
            [
              6.1272867,
              45.8985003
            ],
            [
              6.1274167,
              45.8985287
            ],
            [
              6.1274244,
              45.8985304
            ],
            [
              6.1273056,
              45.8985923
            ],
            [
              6.1272203,
              45.8986192
            ],
            [
              6.1270347,
              45.8986609
            ],
            [
              6.1268111,
              45.8986693
            ],
            [
              6.126723,
              45.8986737
            ],
            [
              6.1267242,
              45.89867
            ],
            [
              6.1267138,
              45.8986685
            ],
            [
              6.1267018,
              45.8986667
            ],
            [
              6.1265441,
              45.8986434
            ],
            [
              6.1264899,
              45.8986241
            ]
          ],
          [
            [
              6.1220123,
              45.8984613
            ],
            [
              6.122012,
              45.898472
            ],
            [
              6.1220626,
              45.898502
            ],
            [
              6.1220677,
              45.8985258
            ],
            [
              6.1220652,
              45.8985487
            ],
            [
              6.1221101,
              45.8985745
            ],
            [
              6.1220727,
              45.8986598
            ],
            [
              6.1219878,
              45.8986513
            ],
            [
              6.1216473,
              45.8986138
            ],
            [
              6.1212944,
              45.8985734
            ],
            [
              6.1212588,
              45.8985695
            ],
            [
              6.121039,
              45.8985451
            ],
            [
              6.1208469,
              45.8985109
            ],
            [
              6.1206633,
              45.8984343
            ],
            [
              6.1206576,
              45.8984223
            ],
            [
              6.1206633,
              45.898403
            ],
            [
              6.12068,
              45.8983909
            ],
            [
              6.1206941,
              45.8983806
            ],
            [
              6.1207957,
              45.8983605
            ],
            [
              6.120825,
              45.8983423
            ],
            [
              6.1208662,
              45.8983229
            ],
            [
              6.1209162,
              45.8983095
            ],
            [
              6.1209769,
              45.8983007
            ],
            [
              6.1210315,
              45.8982996
            ],
            [
              6.1210356,
              45.8982995
            ],
            [
              6.1215431,
              45.8983569
            ],
            [
              6.121605,
              45.8983698
            ],
            [
              6.1216526,
              45.8983797
            ],
            [
              6.1217945,
              45.8984183
            ],
            [
              6.1218041,
              45.8984073
            ],
            [
              6.1218082,
              45.8984078
            ],
            [
              6.1219205,
              45.8984399
            ],
            [
              6.1219241,
              45.898435
            ],
            [
              6.1219935,
              45.898455
            ],
            [
              6.1220123,
              45.8984613
            ]
          ],
          [
            [
              6.1220163,
              45.8984217
            ],
            [
              6.1220336,
              45.8983965
            ],
            [
              6.1218957,
              45.8983537
            ],
            [
              6.1218995,
              45.8983458
            ],
            [
              6.1220333,
              45.898389
            ],
            [
              6.1220669,
              45.8984095
            ],
            [
              6.1220635,
              45.8984159
            ],
            [
              6.1220577,
              45.8984242
            ],
            [
              6.1220423,
              45.8984157
            ],
            [
              6.1220123,
              45.8984613
            ],
            [
              6.1219935,
              45.898455
            ],
            [
              6.1220115,
              45.8984288
            ],
            [
              6.1219409,
              45.898408
            ],
            [
              6.1219459,
              45.8984005
            ],
            [
              6.1220163,
              45.8984217
            ]
          ]
        ]
      }
    },
    {
      "type": "Feature",
      "properties": {
        "fid": 3,
        "id": 2390533,
        "description": null,
        "layer": null,
        "name:es": "Lago de Annecy",
        "tourism": null,
        "note": null,
        "wetland": null,
        "name:nl": "Meer van Annecy",
        "amenity": null,
        "ele": "447",
        "golf": null,
        "swimming": "yes",
        "boat": null,
        "landuse": null,
        "wheelchair": null,
        "artist_name": null,
        "intermittent": null,
        "type": "multipolygon",
        "basin": null,
        "wikimedia_commons": null,
        "toilets:wheelchair": null,
        "wikidata": "Q576704",
        "source": null,
        "drinking_water": null,
        "level": null,
        "fountain": null,
        "tidal": "no",
        "salt": "no",
        "artwork_type": null,
        "name:en": "Lake Annecy",
        "wikipedia": "fr:Lac d'Annecy",
        "water": "lake",
        "name": "Lac d'Annecy",
        "natural": "water",
        "name:de": "See von Annecy",
        "name:it": "Lago di Annecy",
        "surface": null,
        "website": null
      },
      "geometry": {
        "type": "Polygon",
        "coordinates": [
          [
            [
              6.193371,
              45.8415675
            ],
            [
              6.1937804,
              45.8415664
            ],
            [
              6.1940348,
              45.8415287
            ],
            [
              6.1942233,
              45.8414597
            ],
            [
              6.1943184,
              45.8414761
            ],
            [
              6.1943013,
              45.8415729
            ],
            [
              6.1943575,
              45.8416436
            ],
            [
              6.1946408,
              45.8415575
            ],
            [
              6.1948278,
              45.8415198
            ],
            [
              6.1954246,
              45.8414462
            ],
            [
              6.196239,
              45.8412044
            ],
            [
              6.1973097,
              45.8409985
            ],
            [
              6.1993339,
              45.8405078
            ],
            [
              6.1999701,
              45.8403565
            ],
            [
              6.2006641,
              45.8403402
            ],
            [
              6.2014953,
              45.8403901
            ],
            [
              6.2017525,
              45.8404648
            ],
            [
              6.2020496,
              45.840508
            ],
            [
              6.2022612,
              45.8406469
            ],
            [
              6.202671,
              45.8408535
            ],
            [
              6.2028344,
              45.8411076
            ],
            [
              6.203552,
              45.8413347
            ],
            [
              6.203772,
              45.84136
            ],
            [
              6.204301,
              45.8415979
            ],
            [
              6.2048125,
              45.8418048
            ],
            [
              6.2052688,
              45.8417083
            ],
            [
              6.2061931,
              45.8420603
            ],
            [
              6.2062672,
              45.8420702
            ],
            [
              6.207091,
              45.8419967
            ],
            [
              6.2073882,
              45.8419837
            ],
            [
              6.2079047,
              45.8419784
            ],
            [
              6.2079483,
              45.8419651
            ],
            [
              6.2089801,
              45.8419271
            ],
            [
              6.209173,
              45.84192
            ],
            [
              6.2095896,
              45.8418722
            ],
            [
              6.2103626,
              45.8417193
            ],
            [
              6.2106871,
              45.8415995
            ],
            [
              6.2107457,
              45.8415555
            ],
            [
              6.2108447,
              45.8414755
            ],
            [
              6.2109479,
              45.8413359
            ],
            [
              6.2111257,
              45.8410123
            ],
            [
              6.2110768,
              45.8407917
            ],
            [
              6.2109108,
              45.8407947
            ],
            [
              6.2107909,
              45.8406975
            ],
            [
              6.2105467,
              45.8403095
            ],
            [
              6.210553,
              45.8402605
            ],
            [
              6.21057,
              45.8402451
            ],
            [
              6.2105958,
              45.8402217
            ],
            [
              6.210615,
              45.8402043
            ],
            [
              6.2107735,
              45.8401275
            ],
            [
              6.2108279,
              45.84001
            ],
            [
              6.2108008,
              45.8398722
            ],
            [
              6.2107074,
              45.8396919
            ],
            [
              6.2106036,
              45.839627
            ],
            [
              6.2104521,
              45.8395789
            ],
            [
              6.2102501,
              45.8395562
            ],
            [
              6.2099792,
              45.8395625
            ],
            [
              6.2099609,
              45.8395536
            ],
            [
              6.2099567,
              45.8395262
            ],
            [
              6.2099541,
              45.8395068
            ],
            [
              6.2099988,
              45.8394897
            ],
            [
              6.2100753,
              45.8393828
            ],
            [
              6.2101374,
              45.839228
            ],
            [
              6.2102322,
              45.8390048
            ],
            [
              6.2102896,
              45.8387869
            ],
            [
              6.2104476,
              45.8386415
            ],
            [
              6.2108586,
              45.8384012
            ],
            [
              6.2109734,
              45.838312
            ],
            [
              6.2110599,
              45.8382448
            ],
            [
              6.2111666,
              45.8380659
            ],
            [
              6.211196,
              45.8379884
            ],
            [
              6.2112825,
              45.8380041
            ],
            [
              6.2113331,
              45.8379654
            ],
            [
              6.2114313,
              45.8378867
            ],
            [
              6.2116412,
              45.8377263
            ],
            [
              6.2117158,
              45.8376728
            ],
            [
              6.2117305,
              45.8376631
            ],
            [
              6.2117377,
              45.8376576
            ],
            [
              6.2119569,
              45.8376189
            ],
            [
              6.2119706,
              45.8375892
            ],
            [
              6.2122212,
              45.8376385
            ],
            [
              6.2123833,
              45.8376446
            ],
            [
              6.2124372,
              45.8376457
            ],
            [
              6.2124642,
              45.8376712
            ],
            [
              6.212584,
              45.8376736
            ],
            [
              6.2127342,
              45.8376514
            ],
            [
              6.2128309,
              45.8376379
            ],
            [
              6.2129348,
              45.8376205
            ],
            [
              6.2130951,
              45.837552
            ],
            [
              6.2131334,
              45.8375109
            ],
            [
              6.2132034,
              45.8374358
            ],
            [
              6.2132999,
              45.8373401
            ],
            [
              6.2134658,
              45.8372029
            ],
            [
              6.2135226,
              45.8371638
            ],
            [
              6.2135188,
              45.8371163
            ],
            [
              6.2136109,
              45.8370272
            ],
            [
              6.21407,
              45.8367098
            ],
            [
              6.2141823,
              45.8367588
            ],
            [
              6.2144306,
              45.8367051
            ],
            [
              6.2144203,
              45.8366247
            ],
            [
              6.2144654,
              45.8366228
            ],
            [
              6.2144801,
              45.8366424
            ],
            [
              6.2149928,
              45.8365921
            ],
            [
              6.2152877,
              45.8365632
            ],
            [
              6.2157096,
              45.8365219
            ],
            [
              6.2161694,
              45.8364768
            ],
            [
              6.2167529,
              45.8363297
            ],
            [
              6.216913,
              45.8361551
            ],
            [
              6.2169544,
              45.83488
            ],
            [
              6.2170809,
              45.8343054
            ],
            [
              6.2171398,
              45.8336416
            ],
            [
              6.2172047,
              45.8335761
            ],
            [
              6.2173494,
              45.8333536
            ],
            [
              6.2176072,
              45.8332051
            ],
            [
              6.2178868,
              45.8330704
            ],
            [
              6.2181392,
              45.8329688
            ],
            [
              6.2184589,
              45.8328077
            ],
            [
              6.2185994,
              45.8327532
            ],
            [
              6.2190328,
              45.8325038
            ],
            [
              6.2191554,
              45.8323855
            ],
            [
              6.2193513,
              45.8322618
            ],
            [
              6.2195098,
              45.8320881
            ],
            [
              6.2196251,
              45.8319115
            ],
            [
              6.2198292,
              45.8315182
            ],
            [
              6.2198644,
              45.8313335
            ],
            [
              6.2198586,
              45.8310045
            ],
            [
              6.2197797,
              45.830738
            ],
            [
              6.2197001,
              45.8305603
            ],
            [
              6.2195218,
              45.8304385
            ],
            [
              6.219492,
              45.8304183
            ],
            [
              6.2194626,
              45.8303405
            ],
            [
              6.2194545,
              45.8303084
            ],
            [
              6.2194344,
              45.8302287
            ],
            [
              6.219407,
              45.8301205
            ],
            [
              6.2192582,
              45.829908
            ],
            [
              6.2190458,
              45.8294837
            ],
            [
              6.2190048,
              45.8294018
            ],
            [
              6.2189807,
              45.8293569
            ],
            [
              6.218773,
              45.8289686
            ],
            [
              6.2187029,
              45.8289487
            ],
            [
              6.2181212,
              45.8279514
            ],
            [
              6.218131,
              45.8279201
            ],
            [
              6.2181849,
              45.8276799
            ],
            [
              6.2182024,
              45.8276018
            ],
            [
              6.2182308,
              45.8274755
            ],
            [
              6.2182403,
              45.827433
            ],
            [
              6.218333,
              45.8272113
            ],
            [
              6.2183408,
              45.8271928
            ],
            [
              6.218373,
              45.8271919
            ],
            [
              6.2184146,
              45.827105
            ],
            [
              6.2184294,
              45.8269975
            ],
            [
              6.2184628,
              45.8268205
            ],
            [
              6.2184937,
              45.8267293
            ],
            [
              6.2186321,
              45.8265408
            ],
            [
              6.218674,
              45.8264881
            ],
            [
              6.2187465,
              45.8262524
            ],
            [
              6.2187566,
              45.8260826
            ],
            [
              6.2187356,
              45.8258996
            ],
            [
              6.218908,
              45.8255035
            ],
            [
              6.218922,
              45.8254675
            ],
            [
              6.2189391,
              45.8254503
            ],
            [
              6.2191027,
              45.8252854
            ],
            [
              6.2191871,
              45.8252004
            ],
            [
              6.2194557,
              45.8249569
            ],
            [
              6.2196121,
              45.8245459
            ],
            [
              6.2196163,
              45.8245348
            ],
            [
              6.2196337,
              45.8244892
            ],
            [
              6.2198496,
              45.8240123
            ],
            [
              6.2200427,
              45.823835
            ],
            [
              6.2201071,
              45.8237862
            ],
            [
              6.2202871,
              45.8236498
            ],
            [
              6.2207749,
              45.8234805
            ],
            [
              6.2209605,
              45.8234641
            ],
            [
              6.2210706,
              45.8234326
            ],
            [
              6.2211277,
              45.8234163
            ],
            [
              6.2211585,
              45.8234075
            ],
            [
              6.2212678,
              45.8233763
            ],
            [
              6.2214975,
              45.8232852
            ],
            [
              6.221685,
              45.8232372
            ],
            [
              6.2219012,
              45.8231723
            ],
            [
              6.2220097,
              45.8231676
            ],
            [
              6.2220404,
              45.8231704
            ],
            [
              6.2220881,
              45.8231747
            ],
            [
              6.2221525,
              45.8231713
            ],
            [
              6.222161,
              45.8231709
            ],
            [
              6.2222628,
              45.8232629
            ],
            [
              6.222412,
              45.8233436
            ],
            [
              6.2226533,
              45.8233793
            ],
            [
              6.223255,
              45.8233196
            ],
            [
              6.2232956,
              45.8233959
            ],
            [
              6.2242138,
              45.823287
            ],
            [
              6.2249329,
              45.8232018
            ],
            [
              6.2254554,
              45.823228
            ],
            [
              6.2255488,
              45.8232229
            ],
            [
              6.2256619,
              45.8232168
            ],
            [
              6.2256626,
              45.8232322
            ],
            [
              6.2257136,
              45.8232333
            ],
            [
              6.225748,
              45.8232341
            ],
            [
              6.2262228,
              45.8231623
            ],
            [
              6.2263247,
              45.8231469
            ],
            [
              6.2263588,
              45.8231417
            ],
            [
              6.2265645,
              45.8230822
            ],
            [
              6.226595,
              45.8230618
            ],
            [
              6.2268148,
              45.8229292
            ],
            [
              6.2268709,
              45.8228576
            ],
            [
              6.2269467,
              45.8227131
            ],
            [
              6.2269599,
              45.8225465
            ],
            [
              6.2269454,
              45.8224533
            ],
            [
              6.2268601,
              45.8224206
            ],
            [
              6.226812,
              45.8224021
            ],
            [
              6.2268036,
              45.8222908
            ],
            [
              6.2267996,
              45.8222373
            ],
            [
              6.2267259,
              45.8221379
            ],
            [
              6.2267207,
              45.8218317
            ],
            [
              6.2266718,
              45.821742
            ],
            [
              6.2266535,
              45.8216747
            ],
            [
              6.226651,
              45.8216196
            ],
            [
              6.2266579,
              45.8215441
            ],
            [
              6.2266683,
              45.8215077
            ],
            [
              6.2266912,
              45.8214523
            ],
            [
              6.2267174,
              45.8214126
            ],
            [
              6.2268515,
              45.8212596
            ],
            [
              6.227062,
              45.8209817
            ],
            [
              6.2271656,
              45.8208009
            ],
            [
              6.2272733,
              45.820721
            ],
            [
              6.2273524,
              45.8206948
            ],
            [
              6.227565,
              45.8205705
            ],
            [
              6.2277232,
              45.8204583
            ],
            [
              6.2278979,
              45.8203142
            ],
            [
              6.2279446,
              45.8201903
            ],
            [
              6.2281471,
              45.8200159
            ],
            [
              6.2281769,
              45.8199964
            ],
            [
              6.2282292,
              45.8199288
            ],
            [
              6.2282381,
              45.8198587
            ],
            [
              6.2282774,
              45.8197846
            ],
            [
              6.2283182,
              45.8197463
            ],
            [
              6.2284229,
              45.819667
            ],
            [
              6.2285641,
              45.8194223
            ],
            [
              6.228635,
              45.8192835
            ],
            [
              6.2286785,
              45.8191651
            ],
            [
              6.2286946,
              45.8190667
            ],
            [
              6.2287062,
              45.8188124
            ],
            [
              6.2287116,
              45.8186762
            ],
            [
              6.2287304,
              45.8186147
            ],
            [
              6.2287819,
              45.8185145
            ],
            [
              6.2290616,
              45.8180572
            ],
            [
              6.2291767,
              45.8178209
            ],
            [
              6.2291408,
              45.8175927
            ],
            [
              6.2291032,
              45.8174964
            ],
            [
              6.2289808,
              45.8172889
            ],
            [
              6.2289771,
              45.8171609
            ],
            [
              6.2289651,
              45.8170777
            ],
            [
              6.2289329,
              45.8168935
            ],
            [
              6.2289302,
              45.8168234
            ],
            [
              6.2289558,
              45.8167117
            ],
            [
              6.2289554,
              45.8163194
            ],
            [
              6.2289356,
              45.8162159
            ],
            [
              6.2289273,
              45.8161826
            ],
            [
              6.2288953,
              45.8161492
            ],
            [
              6.2287601,
              45.8160529
            ],
            [
              6.2287623,
              45.8160028
            ],
            [
              6.2287931,
              45.815979
            ],
            [
              6.2289132,
              45.8158863
            ],
            [
              6.229133,
              45.8157324
            ],
            [
              6.2293913,
              45.8154482
            ],
            [
              6.2295067,
              45.8153216
            ],
            [
              6.2296186,
              45.815187
            ],
            [
              6.2297299,
              45.814977
            ],
            [
              6.2298362,
              45.8147653
            ],
            [
              6.2298789,
              45.8147015
            ],
            [
              6.229928,
              45.8146419
            ],
            [
              6.2302268,
              45.814385
            ],
            [
              6.2304176,
              45.8141873
            ],
            [
              6.2305541,
              45.8140366
            ],
            [
              6.2305999,
              45.8139726
            ],
            [
              6.2306261,
              45.8139192
            ],
            [
              6.2306254,
              45.8138305
            ],
            [
              6.2306388,
              45.8137819
            ],
            [
              6.2306475,
              45.8137257
            ],
            [
              6.2306425,
              45.8136388
            ],
            [
              6.2306221,
              45.813556
            ],
            [
              6.2305926,
              45.8134934
            ],
            [
              6.2304809,
              45.8132456
            ],
            [
              6.2304883,
              45.8131789
            ],
            [
              6.2305469,
              45.8130383
            ],
            [
              6.2305616,
              45.8129613
            ],
            [
              6.2305704,
              45.812749
            ],
            [
              6.2305422,
              45.8126536
            ],
            [
              6.2305637,
              45.8125807
            ],
            [
              6.2306527,
              45.8124476
            ],
            [
              6.2306877,
              45.8123422
            ],
            [
              6.2307796,
              45.8121077
            ],
            [
              6.2308198,
              45.8120086
            ],
            [
              6.2308989,
              45.8118955
            ],
            [
              6.2309378,
              45.8118133
            ],
            [
              6.2310036,
              45.8116833
            ],
            [
              6.2310695,
              45.811479
            ],
            [
              6.2310898,
              45.8113434
            ],
            [
              6.2310986,
              45.8112326
            ],
            [
              6.2311332,
              45.8111082
            ],
            [
              6.2311591,
              45.810871
            ],
            [
              6.2312034,
              45.8106177
            ],
            [
              6.2312522,
              45.8104448
            ],
            [
              6.2313201,
              45.8102999
            ],
            [
              6.2313978,
              45.8101727
            ],
            [
              6.2314461,
              45.810054
            ],
            [
              6.231548,
              45.8097446
            ],
            [
              6.2315789,
              45.8096511
            ],
            [
              6.2316095,
              45.8095204
            ],
            [
              6.231592,
              45.8095037
            ],
            [
              6.2315708,
              45.8091295
            ],
            [
              6.2315293,
              45.8090117
            ],
            [
              6.2315148,
              45.8088717
            ],
            [
              6.2315505,
              45.8087556
            ],
            [
              6.2315601,
              45.8086097
            ],
            [
              6.2315762,
              45.8085527
            ],
            [
              6.2315789,
              45.8085317
            ],
            [
              6.2316051,
              45.8084852
            ],
            [
              6.2316191,
              45.8084611
            ],
            [
              6.2316446,
              45.8084294
            ],
            [
              6.2317115,
              45.8083517
            ],
            [
              6.2317465,
              45.8083246
            ],
            [
              6.2317937,
              45.8082878
            ],
            [
              6.2318364,
              45.8082629
            ],
            [
              6.2318726,
              45.8082227
            ],
            [
              6.2318927,
              45.8081853
            ],
            [
              6.2319142,
              45.8081675
            ],
            [
              6.2319289,
              45.8081498
            ],
            [
              6.2319463,
              45.8080572
            ],
            [
              6.2319611,
              45.8079759
            ],
            [
              6.2319235,
              45.8078581
            ],
            [
              6.2319048,
              45.8077226
            ],
            [
              6.2319061,
              45.8076777
            ],
            [
              6.2319142,
              45.8076412
            ],
            [
              6.2319541,
              45.807556
            ],
            [
              6.232024,
              45.807462
            ],
            [
              6.2320569,
              45.8073512
            ],
            [
              6.2320709,
              45.8073033
            ],
            [
              6.2320774,
              45.8072719
            ],
            [
              6.2320748,
              45.8072133
            ],
            [
              6.2320705,
              45.8071534
            ],
            [
              6.232059,
              45.8071017
            ],
            [
              6.2320173,
              45.8069988
            ],
            [
              6.2319999,
              45.8069322
            ],
            [
              6.2319638,
              45.8066989
            ],
            [
              6.2318917,
              45.8066865
            ],
            [
              6.2320201,
              45.8064156
            ],
            [
              6.2320697,
              45.8062193
            ],
            [
              6.2321006,
              45.8061576
            ],
            [
              6.232117,
              45.8060927
            ],
            [
              6.2321757,
              45.8060987
            ],
            [
              6.2321918,
              45.8060623
            ],
            [
              6.2321971,
              45.8060062
            ],
            [
              6.2321945,
              45.8059585
            ],
            [
              6.232181,
              45.8059061
            ],
            [
              6.2321529,
              45.8058482
            ],
            [
              6.2321207,
              45.8058014
            ],
            [
              6.2320094,
              45.8056808
            ],
            [
              6.2319343,
              45.8055939
            ],
            [
              6.2318726,
              45.8055041
            ],
            [
              6.2316956,
              45.8051779
            ],
            [
              6.2316513,
              45.8051152
            ],
            [
              6.2316352,
              45.8050713
            ],
            [
              6.2315674,
              45.8049239
            ],
            [
              6.2315644,
              45.804859
            ],
            [
              6.2315248,
              45.8047653
            ],
            [
              6.2314337,
              45.8046212
            ],
            [
              6.2306837,
              45.8038078
            ],
            [
              6.2302646,
              45.8033604
            ],
            [
              6.2301697,
              45.8032577
            ],
            [
              6.2300997,
              45.803162
            ],
            [
              6.2299951,
              45.8029892
            ],
            [
              6.2299508,
              45.8029402
            ],
            [
              6.2298743,
              45.8028831
            ],
            [
              6.2298226,
              45.8028332
            ],
            [
              6.2297634,
              45.8027373
            ],
            [
              6.2297578,
              45.8026764
            ],
            [
              6.2297681,
              45.8026549
            ],
            [
              6.2297643,
              45.8026367
            ],
            [
              6.2297531,
              45.8025883
            ],
            [
              6.2296632,
              45.8024621
            ],
            [
              6.229423,
              45.8020558
            ],
            [
              6.2293929,
              45.802001
            ],
            [
              6.2293446,
              45.8018907
            ],
            [
              6.229271,
              45.8017608
            ],
            [
              6.2292397,
              45.8017031
            ],
            [
              6.2290084,
              45.8014651
            ],
            [
              6.228968,
              45.8014146
            ],
            [
              6.2289415,
              45.8013568
            ],
            [
              6.2289245,
              45.8012802
            ],
            [
              6.2289164,
              45.801219
            ],
            [
              6.2289144,
              45.8011597
            ],
            [
              6.2289242,
              45.8011194
            ],
            [
              6.2289503,
              45.8010853
            ],
            [
              6.2289753,
              45.801062
            ],
            [
              6.2289922,
              45.8010145
            ],
            [
              6.2290003,
              45.8009579
            ],
            [
              6.2290147,
              45.8008127
            ],
            [
              6.2290347,
              45.8005243
            ],
            [
              6.2290224,
              45.8004541
            ],
            [
              6.2290165,
              45.8003752
            ],
            [
              6.2290217,
              45.8003015
            ],
            [
              6.2290556,
              45.8002285
            ],
            [
              6.2290576,
              45.8001658
            ],
            [
              6.2290972,
              45.800126
            ],
            [
              6.2291251,
              45.8000888
            ],
            [
              6.2291415,
              45.8000549
            ],
            [
              6.2291649,
              45.8000166
            ],
            [
              6.2291783,
              45.7999843
            ],
            [
              6.2292024,
              45.7999511
            ],
            [
              6.2292313,
              45.7999231
            ],
            [
              6.2292594,
              45.7999002
            ],
            [
              6.2292843,
              45.7998703
            ],
            [
              6.2293159,
              45.7998264
            ],
            [
              6.2293345,
              45.7997957
            ],
            [
              6.2294275,
              45.7996558
            ],
            [
              6.2295057,
              45.7995569
            ],
            [
              6.2297412,
              45.7993372
            ],
            [
              6.2298583,
              45.7992475
            ],
            [
              6.2301084,
              45.7990559
            ],
            [
              6.2301768,
              45.7990039
            ],
            [
              6.2302274,
              45.7989631
            ],
            [
              6.2302549,
              45.798983
            ],
            [
              6.2304728,
              45.7988459
            ],
            [
              6.2304905,
              45.7988175
            ],
            [
              6.2304908,
              45.7987922
            ],
            [
              6.2303695,
              45.7985273
            ],
            [
              6.2302669,
              45.7982779
            ],
            [
              6.2302622,
              45.7981317
            ],
            [
              6.2302068,
              45.7979898
            ],
            [
              6.2298823,
              45.7977064
            ],
            [
              6.2294304,
              45.7974196
            ],
            [
              6.2287771,
              45.7972303
            ],
            [
              6.2273947,
              45.7968658
            ],
            [
              6.2265644,
              45.7968723
            ],
            [
              6.2264599,
              45.7969026
            ],
            [
              6.2263674,
              45.7969942
            ],
            [
              6.2263566,
              45.7970859
            ],
            [
              6.2262788,
              45.7971176
            ],
            [
              6.2261957,
              45.797113
            ],
            [
              6.2261488,
              45.7970672
            ],
            [
              6.2260804,
              45.7970587
            ],
            [
              6.2259664,
              45.7970503
            ],
            [
              6.2259181,
              45.7969138
            ],
            [
              6.2259356,
              45.7968512
            ],
            [
              6.2257381,
              45.7968406
            ],
            [
              6.2256548,
              45.7968361
            ],
            [
              6.2254618,
              45.7967852
            ],
            [
              6.2252824,
              45.7965543
            ],
            [
              6.2248114,
              45.7960009
            ],
            [
              6.2242714,
              45.79568
            ],
            [
              6.2241066,
              45.7950818
            ],
            [
              6.2236337,
              45.7946544
            ],
            [
              6.2231149,
              45.7944915
            ],
            [
              6.222615,
              45.7943562
            ],
            [
              6.2224057,
              45.7943256
            ],
            [
              6.2222207,
              45.7943097
            ],
            [
              6.2219994,
              45.7943761
            ],
            [
              6.2217446,
              45.7944752
            ],
            [
              6.2215957,
              45.7945725
            ],
            [
              6.2215501,
              45.7946351
            ],
            [
              6.2215206,
              45.7946576
            ],
            [
              6.2214985,
              45.7946505
            ],
            [
              6.2214891,
              45.7946253
            ],
            [
              6.2214478,
              45.7946212
            ],
            [
              6.2213999,
              45.7946164
            ],
            [
              6.2214053,
              45.794665
            ],
            [
              6.2213691,
              45.7946641
            ],
            [
              6.2212665,
              45.7946052
            ],
            [
              6.2212329,
              45.7945374
            ],
            [
              6.2213147,
              45.7944345
            ],
            [
              6.2212316,
              45.794414
            ],
            [
              6.2212095,
              45.7943817
            ],
            [
              6.2211096,
              45.7943457
            ],
            [
              6.2210727,
              45.7942662
            ],
            [
              6.2211035,
              45.7942335
            ],
            [
              6.2211283,
              45.7942277
            ],
            [
              6.2209545,
              45.7941227
            ],
            [
              6.2209591,
              45.7940328
            ],
            [
              6.2210928,
              45.7938178
            ],
            [
              6.2209744,
              45.7937298
            ],
            [
              6.2206689,
              45.7934698
            ],
            [
              6.2205624,
              45.7934219
            ],
            [
              6.2203934,
              45.793348
            ],
            [
              6.2203968,
              45.793333
            ],
            [
              6.2203337,
              45.7933059
            ],
            [
              6.2202647,
              45.7932348
            ],
            [
              6.2201829,
              45.7931722
            ],
            [
              6.2199421,
              45.7930796
            ],
            [
              6.2198643,
              45.7930807
            ],
            [
              6.2197811,
              45.7930535
            ],
            [
              6.2195022,
              45.7930137
            ],
            [
              6.2193527,
              45.7929945
            ],
            [
              6.2193192,
              45.7929796
            ],
            [
              6.2192426,
              45.7930025
            ],
            [
              6.2192315,
              45.7929992
            ],
            [
              6.2192205,
              45.7930032
            ],
            [
              6.2192065,
              45.7930019
            ],
            [
              6.2191234,
              45.7929979
            ],
            [
              6.2190568,
              45.7931156
            ],
            [
              6.2187133,
              45.793087
            ],
            [
              6.2186192,
              45.7931387
            ],
            [
              6.2185789,
              45.7931402
            ],
            [
              6.2185855,
              45.7930974
            ],
            [
              6.2172064,
              45.7929955
            ],
            [
              6.2171337,
              45.7930724
            ],
            [
              6.2170413,
              45.7930672
            ],
            [
              6.2170269,
              45.7931575
            ],
            [
              6.2170091,
              45.7931944
            ],
            [
              6.2169877,
              45.7931986
            ],
            [
              6.2169615,
              45.793189
            ],
            [
              6.2169464,
              45.7931752
            ],
            [
              6.2169699,
              45.793113
            ],
            [
              6.2169733,
              45.7930841
            ],
            [
              6.2169753,
              45.792999
            ],
            [
              6.216936,
              45.7929305
            ],
            [
              6.216937,
              45.7929064
            ],
            [
              6.2169823,
              45.7928295
            ],
            [
              6.2169522,
              45.7928203
            ],
            [
              6.2169226,
              45.7928112
            ],
            [
              6.2168708,
              45.7928774
            ],
            [
              6.2165337,
              45.7928617
            ],
            [
              6.2157891,
              45.7928549
            ],
            [
              6.2157726,
              45.7928548
            ],
            [
              6.2152454,
              45.792928
            ],
            [
              6.2149024,
              45.7931775
            ],
            [
              6.214858,
              45.7932334
            ],
            [
              6.2149103,
              45.7933475
            ],
            [
              6.2149599,
              45.7935411
            ],
            [
              6.214917,
              45.7937028
            ],
            [
              6.2149133,
              45.7937244
            ],
            [
              6.2149173,
              45.793837
            ],
            [
              6.2148932,
              45.7938667
            ],
            [
              6.2148033,
              45.7939114
            ],
            [
              6.2146767,
              45.7939607
            ],
            [
              6.2145701,
              45.794016
            ],
            [
              6.2143558,
              45.7940546
            ],
            [
              6.2139507,
              45.7941276
            ],
            [
              6.2134774,
              45.7954668
            ],
            [
              6.2134383,
              45.7955774
            ],
            [
              6.2135011,
              45.7956442
            ],
            [
              6.2135341,
              45.7956554
            ],
            [
              6.2135251,
              45.7956765
            ],
            [
              6.2135161,
              45.7956959
            ],
            [
              6.2134495,
              45.7956834
            ],
            [
              6.2133552,
              45.7957115
            ],
            [
              6.2132486,
              45.7957757
            ],
            [
              6.2131807,
              45.7958167
            ],
            [
              6.213095,
              45.7967953
            ],
            [
              6.2131267,
              45.7969858
            ],
            [
              6.2133337,
              45.7973664
            ],
            [
              6.2129674,
              45.7975784
            ],
            [
              6.2130644,
              45.7983184
            ],
            [
              6.2130162,
              45.7986793
            ],
            [
              6.2127495,
              45.8003348
            ],
            [
              6.2127095,
              45.8007706
            ],
            [
              6.2126666,
              45.800996
            ],
            [
              6.2125563,
              45.8014805
            ],
            [
              6.2124963,
              45.8024264
            ],
            [
              6.21244,
              45.8026695
            ],
            [
              6.2124896,
              45.8027565
            ],
            [
              6.2123609,
              45.803094
            ],
            [
              6.2122589,
              45.8033754
            ],
            [
              6.2122093,
              45.8036596
            ],
            [
              6.2122241,
              45.8036811
            ],
            [
              6.2121275,
              45.8042663
            ],
            [
              6.2120967,
              45.8047403
            ],
            [
              6.2120605,
              45.8047413
            ],
            [
              6.2119411,
              45.8053845
            ],
            [
              6.211917,
              45.8053821
            ],
            [
              6.2118814,
              45.8055995
            ],
            [
              6.211872,
              45.8056691
            ],
            [
              6.2118868,
              45.8057047
            ],
            [
              6.2118988,
              45.8058673
            ],
            [
              6.2118465,
              45.8060819
            ],
            [
              6.2117627,
              45.8063264
            ],
            [
              6.2117513,
              45.806324
            ],
            [
              6.2116921,
              45.8064882
            ],
            [
              6.211636,
              45.806511
            ],
            [
              6.2115904,
              45.8065652
            ],
            [
              6.2115844,
              45.8066246
            ],
            [
              6.2115984,
              45.8066596
            ],
            [
              6.2116179,
              45.8066732
            ],
            [
              6.2116387,
              45.8066821
            ],
            [
              6.2115738,
              45.8068462
            ],
            [
              6.2109657,
              45.8086877
            ],
            [
              6.2110632,
              45.8087133
            ],
            [
              6.210867,
              45.8098787
            ],
            [
              6.2109636,
              45.8099434
            ],
            [
              6.2107224,
              45.8108629
            ],
            [
              6.210597,
              45.8109094
            ],
            [
              6.2103161,
              45.8118877
            ],
            [
              6.2104932,
              45.8124585
            ],
            [
              6.2105508,
              45.8126444
            ],
            [
              6.2106224,
              45.812875
            ],
            [
              6.2107846,
              45.8128827
            ],
            [
              6.2107806,
              45.8129546
            ],
            [
              6.2107103,
              45.8130554
            ],
            [
              6.2107139,
              45.8131696
            ],
            [
              6.2106325,
              45.8131681
            ],
            [
              6.2106007,
              45.8133262
            ],
            [
              6.210518,
              45.8135213
            ],
            [
              6.2105122,
              45.8135349
            ],
            [
              6.2104524,
              45.8136759
            ],
            [
              6.2102805,
              45.8136448
            ],
            [
              6.2102266,
              45.8137063
            ],
            [
              6.2101586,
              45.8136981
            ],
            [
              6.2101636,
              45.8137508
            ],
            [
              6.2101388,
              45.8137807
            ],
            [
              6.2100824,
              45.8137665
            ],
            [
              6.2100232,
              45.8138395
            ],
            [
              6.2100145,
              45.8138503
            ],
            [
              6.2099153,
              45.8139726
            ],
            [
              6.2099067,
              45.8139832
            ],
            [
              6.2098852,
              45.8140097
            ],
            [
              6.2098444,
              45.8140601
            ],
            [
              6.2096506,
              45.8142876
            ],
            [
              6.2095634,
              45.8144549
            ],
            [
              6.2094885,
              45.8144948
            ],
            [
              6.2094549,
              45.8145935
            ],
            [
              6.2093017,
              45.8148987
            ],
            [
              6.2093716,
              45.8149174
            ],
            [
              6.209315,
              45.8150143
            ],
            [
              6.2092927,
              45.8150093
            ],
            [
              6.2092738,
              45.8150371
            ],
            [
              6.2092459,
              45.8150296
            ],
            [
              6.2091105,
              45.8151887
            ],
            [
              6.2087937,
              45.81541
            ],
            [
              6.2087072,
              45.815368
            ],
            [
              6.2085647,
              45.8155003
            ],
            [
              6.2085195,
              45.8156365
            ],
            [
              6.2084354,
              45.8157433
            ],
            [
              6.2084018,
              45.8158324
            ],
            [
              6.2083929,
              45.8158917
            ],
            [
              6.2083556,
              45.8163103
            ],
            [
              6.2083543,
              45.8163254
            ],
            [
              6.2082996,
              45.8166484
            ],
            [
              6.2082582,
              45.8169049
            ],
            [
              6.2081875,
              45.8174579
            ],
            [
              6.2080533,
              45.8179703
            ],
            [
              6.2080047,
              45.8180985
            ],
            [
              6.2078093,
              45.8185327
            ],
            [
              6.2077098,
              45.8187067
            ],
            [
              6.2076288,
              45.8187952
            ],
            [
              6.2075161,
              45.8189552
            ],
            [
              6.2071971,
              45.8195522
            ],
            [
              6.2071335,
              45.8196711
            ],
            [
              6.2070775,
              45.819884
            ],
            [
              6.206985,
              45.8200895
            ],
            [
              6.2069282,
              45.8201409
            ],
            [
              6.2069159,
              45.8201986
            ],
            [
              6.2069662,
              45.8202371
            ],
            [
              6.2069787,
              45.8203176
            ],
            [
              6.2069309,
              45.8203947
            ],
            [
              6.2069068,
              45.8204329
            ],
            [
              6.2069214,
              45.8204873
            ],
            [
              6.2069233,
              45.8205449
            ],
            [
              6.2068972,
              45.8208356
            ],
            [
              6.2068958,
              45.8209204
            ],
            [
              6.2070623,
              45.8211631
            ],
            [
              6.2071992,
              45.8214078
            ],
            [
              6.2071969,
              45.8214285
            ],
            [
              6.2072521,
              45.8215054
            ],
            [
              6.2072868,
              45.8215429
            ],
            [
              6.2073418,
              45.8215927
            ],
            [
              6.2073914,
              45.8216266
            ],
            [
              6.2074196,
              45.8216357
            ],
            [
              6.2076014,
              45.8217305
            ],
            [
              6.2078097,
              45.8218416
            ],
            [
              6.2078621,
              45.8218785
            ],
            [
              6.2079191,
              45.8219205
            ],
            [
              6.2079812,
              45.8219804
            ],
            [
              6.2080456,
              45.8220421
            ],
            [
              6.2082918,
              45.822301
            ],
            [
              6.2085505,
              45.8225784
            ],
            [
              6.2086999,
              45.8227271
            ],
            [
              6.2087524,
              45.8227963
            ],
            [
              6.2088035,
              45.8228947
            ],
            [
              6.2088445,
              45.8229766
            ],
            [
              6.2088769,
              45.823059
            ],
            [
              6.2088965,
              45.8231473
            ],
            [
              6.2089182,
              45.8233067
            ],
            [
              6.2089534,
              45.8234735
            ],
            [
              6.2089575,
              45.8235824
            ],
            [
              6.2089508,
              45.8236647
            ],
            [
              6.2089307,
              45.8237334
            ],
            [
              6.2088962,
              45.8238178
            ],
            [
              6.2087703,
              45.824063
            ],
            [
              6.2087019,
              45.8241829
            ],
            [
              6.208677,
              45.8242569
            ],
            [
              6.2086098,
              45.8244967
            ],
            [
              6.2085519,
              45.8247326
            ],
            [
              6.2084982,
              45.8249672
            ],
            [
              6.2084714,
              45.8251958
            ],
            [
              6.2084542,
              45.8252023
            ],
            [
              6.2084502,
              45.825256
            ],
            [
              6.208459,
              45.8253406
            ],
            [
              6.2084257,
              45.8254792
            ],
            [
              6.2083441,
              45.8256736
            ],
            [
              6.2082458,
              45.8259193
            ],
            [
              6.2082287,
              45.8260222
            ],
            [
              6.2081678,
              45.8261553
            ],
            [
              6.2081783,
              45.8261836
            ],
            [
              6.2081706,
              45.8262337
            ],
            [
              6.2080893,
              45.8263033
            ],
            [
              6.2080108,
              45.8263907
            ],
            [
              6.2079581,
              45.826441
            ],
            [
              6.2079581,
              45.8264666
            ],
            [
              6.2079481,
              45.826478
            ],
            [
              6.2079328,
              45.8264887
            ],
            [
              6.2079138,
              45.8264965
            ],
            [
              6.2078923,
              45.8265019
            ],
            [
              6.2078609,
              45.8265011
            ],
            [
              6.2078367,
              45.8264921
            ],
            [
              6.2075455,
              45.826609
            ],
            [
              6.2075478,
              45.8266328
            ],
            [
              6.2075221,
              45.8266714
            ],
            [
              6.2074811,
              45.8267008
            ],
            [
              6.2074292,
              45.8267154
            ],
            [
              6.2073837,
              45.8267186
            ],
            [
              6.2073661,
              45.8267812
            ],
            [
              6.2073518,
              45.8268321
            ],
            [
              6.2073266,
              45.8269085
            ],
            [
              6.2073195,
              45.8269415
            ],
            [
              6.2073215,
              45.8269881
            ],
            [
              6.2073118,
              45.8269875
            ],
            [
              6.2072245,
              45.8269819
            ],
            [
              6.2071666,
              45.8269782
            ],
            [
              6.2070998,
              45.8272161
            ],
            [
              6.2070869,
              45.8272693
            ],
            [
              6.207184,
              45.8272843
            ],
            [
              6.2071561,
              45.8274453
            ],
            [
              6.2071882,
              45.8274503
            ],
            [
              6.2071627,
              45.82759
            ],
            [
              6.2071372,
              45.827737
            ],
            [
              6.2071608,
              45.8277387
            ],
            [
              6.2071607,
              45.8277988
            ],
            [
              6.2071802,
              45.8277984
            ],
            [
              6.207178,
              45.8279097
            ],
            [
              6.2070569,
              45.8279024
            ],
            [
              6.2070188,
              45.8280978
            ],
            [
              6.2071219,
              45.828121
            ],
            [
              6.2071276,
              45.8281316
            ],
            [
              6.2071706,
              45.8282803
            ],
            [
              6.2071666,
              45.8283799
            ],
            [
              6.2072128,
              45.8283846
            ],
            [
              6.2071836,
              45.8284696
            ],
            [
              6.2070871,
              45.8285648
            ],
            [
              6.2070377,
              45.8286293
            ],
            [
              6.2070088,
              45.828695
            ],
            [
              6.2069606,
              45.828795
            ],
            [
              6.206842,
              45.8287689
            ],
            [
              6.2068205,
              45.8288157
            ],
            [
              6.2067849,
              45.8288423
            ],
            [
              6.2067396,
              45.8288548
            ],
            [
              6.2066988,
              45.8288545
            ],
            [
              6.2066466,
              45.8290363
            ],
            [
              6.2066053,
              45.8291801
            ],
            [
              6.2065534,
              45.8293915
            ],
            [
              6.2065027,
              45.829616
            ],
            [
              6.2064408,
              45.8298365
            ],
            [
              6.2064272,
              45.8298752
            ],
            [
              6.2064121,
              45.8299124
            ],
            [
              6.2063996,
              45.8299603
            ],
            [
              6.2062494,
              45.8305855
            ],
            [
              6.2062628,
              45.8305925
            ],
            [
              6.206242,
              45.8306274
            ],
            [
              6.2062682,
              45.8306378
            ],
            [
              6.2063554,
              45.8307294
            ],
            [
              6.2063929,
              45.8307598
            ],
            [
              6.2064687,
              45.8307892
            ],
            [
              6.2065131,
              45.8308856
            ],
            [
              6.2065416,
              45.8309012
            ],
            [
              6.2065721,
              45.830955
            ],
            [
              6.2065614,
              45.8310462
            ],
            [
              6.2065404,
              45.8311199
            ],
            [
              6.2065234,
              45.8311596
            ],
            [
              6.2064989,
              45.8311943
            ],
            [
              6.2064307,
              45.831279
            ],
            [
              6.2064948,
              45.8313335
            ],
            [
              6.2065324,
              45.8314046
            ],
            [
              6.2065043,
              45.8315372
            ],
            [
              6.2064936,
              45.8316297
            ],
            [
              6.2064747,
              45.8317765
            ],
            [
              6.2064962,
              45.8317886
            ],
            [
              6.20634,
              45.8319208
            ],
            [
              6.2063494,
              45.8319353
            ],
            [
              6.2062635,
              45.8319844
            ],
            [
              6.2062609,
              45.8319979
            ],
            [
              6.2061913,
              45.8320419
            ],
            [
              6.2061438,
              45.8319869
            ],
            [
              6.2060651,
              45.8320012
            ],
            [
              6.2060556,
              45.8319825
            ],
            [
              6.2058746,
              45.8320213
            ],
            [
              6.2058007,
              45.8320607
            ],
            [
              6.2057469,
              45.8320738
            ],
            [
              6.2056835,
              45.8320583
            ],
            [
              6.205629,
              45.8320392
            ],
            [
              6.2054681,
              45.8320486
            ],
            [
              6.205451,
              45.8319705
            ],
            [
              6.2054456,
              45.8318577
            ],
            [
              6.2054609,
              45.8318568
            ],
            [
              6.2054622,
              45.8317816
            ],
            [
              6.2054703,
              45.8315578
            ],
            [
              6.2055151,
              45.8313905
            ],
            [
              6.2055387,
              45.8313232
            ],
            [
              6.2056096,
              45.8310959
            ],
            [
              6.2056502,
              45.831006
            ],
            [
              6.2057275,
              45.830899
            ],
            [
              6.2057732,
              45.8308523
            ],
            [
              6.2058427,
              45.8307971
            ],
            [
              6.2059308,
              45.8307439
            ],
            [
              6.2059777,
              45.8306194
            ],
            [
              6.2060569,
              45.8306276
            ],
            [
              6.2061529,
              45.8303598
            ],
            [
              6.2060985,
              45.8303481
            ],
            [
              6.2059897,
              45.8303679
            ],
            [
              6.2057607,
              45.8303853
            ],
            [
              6.2053412,
              45.8298393
            ],
            [
              6.2051994,
              45.8297128
            ],
            [
              6.204998,
              45.8298514
            ],
            [
              6.2049026,
              45.829771
            ],
            [
              6.2048083,
              45.8298284
            ],
            [
              6.2046074,
              45.8296793
            ],
            [
              6.2045302,
              45.8297223
            ],
            [
              6.2044658,
              45.8296721
            ],
            [
              6.2044812,
              45.8296534
            ],
            [
              6.2044211,
              45.8295852
            ],
            [
              6.2045052,
              45.8295459
            ],
            [
              6.2044698,
              45.8295193
            ],
            [
              6.204447,
              45.8295277
            ],
            [
              6.2043739,
              45.8294632
            ],
            [
              6.2043947,
              45.8294459
            ],
            [
              6.2043397,
              45.8294011
            ],
            [
              6.2043169,
              45.8294048
            ],
            [
              6.2042623,
              45.8293535
            ],
            [
              6.2041627,
              45.8292656
            ],
            [
              6.2041895,
              45.8292483
            ],
            [
              6.2041652,
              45.8292227
            ],
            [
              6.2042793,
              45.8291573
            ],
            [
              6.2041298,
              45.8290506
            ],
            [
              6.2040956,
              45.8290217
            ],
            [
              6.2040152,
              45.8290025
            ],
            [
              6.2039611,
              45.8289809
            ],
            [
              6.2040058,
              45.8289408
            ],
            [
              6.2039555,
              45.828917
            ],
            [
              6.2039394,
              45.8289287
            ],
            [
              6.2038778,
              45.8289245
            ],
            [
              6.2038582,
              45.8289395
            ],
            [
              6.2035599,
              45.828753
            ],
            [
              6.2035639,
              45.8287413
            ],
            [
              6.2034707,
              45.8287012
            ],
            [
              6.2034062,
              45.8287721
            ],
            [
              6.2032703,
              45.8287204
            ],
            [
              6.2032374,
              45.8287604
            ],
            [
              6.2030356,
              45.8286763
            ],
            [
              6.2030204,
              45.8286703
            ],
            [
              6.2030503,
              45.8286358
            ],
            [
              6.2031085,
              45.8285662
            ],
            [
              6.2030008,
              45.8285165
            ],
            [
              6.2029105,
              45.8284727
            ],
            [
              6.2026861,
              45.8283659
            ],
            [
              6.2024931,
              45.828271
            ],
            [
              6.2023126,
              45.8281928
            ],
            [
              6.2019619,
              45.8280998
            ],
            [
              6.2017554,
              45.8280801
            ],
            [
              6.2016132,
              45.8280888
            ],
            [
              6.2014405,
              45.82809
            ],
            [
              6.2009443,
              45.8283695
            ],
            [
              6.2007648,
              45.8283702
            ],
            [
              6.200662,
              45.8284446
            ],
            [
              6.2007083,
              45.8285937
            ],
            [
              6.2006822,
              45.8285969
            ],
            [
              6.2006201,
              45.8286045
            ],
            [
              6.2003833,
              45.8286335
            ],
            [
              6.2003611,
              45.8286295
            ],
            [
              6.2003315,
              45.828636
            ],
            [
              6.2003134,
              45.8286336
            ],
            [
              6.2002966,
              45.8286222
            ],
            [
              6.2001307,
              45.8284684
            ],
            [
              6.2000361,
              45.8284815
            ],
            [
              6.2000079,
              45.8285096
            ],
            [
              6.199906,
              45.8284694
            ],
            [
              6.1998202,
              45.8284558
            ],
            [
              6.1997518,
              45.8284404
            ],
            [
              6.1996298,
              45.8284372
            ],
            [
              6.1993769,
              45.828383
            ],
            [
              6.1991624,
              45.8283726
            ],
            [
              6.1990332,
              45.828392
            ],
            [
              6.1990053,
              45.828387
            ],
            [
              6.1990008,
              45.8283596
            ],
            [
              6.19898,
              45.8283442
            ],
            [
              6.1989324,
              45.8283236
            ],
            [
              6.1988693,
              45.8283077
            ],
            [
              6.1988291,
              45.8282703
            ],
            [
              6.1987406,
              45.8282601
            ],
            [
              6.1987473,
              45.8282229
            ],
            [
              6.1986571,
              45.8281914
            ],
            [
              6.1983674,
              45.8280923
            ],
            [
              6.1980526,
              45.8280105
            ],
            [
              6.1979038,
              45.8280087
            ],
            [
              6.1976999,
              45.8280218
            ],
            [
              6.1974531,
              45.8280666
            ],
            [
              6.1974005,
              45.8280601
            ],
            [
              6.1973056,
              45.8280474
            ],
            [
              6.1971615,
              45.8280241
            ],
            [
              6.1970092,
              45.8279904
            ],
            [
              6.1968859,
              45.8279657
            ],
            [
              6.1966069,
              45.827965
            ],
            [
              6.1965023,
              45.8279572
            ],
            [
              6.1963015,
              45.8278969
            ],
            [
              6.196222,
              45.8279087
            ],
            [
              6.1959147,
              45.8279022
            ],
            [
              6.1956504,
              45.8280324
            ],
            [
              6.195353,
              45.8279952
            ],
            [
              6.1952336,
              45.8280037
            ],
            [
              6.1949893,
              45.8280233
            ],
            [
              6.194555,
              45.8281674
            ],
            [
              6.1938887,
              45.828154
            ],
            [
              6.193745,
              45.8281897
            ],
            [
              6.193674,
              45.8282709
            ],
            [
              6.1936042,
              45.8283424
            ],
            [
              6.1933087,
              45.8284523
            ],
            [
              6.1931521,
              45.8285059
            ],
            [
              6.1930447,
              45.8285445
            ],
            [
              6.1929988,
              45.8285838
            ],
            [
              6.1928569,
              45.8286876
            ],
            [
              6.1927345,
              45.8287829
            ],
            [
              6.1925527,
              45.8289186
            ],
            [
              6.1922852,
              45.828953
            ],
            [
              6.1922044,
              45.8289819
            ],
            [
              6.1920588,
              45.8290727
            ],
            [
              6.1919464,
              45.8291447
            ],
            [
              6.1919036,
              45.8291712
            ],
            [
              6.191738,
              45.8292861
            ],
            [
              6.1915793,
              45.8294133
            ],
            [
              6.1912688,
              45.8295755
            ],
            [
              6.1910289,
              45.829663
            ],
            [
              6.1908947,
              45.8297191
            ],
            [
              6.1907614,
              45.8297871
            ],
            [
              6.1906473,
              45.8298634
            ],
            [
              6.1905917,
              45.8299342
            ],
            [
              6.190671,
              45.8300124
            ],
            [
              6.190734,
              45.830079
            ],
            [
              6.1908438,
              45.8301831
            ],
            [
              6.1908397,
              45.8302163
            ],
            [
              6.1906654,
              45.8303326
            ],
            [
              6.1905233,
              45.8304412
            ],
            [
              6.1904606,
              45.8304957
            ],
            [
              6.1903717,
              45.8305439
            ],
            [
              6.1902682,
              45.8305393
            ],
            [
              6.1901175,
              45.830556
            ],
            [
              6.1900556,
              45.8305918
            ],
            [
              6.1899513,
              45.8306447
            ],
            [
              6.189847,
              45.8306429
            ],
            [
              6.1898462,
              45.8306955
            ],
            [
              6.1898102,
              45.8306932
            ],
            [
              6.1897371,
              45.8306934
            ],
            [
              6.1896584,
              45.8306824
            ],
            [
              6.1895612,
              45.8306426
            ],
            [
              6.1894331,
              45.8305354
            ],
            [
              6.18917,
              45.8304837
            ],
            [
              6.189122,
              45.8304661
            ],
            [
              6.1890344,
              45.8304768
            ],
            [
              6.1889637,
              45.8304765
            ],
            [
              6.188849,
              45.8304621
            ],
            [
              6.1887993,
              45.8304107
            ],
            [
              6.1886756,
              45.8303851
            ],
            [
              6.1885925,
              45.8304028
            ],
            [
              6.1879997,
              45.8303484
            ],
            [
              6.1878589,
              45.8303776
            ],
            [
              6.1877288,
              45.830429
            ],
            [
              6.1876407,
              45.8305158
            ],
            [
              6.1876366,
              45.8306732
            ],
            [
              6.187587,
              45.8307508
            ],
            [
              6.1875127,
              45.8308199
            ],
            [
              6.1873711,
              45.8308791
            ],
            [
              6.1868579,
              45.8310899
            ],
            [
              6.1867252,
              45.8311232
            ],
            [
              6.1866066,
              45.8311269
            ],
            [
              6.1863642,
              45.8311257
            ],
            [
              6.186297,
              45.8311577
            ],
            [
              6.1861678,
              45.8313156
            ],
            [
              6.1861271,
              45.8313599
            ],
            [
              6.1860899,
              45.8314167
            ],
            [
              6.1860612,
              45.8315225
            ],
            [
              6.185971,
              45.8317996
            ],
            [
              6.1859116,
              45.8318754
            ],
            [
              6.1858823,
              45.8319345
            ],
            [
              6.1858346,
              45.832015
            ],
            [
              6.1858315,
              45.8320719
            ],
            [
              6.1858299,
              45.8321255
            ],
            [
              6.1858038,
              45.8321781
            ],
            [
              6.1857545,
              45.8321975
            ],
            [
              6.1856913,
              45.8322071
            ],
            [
              6.1856066,
              45.8322275
            ],
            [
              6.1854001,
              45.8323069
            ],
            [
              6.1852538,
              45.8323778
            ],
            [
              6.1851305,
              45.8324186
            ],
            [
              6.1849103,
              45.832498
            ],
            [
              6.1847901,
              45.8325538
            ],
            [
              6.1847624,
              45.832593
            ],
            [
              6.184893,
              45.8326796
            ],
            [
              6.184928,
              45.8327391
            ],
            [
              6.1849473,
              45.8327824
            ],
            [
              6.1849447,
              45.8328366
            ],
            [
              6.1849233,
              45.8328753
            ],
            [
              6.1848802,
              45.8328957
            ],
            [
              6.1848278,
              45.8329048
            ],
            [
              6.1847539,
              45.8329167
            ],
            [
              6.1845998,
              45.8330078
            ],
            [
              6.1845559,
              45.8331265
            ],
            [
              6.1844735,
              45.8332273
            ],
            [
              6.1841947,
              45.8330926
            ],
            [
              6.1841515,
              45.8331297
            ],
            [
              6.1841348,
              45.8331669
            ],
            [
              6.1841317,
              45.8332254
            ],
            [
              6.1841568,
              45.8332264
            ],
            [
              6.1842617,
              45.8332876
            ],
            [
              6.184275,
              45.8332954
            ],
            [
              6.1840075,
              45.8334984
            ],
            [
              6.183969,
              45.8335692
            ],
            [
              6.1839613,
              45.8336315
            ],
            [
              6.183949,
              45.8337163
            ],
            [
              6.1838616,
              45.8338782
            ],
            [
              6.1837487,
              45.8340651
            ],
            [
              6.1837163,
              45.8341424
            ],
            [
              6.1836547,
              45.8342079
            ],
            [
              6.1835823,
              45.8342551
            ],
            [
              6.1834714,
              45.8343248
            ],
            [
              6.1834206,
              45.8343517
            ],
            [
              6.1833389,
              45.834371
            ],
            [
              6.1832727,
              45.8343731
            ],
            [
              6.1831833,
              45.8343871
            ],
            [
              6.1831433,
              45.8344214
            ],
            [
              6.1831186,
              45.8344612
            ],
            [
              6.1831032,
              45.8345191
            ],
            [
              6.1830724,
              45.8345556
            ],
            [
              6.1830046,
              45.8345706
            ],
            [
              6.1829245,
              45.8345642
            ],
            [
              6.1827967,
              45.8345728
            ],
            [
              6.1826056,
              45.8346629
            ],
            [
              6.1824084,
              45.8347692
            ],
            [
              6.1823561,
              45.8348304
            ],
            [
              6.1822174,
              45.8349066
            ],
            [
              6.1820849,
              45.8349538
            ],
            [
              6.1819001,
              45.8349935
            ],
            [
              6.1816089,
              45.8350461
            ],
            [
              6.1815519,
              45.8351019
            ],
            [
              6.1815303,
              45.8351578
            ],
            [
              6.1814148,
              45.8352554
            ],
            [
              6.181168,
              45.8353802
            ],
            [
              6.1810694,
              45.8354043
            ],
            [
              6.180984,
              45.8354284
            ],
            [
              6.1808621,
              45.8354418
            ],
            [
              6.180747,
              45.8354965
            ],
            [
              6.1806968,
              45.8355315
            ],
            [
              6.1806798,
              45.8355628
            ],
            [
              6.1806812,
              45.8355853
            ],
            [
              6.1806807,
              45.8356078
            ],
            [
              6.1806692,
              45.8356266
            ],
            [
              6.1804812,
              45.8357626
            ],
            [
              6.180472,
              45.8357894
            ],
            [
              6.1804697,
              45.835827
            ],
            [
              6.1804628,
              45.8358586
            ],
            [
              6.1804327,
              45.8358908
            ],
            [
              6.1803919,
              45.8359257
            ],
            [
              6.1803796,
              45.8359574
            ],
            [
              6.1803857,
              45.8359745
            ],
            [
              6.180405,
              45.8359933
            ],
            [
              6.180415,
              45.8360153
            ],
            [
              6.1804204,
              45.8360438
            ],
            [
              6.1804296,
              45.8360846
            ],
            [
              6.1804227,
              45.836106
            ],
            [
              6.1803988,
              45.8361114
            ],
            [
              6.1803788,
              45.8361076
            ],
            [
              6.1803595,
              45.8360813
            ],
            [
              6.180338,
              45.8360507
            ],
            [
              6.1802995,
              45.8360432
            ],
            [
              6.1802476,
              45.836063
            ],
            [
              6.1800264,
              45.8361771
            ],
            [
              6.1798317,
              45.836272
            ],
            [
              6.1797999,
              45.8363355
            ],
            [
              6.1797804,
              45.8363737
            ],
            [
              6.1797326,
              45.8363947
            ],
            [
              6.1797008,
              45.8364181
            ],
            [
              6.1796627,
              45.8364545
            ],
            [
              6.1795743,
              45.8365568
            ],
            [
              6.179553,
              45.8366
            ],
            [
              6.1795424,
              45.8366887
            ],
            [
              6.1795477,
              45.836812
            ],
            [
              6.1795406,
              45.8368798
            ],
            [
              6.1795035,
              45.8369489
            ],
            [
              6.1794681,
              45.8370068
            ],
            [
              6.1794553,
              45.8370876
            ],
            [
              6.179446,
              45.8371766
            ],
            [
              6.1794137,
              45.8372496
            ],
            [
              6.179379,
              45.8372958
            ],
            [
              6.1793413,
              45.8373226
            ],
            [
              6.1792866,
              45.8373323
            ],
            [
              6.1792534,
              45.8373376
            ],
            [
              6.1792226,
              45.8373521
            ],
            [
              6.1791479,
              45.8374047
            ],
            [
              6.1790932,
              45.8374729
            ],
            [
              6.179027,
              45.837658
            ],
            [
              6.179007,
              45.837716
            ],
            [
              6.17897,
              45.8377514
            ],
            [
              6.1788783,
              45.8378152
            ],
            [
              6.178734,
              45.8379714
            ],
            [
              6.1785818,
              45.838046
            ],
            [
              6.1783357,
              45.8381349
            ],
            [
              6.1782378,
              45.8381751
            ],
            [
              6.1779956,
              45.8382612
            ],
            [
              6.1779594,
              45.83828
            ],
            [
              6.1779686,
              45.8383132
            ],
            [
              6.1779787,
              45.8383406
            ],
            [
              6.1779686,
              45.8383701
            ],
            [
              6.1779079,
              45.8384124
            ],
            [
              6.1778657,
              45.8384756
            ],
            [
              6.1776321,
              45.8388701
            ],
            [
              6.1775233,
              45.8392691
            ],
            [
              6.1774918,
              45.8393385
            ],
            [
              6.1774144,
              45.8394645
            ],
            [
              6.1773671,
              45.8395252
            ],
            [
              6.1772265,
              45.8397778
            ],
            [
              6.1771447,
              45.839929
            ],
            [
              6.1771172,
              45.8400261
            ],
            [
              6.1770287,
              45.8401506
            ],
            [
              6.1769172,
              45.8402671
            ],
            [
              6.1767104,
              45.8404781
            ],
            [
              6.1766783,
              45.840487
            ],
            [
              6.1766497,
              45.8404882
            ],
            [
              6.17661,
              45.8404825
            ],
            [
              6.176575,
              45.8405
            ],
            [
              6.1765563,
              45.8405114
            ],
            [
              6.1765692,
              45.8405264
            ],
            [
              6.176575,
              45.8405468
            ],
            [
              6.1765779,
              45.8405679
            ],
            [
              6.1765546,
              45.840594
            ],
            [
              6.1764985,
              45.8406094
            ],
            [
              6.1763777,
              45.8406249
            ],
            [
              6.1762393,
              45.8406395
            ],
            [
              6.1758768,
              45.8406773
            ],
            [
              6.175756,
              45.8407225
            ],
            [
              6.1756404,
              45.840777
            ],
            [
              6.175533,
              45.8408274
            ],
            [
              6.1753462,
              45.8409201
            ],
            [
              6.1752505,
              45.8410071
            ],
            [
              6.1751255,
              45.8412446
            ],
            [
              6.1750982,
              45.8413367
            ],
            [
              6.1750942,
              45.8413749
            ],
            [
              6.175147,
              45.8413905
            ],
            [
              6.1751999,
              45.8414124
            ],
            [
              6.1752009,
              45.8414415
            ],
            [
              6.1751955,
              45.8414606
            ],
            [
              6.1751761,
              45.8414746
            ],
            [
              6.1751684,
              45.8415002
            ],
            [
              6.1751562,
              45.8415123
            ],
            [
              6.1751206,
              45.8415137
            ],
            [
              6.1750576,
              45.8415116
            ],
            [
              6.1750444,
              45.8416395
            ],
            [
              6.1750448,
              45.841654
            ],
            [
              6.1750504,
              45.8418945
            ],
            [
              6.1750518,
              45.8419131
            ],
            [
              6.1750622,
              45.8419826
            ],
            [
              6.1750829,
              45.8420571
            ],
            [
              6.1750986,
              45.8421302
            ],
            [
              6.1751199,
              45.8421859
            ],
            [
              6.1754972,
              45.8421711
            ],
            [
              6.1754939,
              45.8421917
            ],
            [
              6.1754671,
              45.8422029
            ],
            [
              6.1753786,
              45.8422169
            ],
            [
              6.1752699,
              45.84223
            ],
            [
              6.1752431,
              45.8422655
            ],
            [
              6.1752324,
              45.8423243
            ],
            [
              6.1752176,
              45.8423654
            ],
            [
              6.1751801,
              45.8424019
            ],
            [
              6.1751345,
              45.842428
            ],
            [
              6.1751177,
              45.8424813
            ],
            [
              6.1750473,
              45.8427405
            ],
            [
              6.1750125,
              45.8428118
            ],
            [
              6.174843,
              45.8430933
            ],
            [
              6.17482,
              45.8431707
            ],
            [
              6.1748764,
              45.8432428
            ],
            [
              6.1750449,
              45.8434451
            ],
            [
              6.1750598,
              45.8434526
            ],
            [
              6.1750617,
              45.8434577
            ],
            [
              6.1750613,
              45.8434751
            ],
            [
              6.175049,
              45.8434872
            ],
            [
              6.1750224,
              45.8434901
            ],
            [
              6.1749943,
              45.8434883
            ],
            [
              6.1749654,
              45.8434931
            ],
            [
              6.1749492,
              45.8435049
            ],
            [
              6.1749284,
              45.8435274
            ],
            [
              6.1747076,
              45.8438864
            ],
            [
              6.1743794,
              45.8441599
            ],
            [
              6.1742782,
              45.8443474
            ],
            [
              6.1741977,
              45.8444912
            ],
            [
              6.1741816,
              45.8444993
            ],
            [
              6.1741642,
              45.8445009
            ],
            [
              6.1741427,
              45.8444988
            ],
            [
              6.1741256,
              45.8444892
            ],
            [
              6.1741032,
              45.8444633
            ],
            [
              6.1740317,
              45.8444836
            ],
            [
              6.1739453,
              45.8445097
            ],
            [
              6.1739499,
              45.8445282
            ],
            [
              6.1739459,
              45.8445427
            ],
            [
              6.1739248,
              45.8445618
            ],
            [
              6.173904,
              45.84457
            ],
            [
              6.1738713,
              45.8445725
            ],
            [
              6.1738219,
              45.844554
            ],
            [
              6.1736995,
              45.8445142
            ],
            [
              6.173621,
              45.8444913
            ],
            [
              6.173491,
              45.8444352
            ],
            [
              6.1734769,
              45.8444577
            ],
            [
              6.1734527,
              45.8444577
            ],
            [
              6.1733656,
              45.8444231
            ],
            [
              6.1731885,
              45.8442949
            ],
            [
              6.1731778,
              45.8442872
            ],
            [
              6.1732395,
              45.8441573
            ],
            [
              6.1731295,
              45.8440882
            ],
            [
              6.1729787,
              45.8440293
            ],
            [
              6.1727005,
              45.8439591
            ],
            [
              6.1726543,
              45.8439569
            ],
            [
              6.17241,
              45.8439452
            ],
            [
              6.1721727,
              45.8439494
            ],
            [
              6.171991,
              45.8439775
            ],
            [
              6.1719364,
              45.8439922
            ],
            [
              6.1718885,
              45.8440051
            ],
            [
              6.1719078,
              45.8440737
            ],
            [
              6.1718702,
              45.8441578
            ],
            [
              6.1718199,
              45.8442096
            ],
            [
              6.1717214,
              45.8442535
            ],
            [
              6.1715886,
              45.8442489
            ],
            [
              6.1714759,
              45.8442115
            ],
            [
              6.1714015,
              45.8441489
            ],
            [
              6.1713506,
              45.8440505
            ],
            [
              6.1712433,
              45.8440069
            ],
            [
              6.1710341,
              45.8439621
            ],
            [
              6.1708517,
              45.8439591
            ],
            [
              6.1706647,
              45.843956
            ],
            [
              6.1703447,
              45.843934
            ],
            [
              6.1700108,
              45.8438994
            ],
            [
              6.1697654,
              45.8439415
            ],
            [
              6.1694006,
              45.8439583
            ],
            [
              6.169382,
              45.8439796
            ],
            [
              6.1691009,
              45.8439962
            ],
            [
              6.1688863,
              45.8440658
            ],
            [
              6.1688092,
              45.844129
            ],
            [
              6.1688827,
              45.8442198
            ],
            [
              6.1688456,
              45.8442419
            ],
            [
              6.1688394,
              45.8442551
            ],
            [
              6.168848,
              45.844291
            ],
            [
              6.1687376,
              45.8442947
            ],
            [
              6.1686371,
              45.8442754
            ],
            [
              6.1685543,
              45.8442968
            ],
            [
              6.168556,
              45.8443194
            ],
            [
              6.1685261,
              45.8443566
            ],
            [
              6.1684551,
              45.8443735
            ],
            [
              6.1682987,
              45.8443788
            ],
            [
              6.1682144,
              45.8443724
            ],
            [
              6.1681274,
              45.8443527
            ],
            [
              6.168072,
              45.8443039
            ],
            [
              6.1680675,
              45.8442401
            ],
            [
              6.1681218,
              45.8441878
            ],
            [
              6.1681845,
              45.8441361
            ],
            [
              6.1680584,
              45.8441084
            ],
            [
              6.1679162,
              45.8441453
            ],
            [
              6.1677678,
              45.8441544
            ],
            [
              6.167676,
              45.8442535
            ],
            [
              6.1675782,
              45.8442744
            ],
            [
              6.1675383,
              45.8443139
            ],
            [
              6.1675424,
              45.8443715
            ],
            [
              6.1674888,
              45.8444084
            ],
            [
              6.1674583,
              45.8444363
            ],
            [
              6.1675251,
              45.8444413
            ],
            [
              6.1675746,
              45.8444551
            ],
            [
              6.1676473,
              45.8444609
            ],
            [
              6.1677076,
              45.8445207
            ],
            [
              6.1676743,
              45.844526
            ],
            [
              6.1675878,
              45.8445557
            ],
            [
              6.1675156,
              45.8445583
            ],
            [
              6.1673131,
              45.8445146
            ],
            [
              6.1672611,
              45.8444658
            ],
            [
              6.1672526,
              45.844432
            ],
            [
              6.1673071,
              45.8443445
            ],
            [
              6.1673116,
              45.8443216
            ],
            [
              6.1672442,
              45.8443116
            ],
            [
              6.1671619,
              45.8443143
            ],
            [
              6.1671108,
              45.8443006
            ],
            [
              6.1670521,
              45.8442686
            ],
            [
              6.1670181,
              45.8442418
            ],
            [
              6.1669436,
              45.8442104
            ],
            [
              6.1668571,
              45.8442401
            ],
            [
              6.1666857,
              45.8443275
            ],
            [
              6.1666663,
              45.8443664
            ],
            [
              6.1665877,
              45.8444268
            ],
            [
              6.1664709,
              45.8445082
            ],
            [
              6.1663153,
              45.8445599
            ],
            [
              6.166193,
              45.8444795
            ],
            [
              6.166136,
              45.84447
            ],
            [
              6.1660627,
              45.8443714
            ],
            [
              6.1660197,
              45.8443038
            ],
            [
              6.1660294,
              45.8442105
            ],
            [
              6.1660434,
              45.8441162
            ],
            [
              6.1660646,
              45.8440814
            ],
            [
              6.166024,
              45.8440477
            ],
            [
              6.1658991,
              45.8440757
            ],
            [
              6.1658778,
              45.8441094
            ],
            [
              6.1658706,
              45.8442005
            ],
            [
              6.1657417,
              45.8443194
            ],
            [
              6.1656578,
              45.8444079
            ],
            [
              6.1653033,
              45.8445944
            ],
            [
              6.1650233,
              45.8446906
            ],
            [
              6.1649357,
              45.8447483
            ],
            [
              6.164954,
              45.8448168
            ],
            [
              6.1648668,
              45.8448828
            ],
            [
              6.1648205,
              45.8448709
            ],
            [
              6.164766,
              45.8448315
            ],
            [
              6.1646713,
              45.8447852
            ],
            [
              6.1646104,
              45.8447907
            ],
            [
              6.164528,
              45.8448064
            ],
            [
              6.1643895,
              45.8448762
            ],
            [
              6.1643309,
              45.8449315
            ],
            [
              6.1642206,
              45.8449741
            ],
            [
              6.1641428,
              45.8450725
            ],
            [
              6.1642026,
              45.8451799
            ],
            [
              6.1643081,
              45.8452924
            ],
            [
              6.1642618,
              45.8453192
            ],
            [
              6.1642756,
              45.8453364
            ],
            [
              6.1642237,
              45.8453615
            ],
            [
              6.1641292,
              45.8452691
            ],
            [
              6.1640808,
              45.8452336
            ],
            [
              6.1639992,
              45.8451868
            ],
            [
              6.1639436,
              45.8451289
            ],
            [
              6.1639051,
              45.845126
            ],
            [
              6.1638192,
              45.8450372
            ],
            [
              6.1637444,
              45.8449809
            ],
            [
              6.1637138,
              45.8449665
            ],
            [
              6.1636872,
              45.8450963
            ],
            [
              6.1636025,
              45.8451508
            ],
            [
              6.1635494,
              45.8452156
            ],
            [
              6.1634274,
              45.8452197
            ],
            [
              6.1632962,
              45.8452066
            ],
            [
              6.1632429,
              45.8451404
            ],
            [
              6.1632145,
              45.8450897
            ],
            [
              6.1632601,
              45.8450489
            ],
            [
              6.1633202,
              45.8449777
            ],
            [
              6.163133,
              45.8449841
            ],
            [
              6.1630132,
              45.8449996
            ],
            [
              6.1627274,
              45.8450092
            ],
            [
              6.162567,
              45.8450375
            ],
            [
              6.1625001,
              45.8450118
            ],
            [
              6.1624013,
              45.8450152
            ],
            [
              6.1623546,
              45.8450447
            ],
            [
              6.1622101,
              45.8450671
            ],
            [
              6.1620775,
              45.8450489
            ],
            [
              6.1619177,
              45.8450884
            ],
            [
              6.1616173,
              45.8450987
            ],
            [
              6.1615307,
              45.8451469
            ],
            [
              6.1612052,
              45.8451581
            ],
            [
              6.1610921,
              45.8451682
            ],
            [
              6.1610356,
              45.8451814
            ],
            [
              6.1610527,
              45.8451974
            ],
            [
              6.1610554,
              45.8452375
            ],
            [
              6.1610329,
              45.8452496
            ],
            [
              6.1609195,
              45.8452761
            ],
            [
              6.160848,
              45.8452899
            ],
            [
              6.1607587,
              45.8452991
            ],
            [
              6.1606435,
              45.8452803
            ],
            [
              6.1605116,
              45.845355
            ],
            [
              6.1603911,
              45.8453044
            ],
            [
              6.160366,
              45.8452371
            ],
            [
              6.1602726,
              45.8452351
            ],
            [
              6.1602078,
              45.8452374
            ],
            [
              6.1601582,
              45.8452225
            ],
            [
              6.1600771,
              45.8452254
            ],
            [
              6.1600094,
              45.8452049
            ],
            [
              6.1600105,
              45.8452236
            ],
            [
              6.1599475,
              45.8452721
            ],
            [
              6.1599801,
              45.8453143
            ],
            [
              6.1599881,
              45.845346
            ],
            [
              6.1600114,
              45.8453813
            ],
            [
              6.1599618,
              45.8454336
            ],
            [
              6.1598873,
              45.8454909
            ],
            [
              6.1597506,
              45.8454955
            ],
            [
              6.159728,
              45.8455324
            ],
            [
              6.1597813,
              45.8455585
            ],
            [
              6.1598655,
              45.8455556
            ],
            [
              6.1599082,
              45.8455995
            ],
            [
              6.1598726,
              45.8456605
            ],
            [
              6.1599023,
              45.845705
            ],
            [
              6.1598458,
              45.8457389
            ],
            [
              6.159804,
              45.8457991
            ],
            [
              6.1598082,
              45.8458589
            ],
            [
              6.1596695,
              45.8459224
            ],
            [
              6.1596591,
              45.8459641
            ],
            [
              6.1596168,
              45.8460976
            ],
            [
              6.1597695,
              45.8461295
            ],
            [
              6.1597158,
              45.8462036
            ],
            [
              6.1596477,
              45.8462657
            ],
            [
              6.1595562,
              45.8462688
            ],
            [
              6.1594942,
              45.8462255
            ],
            [
              6.1594804,
              45.846194
            ],
            [
              6.1593592,
              45.8462394
            ],
            [
              6.1594128,
              45.8462644
            ],
            [
              6.1594279,
              45.8462919
            ],
            [
              6.1594393,
              45.8463689
            ],
            [
              6.1594088,
              45.8463966
            ],
            [
              6.1593185,
              45.8464141
            ],
            [
              6.1592245,
              45.8463803
            ],
            [
              6.1591124,
              45.8463614
            ],
            [
              6.1591032,
              45.8463162
            ],
            [
              6.1590736,
              45.8462719
            ],
            [
              6.1589973,
              45.8462971
            ],
            [
              6.1588968,
              45.8462593
            ],
            [
              6.158881,
              45.8462186
            ],
            [
              6.1588277,
              45.8461739
            ],
            [
              6.1586622,
              45.8461331
            ],
            [
              6.1586318,
              45.8462043
            ],
            [
              6.1586269,
              45.8462406
            ],
            [
              6.1585431,
              45.8462435
            ],
            [
              6.1584838,
              45.8462413
            ],
            [
              6.1584002,
              45.846206
            ],
            [
              6.1581349,
              45.846215
            ],
            [
              6.1581186,
              45.8462537
            ],
            [
              6.1580416,
              45.8462749
            ],
            [
              6.1579894,
              45.846349
            ],
            [
              6.1578249,
              45.8463412
            ],
            [
              6.1576949,
              45.8463414
            ],
            [
              6.1576314,
              45.8462796
            ],
            [
              6.157693,
              45.8461867
            ],
            [
              6.1576218,
              45.846118
            ],
            [
              6.1574968,
              45.8461243
            ],
            [
              6.1573974,
              45.8461183
            ],
            [
              6.1572979,
              45.8460897
            ],
            [
              6.1571715,
              45.846058
            ],
            [
              6.1570235,
              45.8459856
            ],
            [
              6.1569631,
              45.845904
            ],
            [
              6.1566466,
              45.8458424
            ],
            [
              6.1566466,
              45.8458424
            ],
            [
              6.1563094,
              45.845965
            ],
            [
              6.1557113,
              45.8461986
            ],
            [
              6.155533,
              45.8462633
            ],
            [
              6.15503,
              45.8465285
            ],
            [
              6.1548698,
              45.8466963
            ],
            [
              6.1542547,
              45.8470141
            ],
            [
              6.1541609,
              45.8470982
            ],
            [
              6.1539638,
              45.8473149
            ],
            [
              6.1537881,
              45.8475046
            ],
            [
              6.1536983,
              45.8475868
            ],
            [
              6.1536399,
              45.8476797
            ],
            [
              6.1535463,
              45.8477929
            ],
            [
              6.1537211,
              45.8479754
            ],
            [
              6.153705,
              45.8480996
            ],
            [
              6.1536931,
              45.8481861
            ],
            [
              6.153654,
              45.848349
            ],
            [
              6.1537291,
              45.8484079
            ],
            [
              6.1536754,
              45.8485212
            ],
            [
              6.1535296,
              45.8488215
            ],
            [
              6.1536534,
              45.8489991
            ],
            [
              6.1536755,
              45.8490973
            ],
            [
              6.153886,
              45.8492029
            ],
            [
              6.1539155,
              45.849392
            ],
            [
              6.1538954,
              45.8496382
            ],
            [
              6.1539571,
              45.8499408
            ],
            [
              6.1538572,
              45.8505653
            ],
            [
              6.153755,
              45.8510802
            ],
            [
              6.1535655,
              45.8513616
            ],
            [
              6.1533093,
              45.8518235
            ],
            [
              6.1531685,
              45.8520267
            ],
            [
              6.1528768,
              45.8522835
            ],
            [
              6.1527447,
              45.8523691
            ],
            [
              6.1521962,
              45.8523508
            ],
            [
              6.1516969,
              45.8523611
            ],
            [
              6.1514291,
              45.8522985
            ],
            [
              6.1511865,
              45.8522984
            ],
            [
              6.1510871,
              45.8523079
            ],
            [
              6.151067,
              45.8523209
            ],
            [
              6.1510143,
              45.852333
            ],
            [
              6.1509198,
              45.8523515
            ],
            [
              6.1506797,
              45.8524403
            ],
            [
              6.1505916,
              45.8527763
            ],
            [
              6.1505416,
              45.8528644
            ],
            [
              6.1503187,
              45.8532849
            ],
            [
              6.1501134,
              45.8534855
            ],
            [
              6.1499538,
              45.8535706
            ],
            [
              6.149669,
              45.8537107
            ],
            [
              6.1496374,
              45.8537165
            ],
            [
              6.1495234,
              45.8536987
            ],
            [
              6.1492565,
              45.8537781
            ],
            [
              6.1491854,
              45.853879
            ],
            [
              6.1490686,
              45.8539413
            ],
            [
              6.1490168,
              45.8539327
            ],
            [
              6.1489642,
              45.8539126
            ],
            [
              6.1488133,
              45.8536977
            ],
            [
              6.1487047,
              45.8536189
            ],
            [
              6.1485813,
              45.8535736
            ],
            [
              6.1483326,
              45.8535561
            ],
            [
              6.1483057,
              45.8535633
            ],
            [
              6.148043,
              45.8536425
            ],
            [
              6.1480113,
              45.8536352
            ],
            [
              6.1478645,
              45.8537015
            ],
            [
              6.1477116,
              45.8537739
            ],
            [
              6.1474345,
              45.8539102
            ],
            [
              6.1468639,
              45.8541785
            ],
            [
              6.1468064,
              45.8544983
            ],
            [
              6.1467688,
              45.8546459
            ],
            [
              6.1467554,
              45.8549091
            ],
            [
              6.146805,
              45.8551119
            ],
            [
              6.1469015,
              45.8553894
            ],
            [
              6.1468995,
              45.8554555
            ],
            [
              6.146927,
              45.8555724
            ],
            [
              6.1469431,
              45.855663
            ],
            [
              6.1469642,
              45.8558316
            ],
            [
              6.1469391,
              45.8559488
            ],
            [
              6.1468586,
              45.8561702
            ],
            [
              6.1467956,
              45.8561609
            ],
            [
              6.1467607,
              45.8562524
            ],
            [
              6.1468235,
              45.856261
            ],
            [
              6.1466427,
              45.8567204
            ],
            [
              6.146555,
              45.8568622
            ],
            [
              6.146514,
              45.8569314
            ],
            [
              6.1461926,
              45.857318
            ],
            [
              6.1457217,
              45.8575903
            ],
            [
              6.1455345,
              45.8576419
            ],
            [
              6.1452166,
              45.8577296
            ],
            [
              6.1449851,
              45.8577935
            ],
            [
              6.1449375,
              45.85778
            ],
            [
              6.1448859,
              45.8578033
            ],
            [
              6.1447162,
              45.8579089
            ],
            [
              6.1445318,
              45.8579705
            ],
            [
              6.1441495,
              45.8583153
            ],
            [
              6.1440251,
              45.8584434
            ],
            [
              6.1439873,
              45.8586593
            ],
            [
              6.1440059,
              45.858779
            ],
            [
              6.1440683,
              45.8590553
            ],
            [
              6.14415,
              45.859376
            ],
            [
              6.1442038,
              45.8594817
            ],
            [
              6.1442457,
              45.8595172
            ],
            [
              6.1446695,
              45.8595967
            ],
            [
              6.1451959,
              45.8596939
            ],
            [
              6.1452477,
              45.8597029
            ],
            [
              6.1453727,
              45.8597262
            ],
            [
              6.1454301,
              45.8597368
            ],
            [
              6.1454315,
              45.859733
            ],
            [
              6.1454889,
              45.8597435
            ],
            [
              6.1454874,
              45.8597475
            ],
            [
              6.1456101,
              45.8597703
            ],
            [
              6.1456583,
              45.8597685
            ],
            [
              6.1456553,
              45.8597904
            ],
            [
              6.1456522,
              45.8598067
            ],
            [
              6.1455953,
              45.8597904
            ],
            [
              6.1454794,
              45.8597688
            ],
            [
              6.1454773,
              45.8597745
            ],
            [
              6.1454198,
              45.8597641
            ],
            [
              6.1454221,
              45.8597581
            ],
            [
              6.1452684,
              45.8597294
            ],
            [
              6.145226,
              45.85985
            ],
            [
              6.1451963,
              45.8599426
            ],
            [
              6.1451655,
              45.8599812
            ],
            [
              6.1456502,
              45.8603617
            ],
            [
              6.145607,
              45.8603795
            ],
            [
              6.1451288,
              45.8600037
            ],
            [
              6.1449918,
              45.8600809
            ],
            [
              6.145378,
              45.8603984
            ],
            [
              6.1452694,
              45.8604208
            ],
            [
              6.1449952,
              45.8602112
            ],
            [
              6.1447927,
              45.8602051
            ],
            [
              6.1446654,
              45.8602489
            ],
            [
              6.1444084,
              45.86015
            ],
            [
              6.1443789,
              45.8600201
            ],
            [
              6.1440933,
              45.8599086
            ],
            [
              6.1437044,
              45.8599987
            ],
            [
              6.143636,
              45.8600584
            ],
            [
              6.1436346,
              45.8601131
            ],
            [
              6.143522,
              45.860249
            ],
            [
              6.1432381,
              45.8604844
            ],
            [
              6.1432618,
              45.8606319
            ],
            [
              6.1433055,
              45.8608499
            ],
            [
              6.1433597,
              45.8610839
            ],
            [
              6.1433979,
              45.86126
            ],
            [
              6.1434288,
              45.8612609
            ],
            [
              6.1434665,
              45.8613884
            ],
            [
              6.1434899,
              45.8614678
            ],
            [
              6.1434991,
              45.8614988
            ],
            [
              6.1435467,
              45.8615346
            ],
            [
              6.1437411,
              45.8615784
            ],
            [
              6.1438519,
              45.8618236
            ],
            [
              6.1439283,
              45.8618124
            ],
            [
              6.1440209,
              45.8621021
            ],
            [
              6.1442386,
              45.8624624
            ],
            [
              6.1442758,
              45.8624996
            ],
            [
              6.1444333,
              45.8624946
            ],
            [
              6.1443331,
              45.8626769
            ],
            [
              6.1442554,
              45.8628219
            ],
            [
              6.1442853,
              45.8630782
            ],
            [
              6.1442943,
              45.8633505
            ],
            [
              6.144281,
              45.8635649
            ],
            [
              6.1443233,
              45.863652
            ],
            [
              6.144289,
              45.8636596
            ],
            [
              6.1442729,
              45.8637063
            ],
            [
              6.1443065,
              45.8637279
            ],
            [
              6.1444487,
              45.8637321
            ],
            [
              6.1444964,
              45.863696
            ],
            [
              6.1446425,
              45.8637292
            ],
            [
              6.144546,
              45.8637526
            ],
            [
              6.144216,
              45.8637465
            ],
            [
              6.1442059,
              45.8637862
            ],
            [
              6.1440866,
              45.863895
            ],
            [
              6.1440973,
              45.8641094
            ],
            [
              6.1440919,
              45.8644152
            ],
            [
              6.1440765,
              45.8646528
            ],
            [
              6.1440618,
              45.8646823
            ],
            [
              6.1440514,
              45.8648652
            ],
            [
              6.1440473,
              45.8649793
            ],
            [
              6.1440343,
              45.8650185
            ],
            [
              6.1440283,
              45.8651151
            ],
            [
              6.1440328,
              45.865171
            ],
            [
              6.144041,
              45.8652688
            ],
            [
              6.1440665,
              45.8653722
            ],
            [
              6.1441885,
              45.8657553
            ],
            [
              6.1442026,
              45.8657878
            ],
            [
              6.1442736,
              45.8659507
            ],
            [
              6.1443302,
              45.8660808
            ],
            [
              6.1443969,
              45.8662339
            ],
            [
              6.1444835,
              45.8664327
            ],
            [
              6.1445078,
              45.8664886
            ],
            [
              6.1445081,
              45.8666111
            ],
            [
              6.1445271,
              45.866677
            ],
            [
              6.1445316,
              45.8668782
            ],
            [
              6.1445099,
              45.8672667
            ],
            [
              6.14451,
              45.8673023
            ],
            [
              6.1441871,
              45.8677287
            ],
            [
              6.1438729,
              45.8678656
            ],
            [
              6.1435491,
              45.8680068
            ],
            [
              6.1432087,
              45.8686551
            ],
            [
              6.1431438,
              45.8690075
            ],
            [
              6.1432014,
              45.8692675
            ],
            [
              6.1434806,
              45.869699
            ],
            [
              6.1436796,
              45.8699283
            ],
            [
              6.1437473,
              45.8700063
            ],
            [
              6.1440048,
              45.8708017
            ],
            [
              6.14419,
              45.8714934
            ],
            [
              6.1441295,
              45.8715263
            ],
            [
              6.1441174,
              45.8717756
            ],
            [
              6.1440866,
              45.871982
            ],
            [
              6.1440276,
              45.8722696
            ],
            [
              6.1439793,
              45.872489
            ],
            [
              6.1439672,
              45.8730007
            ],
            [
              6.1439414,
              45.8730996
            ],
            [
              6.1438934,
              45.8732659
            ],
            [
              6.1437365,
              45.8734835
            ],
            [
              6.1436257,
              45.8736068
            ],
            [
              6.1435481,
              45.8737034
            ],
            [
              6.1435863,
              45.8737122
            ],
            [
              6.1435515,
              45.8738962
            ],
            [
              6.1434697,
              45.8738896
            ],
            [
              6.1434482,
              45.8739111
            ],
            [
              6.1433733,
              45.8741211
            ],
            [
              6.1433683,
              45.874142
            ],
            [
              6.1433503,
              45.8742298
            ],
            [
              6.1433181,
              45.8744396
            ],
            [
              6.1432645,
              45.8745022
            ],
            [
              6.1432423,
              45.8745937
            ],
            [
              6.1432363,
              45.8747382
            ],
            [
              6.1432484,
              45.8750353
            ],
            [
              6.1432435,
              45.875104
            ],
            [
              6.1432651,
              45.875343
            ],
            [
              6.14329,
              45.8754529
            ],
            [
              6.143294,
              45.8754933
            ],
            [
              6.1433679,
              45.8756683
            ],
            [
              6.1433409,
              45.8757839
            ],
            [
              6.1433369,
              45.8758579
            ],
            [
              6.1433268,
              45.8759513
            ],
            [
              6.143298,
              45.8762799
            ],
            [
              6.143306,
              45.876406
            ],
            [
              6.1433131,
              45.8765234
            ],
            [
              6.1433275,
              45.8767477
            ],
            [
              6.1433396,
              45.8768724
            ],
            [
              6.1433374,
              45.8769078
            ],
            [
              6.1432524,
              45.8771697
            ],
            [
              6.1432618,
              45.8774741
            ],
            [
              6.1432811,
              45.8776534
            ],
            [
              6.1432484,
              45.8777523
            ],
            [
              6.1432256,
              45.878018
            ],
            [
              6.1432434,
              45.8785218
            ],
            [
              6.1431562,
              45.8785994
            ],
            [
              6.1431042,
              45.8785891
            ],
            [
              6.1430656,
              45.8786096
            ],
            [
              6.1430579,
              45.8786291
            ],
            [
              6.1430003,
              45.8786655
            ],
            [
              6.1429768,
              45.8786956
            ],
            [
              6.1430418,
              45.8788102
            ],
            [
              6.1431173,
              45.8789639
            ],
            [
              6.1432087,
              45.8791194
            ],
            [
              6.1432041,
              45.8793494
            ],
            [
              6.1432008,
              45.8794539
            ],
            [
              6.143162,
              45.8795974
            ],
            [
              6.1431163,
              45.8797326
            ],
            [
              6.1430754,
              45.879959
            ],
            [
              6.1429865,
              45.8803496
            ],
            [
              6.1429614,
              45.880472
            ],
            [
              6.1429134,
              45.8807324
            ],
            [
              6.1429171,
              45.8808409
            ],
            [
              6.1429211,
              45.8809585
            ],
            [
              6.1428957,
              45.8812087
            ],
            [
              6.1429225,
              45.8814145
            ],
            [
              6.1429446,
              45.8814229
            ],
            [
              6.1429627,
              45.8814421
            ],
            [
              6.1429661,
              45.8814682
            ],
            [
              6.1429399,
              45.881499
            ],
            [
              6.1429527,
              45.8815779
            ],
            [
              6.1429721,
              45.8815742
            ],
            [
              6.1429869,
              45.8816391
            ],
            [
              6.1429574,
              45.8816843
            ],
            [
              6.1429589,
              45.8817542
            ],
            [
              6.1429782,
              45.8817608
            ],
            [
              6.1429741,
              45.8817852
            ],
            [
              6.1429835,
              45.8817903
            ],
            [
              6.1429895,
              45.8818127
            ],
            [
              6.1429741,
              45.8818286
            ],
            [
              6.142946,
              45.8818393
            ],
            [
              6.1429225,
              45.8819257
            ],
            [
              6.1429339,
              45.8819411
            ],
            [
              6.1429258,
              45.8819598
            ],
            [
              6.1429045,
              45.8819735
            ],
            [
              6.1428737,
              45.8820825
            ],
            [
              6.1427321,
              45.8822002
            ],
            [
              6.1425535,
              45.8823278
            ],
            [
              6.1424323,
              45.8824206
            ],
            [
              6.1422889,
              45.8825305
            ],
            [
              6.1422929,
              45.882606
            ],
            [
              6.1422985,
              45.8827112
            ],
            [
              6.1423023,
              45.8827833
            ],
            [
              6.1423081,
              45.8828919
            ],
            [
              6.1423305,
              45.8833147
            ],
            [
              6.142341,
              45.883578
            ],
            [
              6.1423473,
              45.8835869
            ],
            [
              6.1423994,
              45.8835872
            ],
            [
              6.1424004,
              45.8836136
            ],
            [
              6.1423514,
              45.8836161
            ],
            [
              6.1423531,
              45.88364
            ],
            [
              6.1422524,
              45.883894
            ],
            [
              6.1422971,
              45.8840464
            ],
            [
              6.1422794,
              45.884065
            ],
            [
              6.1423039,
              45.8843726
            ],
            [
              6.1422812,
              45.8844178
            ],
            [
              6.1423118,
              45.8845431
            ],
            [
              6.1424855,
              45.8853282
            ],
            [
              6.1425293,
              45.8854294
            ],
            [
              6.1426077,
              45.8855949
            ],
            [
              6.1427822,
              45.8859635
            ],
            [
              6.1428442,
              45.885992
            ],
            [
              6.1429656,
              45.8861726
            ],
            [
              6.1431208,
              45.8865157
            ],
            [
              6.1434658,
              45.887439
            ],
            [
              6.1434572,
              45.8874979
            ],
            [
              6.1435161,
              45.8876868
            ],
            [
              6.1435427,
              45.8877037
            ],
            [
              6.143603,
              45.8877637
            ],
            [
              6.1436385,
              45.8878078
            ],
            [
              6.1436597,
              45.8878321
            ],
            [
              6.1436883,
              45.8878409
            ],
            [
              6.1437582,
              45.8879682
            ],
            [
              6.1437717,
              45.8880903
            ],
            [
              6.1437498,
              45.8881585
            ],
            [
              6.1437284,
              45.8882107
            ],
            [
              6.1437956,
              45.8887662
            ],
            [
              6.1437826,
              45.8888311
            ],
            [
              6.143726,
              45.8889307
            ],
            [
              6.1437074,
              45.8890301
            ],
            [
              6.1437053,
              45.8891626
            ],
            [
              6.1437161,
              45.889384
            ],
            [
              6.1436264,
              45.8897411
            ],
            [
              6.1435415,
              45.8899584
            ],
            [
              6.1434801,
              45.8900582
            ],
            [
              6.1434297,
              45.8900827
            ],
            [
              6.1433982,
              45.8901628
            ],
            [
              6.1433431,
              45.8902416
            ],
            [
              6.1433688,
              45.8902522
            ],
            [
              6.1432939,
              45.8903312
            ],
            [
              6.1431879,
              45.8903784
            ],
            [
              6.1430298,
              45.890462
            ],
            [
              6.1429303,
              45.8905115
            ],
            [
              6.1427927,
              45.8905546
            ],
            [
              6.1425958,
              45.8905803
            ],
            [
              6.1424938,
              45.8905948
            ],
            [
              6.1423228,
              45.8906226
            ],
            [
              6.1421259,
              45.890627
            ],
            [
              6.1421215,
              45.8906466
            ],
            [
              6.1420481,
              45.890656
            ],
            [
              6.1419851,
              45.8906476
            ],
            [
              6.1419851,
              45.8906233
            ],
            [
              6.1418441,
              45.8906301
            ],
            [
              6.1415592,
              45.8906414
            ],
            [
              6.1413675,
              45.8906862
            ],
            [
              6.1411603,
              45.8907484
            ],
            [
              6.141167,
              45.890768
            ],
            [
              6.141112,
              45.8907885
            ],
            [
              6.1410463,
              45.8907997
            ],
            [
              6.1410342,
              45.8907792
            ],
            [
              6.1407025,
              45.8908734
            ],
            [
              6.1405305,
              45.8909874
            ],
            [
              6.1403154,
              45.891101
            ],
            [
              6.1393906,
              45.8916248
            ],
            [
              6.1392242,
              45.8916367
            ],
            [
              6.1392052,
              45.891764
            ],
            [
              6.1384801,
              45.8923087
            ],
            [
              6.1383151,
              45.8922512
            ],
            [
              6.1382795,
              45.8922918
            ],
            [
              6.1380951,
              45.8924229
            ],
            [
              6.1379339,
              45.8925475
            ],
            [
              6.1373949,
              45.8929674
            ],
            [
              6.137192,
              45.8931255
            ],
            [
              6.1369081,
              45.8933352
            ],
            [
              6.13688,
              45.8933635
            ],
            [
              6.1368666,
              45.8933775
            ],
            [
              6.1368425,
              45.8933967
            ],
            [
              6.1368127,
              45.8934259
            ],
            [
              6.1368665,
              45.8934636
            ],
            [
              6.1367043,
              45.8936056
            ],
            [
              6.1366721,
              45.8936312
            ],
            [
              6.1366647,
              45.8936371
            ],
            [
              6.1366541,
              45.8936458
            ],
            [
              6.136647,
              45.8936517
            ],
            [
              6.1366098,
              45.8936814
            ],
            [
              6.1364747,
              45.8937995
            ],
            [
              6.1364366,
              45.8938253
            ],
            [
              6.1364285,
              45.8938308
            ],
            [
              6.1364128,
              45.8938445
            ],
            [
              6.1363793,
              45.893867
            ],
            [
              6.1362361,
              45.8940045
            ],
            [
              6.1362293,
              45.8940088
            ],
            [
              6.1362011,
              45.8940266
            ],
            [
              6.1361952,
              45.8940303
            ],
            [
              6.1357568,
              45.8943073
            ],
            [
              6.1357151,
              45.8943296
            ],
            [
              6.1357069,
              45.8943314
            ],
            [
              6.1356594,
              45.8943417
            ],
            [
              6.1356202,
              45.8943394
            ],
            [
              6.1355913,
              45.8943322
            ],
            [
              6.1355796,
              45.8943293
            ],
            [
              6.1355255,
              45.8943005
            ],
            [
              6.1355397,
              45.8942852
            ],
            [
              6.1352685,
              45.8941932
            ],
            [
              6.1351944,
              45.8941882
            ],
            [
              6.1351323,
              45.8941923
            ],
            [
              6.1350686,
              45.8942089
            ],
            [
              6.1350222,
              45.8942296
            ],
            [
              6.1349464,
              45.8942838
            ],
            [
              6.1350236,
              45.8943161
            ],
            [
              6.1349867,
              45.8943691
            ],
            [
              6.134857,
              45.8943226
            ],
            [
              6.1348216,
              45.8943778
            ],
            [
              6.1347873,
              45.8944312
            ],
            [
              6.1348946,
              45.8944706
            ],
            [
              6.1348897,
              45.8944769
            ],
            [
              6.1348791,
              45.8944903
            ],
            [
              6.1346352,
              45.8948093
            ],
            [
              6.1346255,
              45.8948216
            ],
            [
              6.1340255,
              45.8956096
            ],
            [
              6.1341698,
              45.8956585
            ],
            [
              6.1341327,
              45.8957006
            ],
            [
              6.1345808,
              45.8958685
            ],
            [
              6.1354353,
              45.8958477
            ],
            [
              6.1354117,
              45.8958679
            ],
            [
              6.1342881,
              45.8968212
            ],
            [
              6.1334729,
              45.8975201
            ],
            [
              6.1333537,
              45.8976052
            ],
            [
              6.1332309,
              45.8976863
            ],
            [
              6.1331743,
              45.8977165
            ],
            [
              6.1331272,
              45.8977417
            ],
            [
              6.1330425,
              45.8977879
            ],
            [
              6.1329122,
              45.8978451
            ],
            [
              6.1328812,
              45.8978587
            ],
            [
              6.1327285,
              45.8979163
            ],
            [
              6.1327012,
              45.8979247
            ],
            [
              6.1326838,
              45.8979301
            ],
            [
              6.1324366,
              45.8980007
            ],
            [
              6.1322273,
              45.8980483
            ],
            [
              6.131938,
              45.8980902
            ],
            [
              6.1317425,
              45.8981093
            ],
            [
              6.1313617,
              45.8981127
            ],
            [
              6.1313205,
              45.8983997
            ],
            [
              6.1315875,
              45.8984318
            ],
            [
              6.1318761,
              45.898505
            ],
            [
              6.1321263,
              45.8986222
            ],
            [
              6.1323192,
              45.8987807
            ],
            [
              6.132435,
              45.8989468
            ],
            [
              6.132494,
              45.8991302
            ],
            [
              6.1325769,
              45.8991191
            ],
            [
              6.1325942,
              45.8992043
            ],
            [
              6.1325901,
              45.8992666
            ],
            [
              6.1325848,
              45.8993343
            ],
            [
              6.1325655,
              45.8994089
            ],
            [
              6.1324861,
              45.8994032
            ],
            [
              6.1324727,
              45.899471
            ],
            [
              6.1324309,
              45.8995618
            ],
            [
              6.1323958,
              45.8996161
            ],
            [
              6.1323082,
              45.8997237
            ],
            [
              6.1322039,
              45.8998109
            ],
            [
              6.1320722,
              45.8999027
            ],
            [
              6.1319623,
              45.8999565
            ],
            [
              6.1318805,
              45.8999929
            ],
            [
              6.1317652,
              45.9000335
            ],
            [
              6.1316197,
              45.9000634
            ],
            [
              6.1314681,
              45.9000867
            ],
            [
              6.1313977,
              45.9000951
            ],
            [
              6.1306838,
              45.9001178
            ],
            [
              6.1283369,
              45.9001923
            ],
            [
              6.1282119,
              45.90022
            ],
            [
              6.1281835,
              45.9002383
            ],
            [
              6.1281214,
              45.9002782
            ],
            [
              6.128,
              45.9004386
            ],
            [
              6.127869,
              45.9006315
            ],
            [
              6.127647,
              45.9009584
            ],
            [
              6.1278067,
              45.9010021
            ],
            [
              6.1279285,
              45.9010377
            ],
            [
              6.1281559,
              45.9006983
            ],
            [
              6.1282786,
              45.9005151
            ],
            [
              6.1283589,
              45.9004459
            ],
            [
              6.1285245,
              45.9003978
            ],
            [
              6.1312723,
              45.9002953
            ],
            [
              6.131389,
              45.9002939
            ],
            [
              6.1314332,
              45.9002972
            ],
            [
              6.1314882,
              45.9003061
            ],
            [
              6.1316801,
              45.9003481
            ],
            [
              6.1318658,
              45.9004
            ],
            [
              6.1320425,
              45.9004815
            ],
            [
              6.1320962,
              45.9005134
            ],
            [
              6.1322244,
              45.9005894
            ],
            [
              6.1322408,
              45.9006047
            ],
            [
              6.1323371,
              45.9006943
            ],
            [
              6.1324207,
              45.9007956
            ],
            [
              6.1324854,
              45.9009094
            ],
            [
              6.1325115,
              45.9009961
            ],
            [
              6.1325277,
              45.90105
            ],
            [
              6.1325251,
              45.9011453
            ],
            [
              6.1340503,
              45.9015469
            ],
            [
              6.1341769,
              45.9015899
            ],
            [
              6.1343025,
              45.9016435
            ],
            [
              6.1344109,
              45.9016965
            ],
            [
              6.1345193,
              45.9017592
            ],
            [
              6.1346251,
              45.9018319
            ],
            [
              6.1347105,
              45.9019018
            ],
            [
              6.1348174,
              45.9020103
            ],
            [
              6.1349568,
              45.9021896
            ],
            [
              6.1351212,
              45.9025005
            ],
            [
              6.1351526,
              45.9025438
            ],
            [
              6.1352327,
              45.9026541
            ],
            [
              6.1354371,
              45.9028345
            ],
            [
              6.1354723,
              45.9028656
            ],
            [
              6.1357667,
              45.9030285
            ],
            [
              6.1360816,
              45.9031372
            ],
            [
              6.1360326,
              45.9031368
            ],
            [
              6.1359948,
              45.9031411
            ],
            [
              6.1359714,
              45.903168
            ],
            [
              6.1359576,
              45.9031967
            ],
            [
              6.1359549,
              45.9032186
            ],
            [
              6.1359686,
              45.9032483
            ],
            [
              6.1359976,
              45.9032673
            ],
            [
              6.1406347,
              45.9044911
            ],
            [
              6.1407277,
              45.9044478
            ],
            [
              6.1411434,
              45.9032887
            ],
            [
              6.1412906,
              45.903216
            ],
            [
              6.1414803,
              45.903159
            ],
            [
              6.1421384,
              45.9030353
            ],
            [
              6.1421546,
              45.9028598
            ],
            [
              6.1421222,
              45.9028289
            ],
            [
              6.142145,
              45.9027512
            ],
            [
              6.1419167,
              45.9027174
            ],
            [
              6.1419143,
              45.9027277
            ],
            [
              6.1418919,
              45.9027249
            ],
            [
              6.141866,
              45.9027183
            ],
            [
              6.141855,
              45.9027067
            ],
            [
              6.1418538,
              45.9027026
            ],
            [
              6.1418496,
              45.9026887
            ],
            [
              6.1418587,
              45.9026754
            ],
            [
              6.1418761,
              45.9026677
            ],
            [
              6.1419317,
              45.9026745
            ],
            [
              6.1419291,
              45.9026798
            ],
            [
              6.1420407,
              45.9026972
            ],
            [
              6.1421621,
              45.9027162
            ],
            [
              6.1421688,
              45.9027164
            ],
            [
              6.1422154,
              45.9027174
            ],
            [
              6.1422789,
              45.9027141
            ],
            [
              6.1423509,
              45.9027023
            ],
            [
              6.1424427,
              45.9026716
            ],
            [
              6.1425145,
              45.9026208
            ],
            [
              6.1426715,
              45.9024531
            ],
            [
              6.1428822,
              45.9023178
            ],
            [
              6.1429021,
              45.902305
            ],
            [
              6.1431499,
              45.9021916
            ],
            [
              6.1433156,
              45.9021277
            ],
            [
              6.1433778,
              45.9020968
            ],
            [
              6.1434241,
              45.9020621
            ],
            [
              6.1434631,
              45.9020288
            ],
            [
              6.1434989,
              45.9019796
            ],
            [
              6.1435199,
              45.9019244
            ],
            [
              6.1435403,
              45.901871
            ],
            [
              6.1435505,
              45.9018107
            ],
            [
              6.1435648,
              45.9017267
            ],
            [
              6.1435818,
              45.901606
            ],
            [
              6.1435927,
              45.9015859
            ],
            [
              6.1436102,
              45.9015714
            ],
            [
              6.1436392,
              45.9015537
            ],
            [
              6.1436693,
              45.9015455
            ],
            [
              6.1437077,
              45.9015443
            ],
            [
              6.1437553,
              45.9015613
            ],
            [
              6.1437778,
              45.9015817
            ],
            [
              6.1437872,
              45.9016128
            ],
            [
              6.1437778,
              45.9016443
            ],
            [
              6.143754,
              45.9016571
            ],
            [
              6.1437977,
              45.9016682
            ],
            [
              6.143887,
              45.901672
            ],
            [
              6.1438837,
              45.9016903
            ],
            [
              6.14384,
              45.901935
            ],
            [
              6.1437609,
              45.9019277
            ],
            [
              6.1437999,
              45.9016886
            ],
            [
              6.1436435,
              45.9016773
            ],
            [
              6.1435802,
              45.9020463
            ],
            [
              6.1435121,
              45.9024428
            ],
            [
              6.1435384,
              45.9025289
            ],
            [
              6.1435995,
              45.9026013
            ],
            [
              6.1436749,
              45.9026491
            ],
            [
              6.1437785,
              45.9026861
            ],
            [
              6.1439181,
              45.9026948
            ],
            [
              6.1440184,
              45.9026756
            ],
            [
              6.1440796,
              45.9026259
            ],
            [
              6.1441757,
              45.9024023
            ],
            [
              6.1441599,
              45.9023783
            ],
            [
              6.144164,
              45.9023411
            ],
            [
              6.1442059,
              45.9023182
            ],
            [
              6.1442618,
              45.9023229
            ],
            [
              6.1443279,
              45.9022752
            ],
            [
              6.1444199,
              45.9022263
            ],
            [
              6.1445503,
              45.9022087
            ],
            [
              6.1446595,
              45.9022126
            ],
            [
              6.144891,
              45.9022635
            ],
            [
              6.1450786,
              45.9023371
            ],
            [
              6.1452224,
              45.9024253
            ],
            [
              6.1452329,
              45.9024369
            ],
            [
              6.1453008,
              45.9025121
            ],
            [
              6.1453407,
              45.9025689
            ],
            [
              6.1453703,
              45.9026037
            ],
            [
              6.1453809,
              45.9026242
            ],
            [
              6.1453738,
              45.9026425
            ],
            [
              6.1453548,
              45.902651
            ],
            [
              6.145319,
              45.902646
            ],
            [
              6.1452838,
              45.9026286
            ],
            [
              6.1452678,
              45.902612
            ],
            [
              6.1452456,
              45.9025343
            ],
            [
              6.1452308,
              45.9025099
            ],
            [
              6.1452,
              45.9024973
            ],
            [
              6.1451697,
              45.9024987
            ],
            [
              6.1451418,
              45.9025173
            ],
            [
              6.1451388,
              45.9025494
            ],
            [
              6.1451419,
              45.9025896
            ],
            [
              6.1451346,
              45.9026165
            ],
            [
              6.145133,
              45.9026391
            ],
            [
              6.1451355,
              45.9026548
            ],
            [
              6.1451524,
              45.90266
            ],
            [
              6.1452003,
              45.9026444
            ],
            [
              6.145247,
              45.9026412
            ],
            [
              6.1452783,
              45.9026545
            ],
            [
              6.1453549,
              45.902923
            ],
            [
              6.1456604,
              45.9032844
            ],
            [
              6.1460362,
              45.9036176
            ],
            [
              6.146046,
              45.9036247
            ],
            [
              6.1461409,
              45.9036935
            ],
            [
              6.1462425,
              45.9038077
            ],
            [
              6.1463629,
              45.9039654
            ],
            [
              6.1464048,
              45.9040228
            ],
            [
              6.1464513,
              45.9041326
            ],
            [
              6.1468477,
              45.9042256
            ],
            [
              6.1470442,
              45.9041603
            ],
            [
              6.1472167,
              45.9041542
            ],
            [
              6.147487,
              45.9041951
            ],
            [
              6.1476102,
              45.9042139
            ],
            [
              6.1477777,
              45.9042228
            ],
            [
              6.147818,
              45.9042478
            ],
            [
              6.1478316,
              45.9042892
            ],
            [
              6.1479267,
              45.9043248
            ],
            [
              6.1483667,
              45.9043886
            ],
            [
              6.1486061,
              45.9043926
            ],
            [
              6.1491097,
              45.9044471
            ],
            [
              6.1495342,
              45.9045198
            ],
            [
              6.1496333,
              45.9045393
            ],
            [
              6.1498383,
              45.9045797
            ],
            [
              6.1501719,
              45.9046394
            ],
            [
              6.1502095,
              45.9046461
            ],
            [
              6.1503057,
              45.9046585
            ],
            [
              6.1504142,
              45.9046609
            ],
            [
              6.1506422,
              45.9045765
            ],
            [
              6.1507803,
              45.9045213
            ],
            [
              6.1508367,
              45.9044582
            ],
            [
              6.1508652,
              45.9043923
            ],
            [
              6.1508873,
              45.9043415
            ],
            [
              6.1508866,
              45.9042934
            ],
            [
              6.1508764,
              45.9042726
            ],
            [
              6.1508612,
              45.9042416
            ],
            [
              6.1508055,
              45.9042164
            ],
            [
              6.150727,
              45.9041767
            ],
            [
              6.1506674,
              45.9041576
            ],
            [
              6.150603,
              45.9041599
            ],
            [
              6.1505748,
              45.9041473
            ],
            [
              6.1505735,
              45.9041312
            ],
            [
              6.1505835,
              45.9040857
            ],
            [
              6.1506037,
              45.9040666
            ],
            [
              6.150658,
              45.9040638
            ],
            [
              6.1509356,
              45.904145
            ],
            [
              6.1510201,
              45.9041329
            ],
            [
              6.1510724,
              45.9041441
            ],
            [
              6.1510315,
              45.904243
            ],
            [
              6.1512286,
              45.9043293
            ],
            [
              6.1511636,
              45.9043643
            ],
            [
              6.1512421,
              45.904383
            ],
            [
              6.151241,
              45.9044199
            ],
            [
              6.151333,
              45.9044361
            ],
            [
              6.1513445,
              45.9044182
            ],
            [
              6.151374,
              45.9044062
            ],
            [
              6.1513889,
              45.9044322
            ],
            [
              6.1513842,
              45.9048684
            ],
            [
              6.1514854,
              45.9048943
            ],
            [
              6.1515635,
              45.9049509
            ],
            [
              6.1516506,
              45.9050292
            ],
            [
              6.1518019,
              45.9052664
            ],
            [
              6.1541916,
              45.9056315
            ],
            [
              6.1544484,
              45.9056681
            ],
            [
              6.1549098,
              45.905734
            ],
            [
              6.155181,
              45.9057727
            ],
            [
              6.1555013,
              45.9058135
            ],
            [
              6.1558471,
              45.9058508
            ],
            [
              6.1560097,
              45.9058514
            ],
            [
              6.1561217,
              45.9058518
            ],
            [
              6.1562629,
              45.9058518
            ],
            [
              6.156409,
              45.9058384
            ],
            [
              6.1566657,
              45.9058146
            ],
            [
              6.1568517,
              45.9057867
            ],
            [
              6.157035,
              45.9057301
            ],
            [
              6.1572467,
              45.9055953
            ],
            [
              6.1574687,
              45.9054518
            ],
            [
              6.1577067,
              45.9053339
            ],
            [
              6.1578473,
              45.9052809
            ],
            [
              6.1579199,
              45.9052323
            ],
            [
              6.1580096,
              45.9052023
            ],
            [
              6.1581029,
              45.9051824
            ],
            [
              6.158171,
              45.9051774
            ],
            [
              6.1581816,
              45.905147
            ],
            [
              6.1582184,
              45.9051189
            ],
            [
              6.1582606,
              45.9051035
            ],
            [
              6.1583175,
              45.9051023
            ],
            [
              6.1583745,
              45.9051163
            ],
            [
              6.1584387,
              45.9051623
            ],
            [
              6.158452,
              45.905163
            ],
            [
              6.1585291,
              45.9051674
            ],
            [
              6.158661,
              45.905092
            ],
            [
              6.1586953,
              45.905064
            ],
            [
              6.1587104,
              45.9050516
            ],
            [
              6.1587159,
              45.9050471
            ],
            [
              6.1587343,
              45.9050321
            ],
            [
              6.1590395,
              45.9047824
            ],
            [
              6.1591476,
              45.9046737
            ],
            [
              6.1591574,
              45.9046639
            ],
            [
              6.1591888,
              45.9046324
            ],
            [
              6.1593049,
              45.9045157
            ],
            [
              6.1594375,
              45.9043219
            ],
            [
              6.1594643,
              45.9042792
            ],
            [
              6.159475,
              45.9042621
            ],
            [
              6.1594786,
              45.9042556
            ],
            [
              6.1596136,
              45.9040119
            ],
            [
              6.1596009,
              45.9039937
            ],
            [
              6.1595921,
              45.9039812
            ],
            [
              6.1595724,
              45.9039504
            ],
            [
              6.1595508,
              45.9039168
            ],
            [
              6.1595833,
              45.9038121
            ],
            [
              6.1596501,
              45.9037115
            ],
            [
              6.1597409,
              45.903631
            ],
            [
              6.1597677,
              45.9036078
            ],
            [
              6.1598687,
              45.9033541
            ],
            [
              6.1599863,
              45.9030508
            ],
            [
              6.1601409,
              45.9026906
            ],
            [
              6.1603197,
              45.9022665
            ],
            [
              6.1604759,
              45.9019499
            ],
            [
              6.1607815,
              45.9014722
            ],
            [
              6.160912,
              45.9012828
            ],
            [
              6.1610153,
              45.90109
            ],
            [
              6.1610978,
              45.9009001
            ],
            [
              6.1611816,
              45.9006122
            ],
            [
              6.161195,
              45.9005021
            ],
            [
              6.1612713,
              45.900297
            ],
            [
              6.1613774,
              45.9000093
            ],
            [
              6.1615263,
              45.899649
            ],
            [
              6.1616349,
              45.8993672
            ],
            [
              6.1616403,
              45.8992925
            ],
            [
              6.1616155,
              45.89924
            ],
            [
              6.1625537,
              45.8983612
            ],
            [
              6.1630844,
              45.8979189
            ],
            [
              6.1632335,
              45.8977385
            ],
            [
              6.1634615,
              45.8974436
            ],
            [
              6.1636711,
              45.8971651
            ],
            [
              6.1637922,
              45.897002
            ],
            [
              6.1638217,
              45.8969505
            ],
            [
              6.1640258,
              45.8965939
            ],
            [
              6.1641212,
              45.8964249
            ],
            [
              6.1641746,
              45.8963302
            ],
            [
              6.1641806,
              45.8963195
            ],
            [
              6.1642148,
              45.8962589
            ],
            [
              6.1643225,
              45.8961817
            ],
            [
              6.1645848,
              45.8958148
            ],
            [
              6.164773,
              45.8954988
            ],
            [
              6.1651439,
              45.8949955
            ],
            [
              6.1652952,
              45.8948114
            ],
            [
              6.1653108,
              45.8947043
            ],
            [
              6.1655189,
              45.8945504
            ],
            [
              6.1655738,
              45.8945948
            ],
            [
              6.1657309,
              45.8944929
            ],
            [
              6.1657124,
              45.8944755
            ],
            [
              6.1659601,
              45.8943122
            ],
            [
              6.166183,
              45.8941036
            ],
            [
              6.1662378,
              45.8939991
            ],
            [
              6.1662725,
              45.8935898
            ],
            [
              6.1662657,
              45.8934516
            ],
            [
              6.1662383,
              45.8928932
            ],
            [
              6.1662079,
              45.8928701
            ],
            [
              6.1662525,
              45.8925609
            ],
            [
              6.1662895,
              45.8923887
            ],
            [
              6.1663901,
              45.8920978
            ],
            [
              6.1664467,
              45.8919722
            ],
            [
              6.1666305,
              45.891788
            ],
            [
              6.166669,
              45.8917448
            ],
            [
              6.1666958,
              45.8917147
            ],
            [
              6.166967,
              45.8914105
            ],
            [
              6.1673999,
              45.8911364
            ],
            [
              6.1682373,
              45.8907158
            ],
            [
              6.168206,
              45.8906807
            ],
            [
              6.1682622,
              45.8905782
            ],
            [
              6.1683672,
              45.8905143
            ],
            [
              6.16837,
              45.890472
            ],
            [
              6.1684524,
              45.8904149
            ],
            [
              6.1685022,
              45.8903979
            ],
            [
              6.1685629,
              45.8903688
            ],
            [
              6.1687526,
              45.8903846
            ],
            [
              6.1689626,
              45.8903814
            ],
            [
              6.1691064,
              45.8903383
            ],
            [
              6.1693172,
              45.8902225
            ],
            [
              6.1696078,
              45.8901239
            ],
            [
              6.1696325,
              45.8901156
            ],
            [
              6.1700363,
              45.890005
            ],
            [
              6.1703534,
              45.8899278
            ],
            [
              6.1704177,
              45.8898977
            ],
            [
              6.1705882,
              45.8898174
            ],
            [
              6.1706086,
              45.889808
            ],
            [
              6.1706685,
              45.8897804
            ],
            [
              6.1707725,
              45.8896622
            ],
            [
              6.1710056,
              45.8895779
            ],
            [
              6.1710912,
              45.8895247
            ],
            [
              6.1713144,
              45.8892366
            ],
            [
              6.1715883,
              45.8887644
            ],
            [
              6.1715972,
              45.8887491
            ],
            [
              6.1716137,
              45.8887206
            ],
            [
              6.1717291,
              45.8885176
            ],
            [
              6.1717995,
              45.8883302
            ],
            [
              6.1719594,
              45.8879809
            ],
            [
              6.1720682,
              45.887575
            ],
            [
              6.1720882,
              45.8875297
            ],
            [
              6.1721419,
              45.8874081
            ],
            [
              6.1721756,
              45.8872203
            ],
            [
              6.172185,
              45.8871575
            ],
            [
              6.1721839,
              45.8871378
            ],
            [
              6.1721827,
              45.887118
            ],
            [
              6.1721802,
              45.8870755
            ],
            [
              6.1721782,
              45.8870404
            ],
            [
              6.1722976,
              45.8868124
            ],
            [
              6.172304,
              45.8868002
            ],
            [
              6.1724382,
              45.8865439
            ],
            [
              6.1725232,
              45.8863227
            ],
            [
              6.1726475,
              45.8860915
            ],
            [
              6.1728021,
              45.8858208
            ],
            [
              6.1731193,
              45.8851772
            ],
            [
              6.1731369,
              45.8850352
            ],
            [
              6.173095,
              45.885027
            ],
            [
              6.1730994,
              45.8849913
            ],
            [
              6.1731465,
              45.8849954
            ],
            [
              6.1731727,
              45.8847791
            ],
            [
              6.1732198,
              45.8846423
            ],
            [
              6.1732248,
              45.8846278
            ],
            [
              6.1732808,
              45.8845138
            ],
            [
              6.1734979,
              45.8842699
            ],
            [
              6.1734291,
              45.884252
            ],
            [
              6.173473,
              45.8841697
            ],
            [
              6.173564,
              45.8841916
            ],
            [
              6.1736761,
              45.8839601
            ],
            [
              6.1736366,
              45.8839506
            ],
            [
              6.1736668,
              45.88389
            ],
            [
              6.1737074,
              45.8838992
            ],
            [
              6.1737596,
              45.8837993
            ],
            [
              6.1737996,
              45.8836027
            ],
            [
              6.1738085,
              45.8833168
            ],
            [
              6.1737624,
              45.8832289
            ],
            [
              6.1737669,
              45.8829585
            ],
            [
              6.1738744,
              45.8827625
            ],
            [
              6.1739201,
              45.8826474
            ],
            [
              6.1739316,
              45.8824778
            ],
            [
              6.1739674,
              45.8824391
            ],
            [
              6.1741743,
              45.882207
            ],
            [
              6.174161,
              45.8821939
            ],
            [
              6.1741916,
              45.8821592
            ],
            [
              6.1741746,
              45.8821531
            ],
            [
              6.1741739,
              45.8820839
            ],
            [
              6.1742225,
              45.8820687
            ],
            [
              6.1743059,
              45.8818043
            ],
            [
              6.1743195,
              45.8817711
            ],
            [
              6.174335,
              45.8817465
            ],
            [
              6.1744673,
              45.8815938
            ],
            [
              6.1745404,
              45.8816232
            ],
            [
              6.1745685,
              45.8815905
            ],
            [
              6.1744943,
              45.8815574
            ],
            [
              6.1745064,
              45.8815403
            ],
            [
              6.1745127,
              45.8815313
            ],
            [
              6.1745815,
              45.8814342
            ],
            [
              6.1747018,
              45.8812445
            ],
            [
              6.1747632,
              45.881078
            ],
            [
              6.1748185,
              45.8807442
            ],
            [
              6.1748505,
              45.880451
            ],
            [
              6.1748612,
              45.8803533
            ],
            [
              6.1748419,
              45.8801376
            ],
            [
              6.1748032,
              45.8799177
            ],
            [
              6.1748737,
              45.8799221
            ],
            [
              6.174824,
              45.8797824
            ],
            [
              6.1748189,
              45.8797733
            ],
            [
              6.1748176,
              45.8797627
            ],
            [
              6.1747673,
              45.8796804
            ],
            [
              6.1746833,
              45.8795631
            ],
            [
              6.1746283,
              45.8795197
            ],
            [
              6.1746075,
              45.8795032
            ],
            [
              6.17452,
              45.8794129
            ],
            [
              6.174364,
              45.8793095
            ],
            [
              6.1743317,
              45.8792808
            ],
            [
              6.1743263,
              45.8792632
            ],
            [
              6.1743193,
              45.8792408
            ],
            [
              6.1743203,
              45.8792225
            ],
            [
              6.1743211,
              45.8792081
            ],
            [
              6.1743328,
              45.8791779
            ],
            [
              6.1743966,
              45.8791247
            ],
            [
              6.1744294,
              45.8791217
            ],
            [
              6.1744627,
              45.8791253
            ],
            [
              6.1745219,
              45.8791038
            ],
            [
              6.1745768,
              45.8790809
            ],
            [
              6.1746861,
              45.8789634
            ],
            [
              6.1747096,
              45.878915
            ],
            [
              6.1747448,
              45.8788675
            ],
            [
              6.1747567,
              45.8788514
            ],
            [
              6.1746127,
              45.8787569
            ],
            [
              6.1746192,
              45.8787483
            ],
            [
              6.1746239,
              45.878742
            ],
            [
              6.1746353,
              45.8787221
            ],
            [
              6.1747982,
              45.8787954
            ],
            [
              6.17482,
              45.878766
            ],
            [
              6.1748663,
              45.8787503
            ],
            [
              6.1749007,
              45.8787227
            ],
            [
              6.1749888,
              45.8786385
            ],
            [
              6.1749682,
              45.8785103
            ],
            [
              6.1749864,
              45.8784755
            ],
            [
              6.174883,
              45.8784185
            ],
            [
              6.1748357,
              45.8783537
            ],
            [
              6.174936,
              45.8783403
            ],
            [
              6.1750269,
              45.8783437
            ],
            [
              6.1751838,
              45.8782186
            ],
            [
              6.1752558,
              45.8781346
            ],
            [
              6.1755256,
              45.8778201
            ],
            [
              6.175657,
              45.8776111
            ],
            [
              6.1757979,
              45.8773869
            ],
            [
              6.1759999,
              45.8772462
            ],
            [
              6.176033,
              45.8772569
            ],
            [
              6.1761707,
              45.8771593
            ],
            [
              6.1762452,
              45.8770714
            ],
            [
              6.1762851,
              45.8770243
            ],
            [
              6.1763371,
              45.8769429
            ],
            [
              6.1764072,
              45.8768331
            ],
            [
              6.1765037,
              45.8766821
            ],
            [
              6.1765266,
              45.8766463
            ],
            [
              6.1766408,
              45.876356
            ],
            [
              6.1766565,
              45.8763084
            ],
            [
              6.1766978,
              45.8761828
            ],
            [
              6.1772613,
              45.8755602
            ],
            [
              6.1773116,
              45.8755759
            ],
            [
              6.1774212,
              45.8754345
            ],
            [
              6.1775638,
              45.8752505
            ],
            [
              6.1776193,
              45.8751789
            ],
            [
              6.1777137,
              45.8750572
            ],
            [
              6.1777293,
              45.8750367
            ],
            [
              6.1776822,
              45.875018
            ],
            [
              6.1779067,
              45.8746952
            ],
            [
              6.1780672,
              45.8744644
            ],
            [
              6.1781371,
              45.8743639
            ],
            [
              6.1783095,
              45.8741646
            ],
            [
              6.178657,
              45.8737628
            ],
            [
              6.1788186,
              45.8735758
            ],
            [
              6.1789396,
              45.8734359
            ],
            [
              6.1791007,
              45.8732496
            ],
            [
              6.1791206,
              45.8732266
            ],
            [
              6.1806834,
              45.8711366
            ],
            [
              6.1812355,
              45.8705198
            ],
            [
              6.1816436,
              45.8701721
            ],
            [
              6.1817172,
              45.8701094
            ],
            [
              6.1818555,
              45.8698892
            ],
            [
              6.1823421,
              45.8691146
            ],
            [
              6.1825721,
              45.8687484
            ],
            [
              6.182729,
              45.8684985
            ],
            [
              6.1829085,
              45.8682128
            ],
            [
              6.1829925,
              45.868079
            ],
            [
              6.1829198,
              45.868049
            ],
            [
              6.1835918,
              45.8674118
            ],
            [
              6.1836645,
              45.8674394
            ],
            [
              6.1837281,
              45.8673415
            ],
            [
              6.1838472,
              45.867158
            ],
            [
              6.1839249,
              45.8670384
            ],
            [
              6.1841861,
              45.8667996
            ],
            [
              6.184219,
              45.8667695
            ],
            [
              6.1844094,
              45.8665955
            ],
            [
              6.184458,
              45.8665511
            ],
            [
              6.1846308,
              45.8663398
            ],
            [
              6.185,
              45.8658884
            ],
            [
              6.1853471,
              45.865464
            ],
            [
              6.1853577,
              45.8654523
            ],
            [
              6.1855904,
              45.8651961
            ],
            [
              6.1856103,
              45.8651764
            ],
            [
              6.1859042,
              45.8648845
            ],
            [
              6.1860174,
              45.864694
            ],
            [
              6.18622,
              45.8643532
            ],
            [
              6.1861025,
              45.8643053
            ],
            [
              6.1861682,
              45.8641482
            ],
            [
              6.1860958,
              45.8639239
            ],
            [
              6.1861585,
              45.8639164
            ],
            [
              6.1859971,
              45.8634835
            ],
            [
              6.1858218,
              45.8635115
            ],
            [
              6.1858027,
              45.8634528
            ],
            [
              6.1858281,
              45.863418
            ],
            [
              6.185766,
              45.8632912
            ],
            [
              6.1857077,
              45.8631623
            ],
            [
              6.1857058,
              45.8630738
            ],
            [
              6.1856886,
              45.8622785
            ],
            [
              6.1855609,
              45.8619106
            ],
            [
              6.185512,
              45.8617699
            ],
            [
              6.1853898,
              45.8614179
            ],
            [
              6.1852696,
              45.8610717
            ],
            [
              6.184827,
              45.8605412
            ],
            [
              6.1847954,
              45.8603557
            ],
            [
              6.1848357,
              45.8601764
            ],
            [
              6.1851635,
              45.85956
            ],
            [
              6.1850646,
              45.8595291
            ],
            [
              6.1850175,
              45.8595066
            ],
            [
              6.184997,
              45.8594865
            ],
            [
              6.1850321,
              45.8594352
            ],
            [
              6.1850872,
              45.8594691
            ],
            [
              6.1852011,
              45.8594951
            ],
            [
              6.1852283,
              45.8594374
            ],
            [
              6.1852454,
              45.8594057
            ],
            [
              6.1852738,
              45.8593567
            ],
            [
              6.1853872,
              45.8591403
            ],
            [
              6.1855363,
              45.858874
            ],
            [
              6.1855647,
              45.8588643
            ],
            [
              6.1855984,
              45.8588542
            ],
            [
              6.1856304,
              45.8589165
            ],
            [
              6.1857206,
              45.8589318
            ],
            [
              6.1857327,
              45.8589328
            ],
            [
              6.1859386,
              45.8589491
            ],
            [
              6.1864732,
              45.8587546
            ],
            [
              6.1867677,
              45.8584693
            ],
            [
              6.1871201,
              45.8581281
            ],
            [
              6.187256,
              45.8579965
            ],
            [
              6.1873027,
              45.8579275
            ],
            [
              6.1873845,
              45.8578066
            ],
            [
              6.1874249,
              45.8577469
            ],
            [
              6.1874638,
              45.8576894
            ],
            [
              6.1875072,
              45.8576251
            ],
            [
              6.1875448,
              45.8575697
            ],
            [
              6.1875776,
              45.8575211
            ],
            [
              6.1875859,
              45.8575077
            ],
            [
              6.187618,
              45.8574559
            ],
            [
              6.1876523,
              45.8574005
            ],
            [
              6.1876847,
              45.8573482
            ],
            [
              6.1877182,
              45.8572941
            ],
            [
              6.1877552,
              45.8572345
            ],
            [
              6.1877882,
              45.8571812
            ],
            [
              6.1878279,
              45.8571171
            ],
            [
              6.1878636,
              45.8570595
            ],
            [
              6.187921,
              45.8569669
            ],
            [
              6.1879094,
              45.8569443
            ],
            [
              6.1879634,
              45.8568425
            ],
            [
              6.1879779,
              45.8566906
            ],
            [
              6.1880049,
              45.8565636
            ],
            [
              6.188051,
              45.8565066
            ],
            [
              6.1879815,
              45.8564576
            ],
            [
              6.1880882,
              45.8563663
            ],
            [
              6.1882632,
              45.856428
            ],
            [
              6.1883094,
              45.8563513
            ],
            [
              6.1883495,
              45.8562845
            ],
            [
              6.1884114,
              45.8561817
            ],
            [
              6.1884472,
              45.8561223
            ],
            [
              6.1884719,
              45.8560445
            ],
            [
              6.1885104,
              45.8559229
            ],
            [
              6.1885316,
              45.8558562
            ],
            [
              6.1885481,
              45.8558042
            ],
            [
              6.1885541,
              45.8557852
            ],
            [
              6.1884663,
              45.8557791
            ],
            [
              6.1884504,
              45.8555393
            ],
            [
              6.188586,
              45.8553012
            ],
            [
              6.1886079,
              45.8552628
            ],
            [
              6.188438,
              45.8550487
            ],
            [
              6.1884702,
              45.8549387
            ],
            [
              6.1883411,
              45.8548294
            ],
            [
              6.1880764,
              45.854407
            ],
            [
              6.1880103,
              45.8542187
            ],
            [
              6.1880982,
              45.8541275
            ],
            [
              6.188049,
              45.8539978
            ],
            [
              6.1879292,
              45.853847
            ],
            [
              6.1875276,
              45.8534885
            ],
            [
              6.1874347,
              45.8531226
            ],
            [
              6.1874178,
              45.8528607
            ],
            [
              6.1875515,
              45.8525952
            ],
            [
              6.1877264,
              45.8519856
            ],
            [
              6.1878744,
              45.8512975
            ],
            [
              6.1880524,
              45.8507372
            ],
            [
              6.1882638,
              45.8502188
            ],
            [
              6.1882661,
              45.850093
            ],
            [
              6.1883192,
              45.8499077
            ],
            [
              6.1883766,
              45.8497355
            ],
            [
              6.1885669,
              45.8494913
            ],
            [
              6.1886532,
              45.8494148
            ],
            [
              6.188732,
              45.8493282
            ],
            [
              6.18879,
              45.8492632
            ],
            [
              6.1887944,
              45.8492004
            ],
            [
              6.1888118,
              45.8491495
            ],
            [
              6.1889267,
              45.8490388
            ],
            [
              6.1890397,
              45.8489032
            ],
            [
              6.1890784,
              45.8487254
            ],
            [
              6.1891435,
              45.8485567
            ],
            [
              6.1891835,
              45.8482829
            ],
            [
              6.1891838,
              45.8481259
            ],
            [
              6.1891262,
              45.8478132
            ],
            [
              6.1891166,
              45.8475672
            ],
            [
              6.189076,
              45.847332
            ],
            [
              6.1889681,
              45.8471486
            ],
            [
              6.1888342,
              45.8466541
            ],
            [
              6.1886408,
              45.8461968
            ],
            [
              6.1885631,
              45.8460318
            ],
            [
              6.1884347,
              45.8457302
            ],
            [
              6.1884045,
              45.8456115
            ],
            [
              6.188414,
              45.8454736
            ],
            [
              6.1884665,
              45.8453562
            ],
            [
              6.1885972,
              45.8452174
            ],
            [
              6.1888597,
              45.8450581
            ],
            [
              6.1889248,
              45.8448975
            ],
            [
              6.1888327,
              45.8446251
            ],
            [
              6.1888189,
              45.8444364
            ],
            [
              6.1889257,
              45.8442378
            ],
            [
              6.1889211,
              45.8440398
            ],
            [
              6.1888522,
              45.8438243
            ],
            [
              6.1888061,
              45.8436558
            ],
            [
              6.1888672,
              45.8435071
            ],
            [
              6.1891101,
              45.8432889
            ],
            [
              6.1893936,
              45.8430685
            ],
            [
              6.1897437,
              45.8429064
            ],
            [
              6.1898114,
              45.8428314
            ],
            [
              6.1901616,
              45.8427415
            ],
            [
              6.1902648,
              45.8425756
            ],
            [
              6.1904397,
              45.8424797
            ],
            [
              6.1905574,
              45.8424384
            ],
            [
              6.1906106,
              45.8424153
            ],
            [
              6.190727,
              45.8423939
            ],
            [
              6.1907823,
              45.8423722
            ],
            [
              6.1908848,
              45.8423861
            ],
            [
              6.1910017,
              45.8423506
            ],
            [
              6.19137,
              45.8422192
            ],
            [
              6.1917771,
              45.8420666
            ],
            [
              6.192065,
              45.8420147
            ],
            [
              6.192416,
              45.8419116
            ],
            [
              6.1929248,
              45.8418097
            ],
            [
              6.1930472,
              45.8416513
            ],
            [
              6.1932337,
              45.8416049
            ],
            [
              6.193371,
              45.8415675
            ]
          ],
          [
            [
              6.1332732,
              45.8993497
            ],
            [
              6.1331774,
              45.8992919
            ],
            [
              6.1331526,
              45.8992501
            ],
            [
              6.1331445,
              45.8991954
            ],
            [
              6.13315,
              45.8991495
            ],
            [
              6.133177,
              45.8990967
            ],
            [
              6.1331786,
              45.899057
            ],
            [
              6.1331763,
              45.8990235
            ],
            [
              6.1332373,
              45.8990214
            ],
            [
              6.1333081,
              45.8990343
            ],
            [
              6.1333283,
              45.8990733
            ],
            [
              6.1333792,
              45.8991143
            ],
            [
              6.1334044,
              45.8991622
            ],
            [
              6.1334254,
              45.8992134
            ],
            [
              6.1334157,
              45.8992625
            ],
            [
              6.1333744,
              45.8992975
            ],
            [
              6.1332732,
              45.8993497
            ]
          ],
          [
            [
              6.1522436,
              45.9043808
            ],
            [
              6.1522228,
              45.9044206
            ],
            [
              6.1521345,
              45.90444
            ],
            [
              6.1520554,
              45.904436
            ],
            [
              6.1517428,
              45.9044411
            ],
            [
              6.1515528,
              45.9043901
            ],
            [
              6.1515667,
              45.9043472
            ],
            [
              6.1516503,
              45.9043296
            ],
            [
              6.1519099,
              45.9043267
            ],
            [
              6.1521632,
              45.9043406
            ],
            [
              6.1522436,
              45.9043808
            ]
          ],
          [
            [
              6.150497,
              45.9041317
            ],
            [
              6.1504665,
              45.9041256
            ],
            [
              6.1504551,
              45.9041212
            ],
            [
              6.1504521,
              45.9041116
            ],
            [
              6.1504213,
              45.9041011
            ],
            [
              6.1503727,
              45.9040904
            ],
            [
              6.1503385,
              45.9040752
            ],
            [
              6.1502013,
              45.9040459
            ],
            [
              6.1501594,
              45.9040363
            ],
            [
              6.1501447,
              45.904034
            ],
            [
              6.1500662,
              45.904005
            ],
            [
              6.1499951,
              45.9039742
            ],
            [
              6.1498899,
              45.903935
            ],
            [
              6.1498288,
              45.9039082
            ],
            [
              6.1497913,
              45.9038842
            ],
            [
              6.149791,
              45.9038632
            ],
            [
              6.1498091,
              45.9038415
            ],
            [
              6.1498516,
              45.9038445
            ],
            [
              6.1500317,
              45.9038996
            ],
            [
              6.1502308,
              45.9039794
            ],
            [
              6.1503438,
              45.9040027
            ],
            [
              6.150434,
              45.904016
            ],
            [
              6.1505329,
              45.9040356
            ],
            [
              6.1505571,
              45.9040433
            ],
            [
              6.1505443,
              45.9040685
            ],
            [
              6.1505229,
              45.9041205
            ],
            [
              6.150497,
              45.9041317
            ]
          ]
        ]
      }
    },
    {
      "type": "Feature",
      "properties": {
        "fid": 4,
        "id": 8198444,
        "description": null,
        "layer": null,
        "name:es": null,
        "tourism": "attraction",
        "note": null,
        "wetland": "marsh",
        "name:nl": null,
        "amenity": null,
        "ele": null,
        "golf": null,
        "swimming": null,
        "boat": null,
        "landuse": null,
        "wheelchair": "yes",
        "artist_name": null,
        "intermittent": null,
        "type": "multipolygon",
        "basin": null,
        "wikimedia_commons": null,
        "toilets:wheelchair": "no",
        "wikidata": null,
        "source": null,
        "drinking_water": null,
        "level": null,
        "fountain": null,
        "tidal": null,
        "salt": null,
        "artwork_type": null,
        "name:en": null,
        "wikipedia": null,
        "water": null,
        "name": "ENS Marais de Macully",
        "natural": "wetland",
        "name:de": null,
        "name:it": null,
        "surface": null,
        "website": "https://www.fier-et-usses.com/3112-marais-de-macully.htm"
      },
      "geometry": {
        "type": "Polygon",
        "coordinates": [
          [
            [
              6.063548,
              45.927773
            ],
            [
              6.0632826,
              45.9272112
            ],
            [
              6.0634653,
              45.9266061
            ],
            [
              6.0635851,
              45.9259312
            ],
            [
              6.0642913,
              45.9258585
            ],
            [
              6.0650541,
              45.9249877
            ],
            [
              6.0657969,
              45.9246301
            ],
            [
              6.0659736,
              45.9245949
            ],
            [
              6.0662519,
              45.9246043
            ],
            [
              6.0663988,
              45.9246762
            ],
            [
              6.066877,
              45.9246963
            ],
            [
              6.0670837,
              45.9250643
            ],
            [
              6.0669906,
              45.9250969
            ],
            [
              6.0665781,
              45.9253771
            ],
            [
              6.0663731,
              45.925825
            ],
            [
              6.0658183,
              45.9263308
            ],
            [
              6.0659338,
              45.9264836
            ],
            [
              6.0659863,
              45.926678
            ],
            [
              6.0656449,
              45.927076
            ],
            [
              6.0655343,
              45.9275851
            ],
            [
              6.065313,
              45.9278221
            ],
            [
              6.0652268,
              45.9278472
            ],
            [
              6.0645085,
              45.9276216
            ],
            [
              6.0640852,
              45.9279288
            ],
            [
              6.063548,
              45.927773
            ]
          ],
          [
            [
              6.0652551,
              45.9253358
            ],
            [
              6.0651478,
              45.9253172
            ],
            [
              6.0651076,
              45.9252929
            ],
            [
              6.0651022,
              45.9252556
            ],
            [
              6.0651639,
              45.9251586
            ],
            [
              6.0652953,
              45.925097
            ],
            [
              6.0653973,
              45.9250746
            ],
            [
              6.0655582,
              45.9250896
            ],
            [
              6.0656574,
              45.9250616
            ],
            [
              6.0657862,
              45.9249925
            ],
            [
              6.0661751,
              45.924875
            ],
            [
              6.0662824,
              45.9248862
            ],
            [
              6.0663789,
              45.9249272
            ],
            [
              6.0664836,
              45.9250187
            ],
            [
              6.0665077,
              45.9250952
            ],
            [
              6.0664889,
              45.9251717
            ],
            [
              6.0662422,
              45.9252649
            ],
            [
              6.0661751,
              45.9253284
            ],
            [
              6.0660598,
              45.9255019
            ],
            [
              6.0659632,
              45.9255448
            ],
            [
              6.0659096,
              45.9255504
            ],
            [
              6.0658586,
              45.9255336
            ],
            [
              6.0657647,
              45.9254385
            ],
            [
              6.0656226,
              45.9253843
            ],
            [
              6.0654107,
              45.9253396
            ],
            [
              6.0652551,
              45.9253358
            ]
          ]
        ]
      }
    },
    {
      "type": "Feature",
      "properties": {
        "fid": 4,
        "id": 8198444,
        "description": null,
        "layer": null,
        "name:es": null,
        "tourism": "attraction",
        "note": null,
        "wetland": "marsh",
        "name:nl": null,
        "amenity": null,
        "ele": null,
        "golf": null,
        "swimming": null,
        "boat": null,
        "landuse": null,
        "wheelchair": "yes",
        "artist_name": null,
        "intermittent": null,
        "type": "multipolygon",
        "basin": null,
        "wikimedia_commons": null,
        "toilets:wheelchair": "no",
        "wikidata": null,
        "source": null,
        "drinking_water": null,
        "level": null,
        "fountain": null,
        "tidal": null,
        "salt": null,
        "artwork_type": null,
        "name:en": null,
        "wikipedia": null,
        "water": null,
        "name": "ENS Marais de Macully",
        "natural": "wetland",
        "name:de": null,
        "name:it": null,
        "surface": null,
        "website": "https://www.fier-et-usses.com/3112-marais-de-macully.htm"
      },
      "geometry": {
        "type": "Polygon",
        "coordinates": [
          [
            [
              6.0660303,
              45.9253592
            ],
            [
              6.0659793,
              45.9253452
            ],
            [
              6.0658841,
              45.9252733
            ],
            [
              6.0657205,
              45.9252425
            ],
            [
              6.0656185,
              45.9252071
            ],
            [
              6.0655864,
              45.9251763
            ],
            [
              6.0655864,
              45.925139
            ],
            [
              6.0657057,
              45.925098
            ],
            [
              6.0658264,
              45.9250215
            ],
            [
              6.0658519,
              45.9250149
            ],
            [
              6.0659029,
              45.925028
            ],
            [
              6.0660303,
              45.9251064
            ],
            [
              6.0661577,
              45.9252332
            ],
            [
              6.0661577,
              45.9252724
            ],
            [
              6.0661295,
              45.9253069
            ],
            [
              6.066092,
              45.9253368
            ],
            [
              6.0660303,
              45.9253592
            ]
          ]
        ]
      }
    },
    {
      "type": "Feature",
      "properties": {
        "fid": 5,
        "id": 24988130,
        "description": null,
        "layer": "-1",
        "name:es": null,
        "tourism": null,
        "note": null,
        "wetland": null,
        "name:nl": null,
        "amenity": null,
        "ele": null,
        "golf": null,
        "swimming": null,
        "boat": "no",
        "landuse": null,
        "wheelchair": null,
        "artist_name": null,
        "intermittent": null,
        "type": null,
        "basin": null,
        "wikimedia_commons": null,
        "toilets:wheelchair": null,
        "wikidata": null,
        "source": null,
        "drinking_water": null,
        "level": null,
        "fountain": null,
        "tidal": null,
        "salt": null,
        "artwork_type": null,
        "name:en": null,
        "wikipedia": null,
        "water": "canal",
        "name": "Canal Saint-Dominique",
        "natural": "water",
        "name:de": null,
        "name:it": null,
        "surface": null,
        "website": null
      },
      "geometry": {
        "type": "Polygon",
        "coordinates": [
          [
            [
              6.1238995,
              45.8994212
            ],
            [
              6.12412,
              45.8994623
            ],
            [
              6.1241163,
              45.8994712
            ],
            [
              6.1243714,
              45.8995343
            ],
            [
              6.1245875,
              45.8995849
            ],
            [
              6.1245866,
              45.8996087
            ],
            [
              6.1248483,
              45.8996713
            ],
            [
              6.1251147,
              45.8997602
            ],
            [
              6.1251438,
              45.8997991
            ],
            [
              6.1252186,
              45.8998148
            ],
            [
              6.1253028,
              45.8998301
            ],
            [
              6.1253305,
              45.8997618
            ],
            [
              6.1255475,
              45.899811
            ],
            [
              6.1258124,
              45.8998809
            ],
            [
              6.1258143,
              45.8998774
            ],
            [
              6.1258239,
              45.8998539
            ],
            [
              6.1258342,
              45.8998285
            ],
            [
              6.1257682,
              45.8998187
            ],
            [
              6.125649,
              45.8997848
            ],
            [
              6.1253833,
              45.8997188
            ],
            [
              6.1253777,
              45.8997247
            ],
            [
              6.1250806,
              45.8996414
            ],
            [
              6.1245451,
              45.8995067
            ],
            [
              6.1242974,
              45.8994371
            ],
            [
              6.1239234,
              45.8993687
            ],
            [
              6.1238995,
              45.8994212
            ]
          ]
        ]
      }
    },
    {
      "type": "Feature",
      "properties": {
        "fid": 6,
        "id": 24988267,
        "description": null,
        "layer": null,
        "name:es": null,
        "tourism": null,
        "note": null,
        "wetland": null,
        "name:nl": null,
        "amenity": null,
        "ele": null,
        "golf": null,
        "swimming": null,
        "boat": "no",
        "landuse": null,
        "wheelchair": null,
        "artist_name": null,
        "intermittent": null,
        "type": null,
        "basin": null,
        "wikimedia_commons": null,
        "toilets:wheelchair": null,
        "wikidata": null,
        "source": null,
        "drinking_water": null,
        "level": null,
        "fountain": null,
        "tidal": null,
        "salt": null,
        "artwork_type": null,
        "name:en": null,
        "wikipedia": null,
        "water": "river",
        "name": null,
        "natural": "water",
        "name:de": null,
        "name:it": null,
        "surface": null,
        "website": null
      },
      "geometry": {
        "type": "Polygon",
        "coordinates": [
          [
            [
              6.1165946,
              45.8971904
            ],
            [
              6.1166609,
              45.896938
            ],
            [
              6.1165426,
              45.8969749
            ],
            [
              6.1163994,
              45.8970397
            ],
            [
              6.1163452,
              45.897077
            ],
            [
              6.1162714,
              45.8971348
            ],
            [
              6.1162097,
              45.8971801
            ],
            [
              6.1160749,
              45.897274
            ],
            [
              6.1157794,
              45.897426
            ],
            [
              6.1156924,
              45.8975124
            ],
            [
              6.1153466,
              45.8977026
            ],
            [
              6.1152501,
              45.8977637
            ],
            [
              6.115172,
              45.8978332
            ],
            [
              6.1150983,
              45.8979442
            ],
            [
              6.1150651,
              45.8979943
            ],
            [
              6.1154728,
              45.8979681
            ],
            [
              6.1155194,
              45.8978887
            ],
            [
              6.115597,
              45.8978036
            ],
            [
              6.1156629,
              45.8977546
            ],
            [
              6.1157749,
              45.8976902
            ],
            [
              6.1158801,
              45.8976317
            ],
            [
              6.1161932,
              45.8974533
            ],
            [
              6.1162909,
              45.8973849
            ],
            [
              6.1164009,
              45.8973268
            ],
            [
              6.1165192,
              45.8972503
            ],
            [
              6.1165946,
              45.8971904
            ]
          ]
        ]
      }
    },
    {
      "type": "Feature",
      "properties": {
        "fid": 7,
        "id": 25003189,
        "description": null,
        "layer": "-1",
        "name:es": null,
        "tourism": null,
        "note": null,
        "wetland": null,
        "name:nl": null,
        "amenity": null,
        "ele": null,
        "golf": null,
        "swimming": null,
        "boat": "no",
        "landuse": null,
        "wheelchair": null,
        "artist_name": null,
        "intermittent": null,
        "type": null,
        "basin": null,
        "wikimedia_commons": null,
        "toilets:wheelchair": null,
        "wikidata": null,
        "source": null,
        "drinking_water": null,
        "level": null,
        "fountain": null,
        "tidal": null,
        "salt": null,
        "artwork_type": null,
        "name:en": null,
        "wikipedia": null,
        "water": "canal",
        "name": null,
        "natural": "water",
        "name:de": null,
        "name:it": null,
        "surface": null,
        "website": null
      },
      "geometry": {
        "type": "Polygon",
        "coordinates": [
          [
            [
              6.1251861,
              45.9001858
            ],
            [
              6.1251398,
              45.9001776
            ],
            [
              6.1250942,
              45.9001695
            ],
            [
              6.1250272,
              45.9003795
            ],
            [
              6.1250376,
              45.9003838
            ],
            [
              6.125032,
              45.9003973
            ],
            [
              6.1250443,
              45.9004078
            ],
            [
              6.1250388,
              45.9004189
            ],
            [
              6.1250242,
              45.9004226
            ],
            [
              6.1250116,
              45.9004188
            ],
            [
              6.1250016,
              45.9004316
            ],
            [
              6.1250102,
              45.900453
            ],
            [
              6.1250071,
              45.9005106
            ],
            [
              6.125102,
              45.9005356
            ],
            [
              6.1251124,
              45.9004818
            ],
            [
              6.1251806,
              45.9002043
            ],
            [
              6.1251835,
              45.9001944
            ],
            [
              6.1251861,
              45.9001858
            ]
          ]
        ]
      }
    },
    {
      "type": "Feature",
      "properties": {
        "fid": 8,
        "id": 25003190,
        "description": null,
        "layer": "-1",
        "name:es": null,
        "tourism": null,
        "note": null,
        "wetland": null,
        "name:nl": null,
        "amenity": null,
        "ele": null,
        "golf": null,
        "swimming": null,
        "boat": "no",
        "landuse": null,
        "wheelchair": null,
        "artist_name": null,
        "intermittent": null,
        "type": null,
        "basin": null,
        "wikimedia_commons": null,
        "toilets:wheelchair": null,
        "wikidata": null,
        "source": null,
        "drinking_water": null,
        "level": null,
        "fountain": null,
        "tidal": null,
        "salt": null,
        "artwork_type": null,
        "name:en": null,
        "wikipedia": null,
        "water": "canal",
        "name": null,
        "natural": "water",
        "name:de": null,
        "name:it": null,
        "surface": null,
        "website": null
      },
      "geometry": {
        "type": "Polygon",
        "coordinates": [
          [
            [
              6.1250071,
              45.9005106
            ],
            [
              6.1249951,
              45.90057
            ],
            [
              6.1249487,
              45.9007619
            ],
            [
              6.1249195,
              45.9008927
            ],
            [
              6.1248828,
              45.901021
            ],
            [
              6.1248563,
              45.9011166
            ],
            [
              6.1247982,
              45.9013344
            ],
            [
              6.1248433,
              45.9013396
            ],
            [
              6.1248934,
              45.9013446
            ],
            [
              6.1250872,
              45.900593
            ],
            [
              6.125102,
              45.9005356
            ],
            [
              6.1250071,
              45.9005106
            ]
          ]
        ]
      }
    },
    {
      "type": "Feature",
      "properties": {
        "fid": 9,
        "id": 25003200,
        "description": null,
        "layer": "-1",
        "name:es": null,
        "tourism": null,
        "note": "http://wiki.openstreetmap.org/wiki/Key:water",
        "wetland": null,
        "name:nl": null,
        "amenity": null,
        "ele": null,
        "golf": null,
        "swimming": null,
        "boat": "no",
        "landuse": null,
        "wheelchair": null,
        "artist_name": null,
        "intermittent": null,
        "type": null,
        "basin": null,
        "wikimedia_commons": null,
        "toilets:wheelchair": null,
        "wikidata": null,
        "source": null,
        "drinking_water": null,
        "level": null,
        "fountain": null,
        "tidal": null,
        "salt": null,
        "artwork_type": null,
        "name:en": null,
        "wikipedia": null,
        "water": "canal",
        "name": "Canal Saint-Dominique",
        "natural": "water",
        "name:de": null,
        "name:it": null,
        "surface": null,
        "website": null
      },
      "geometry": {
        "type": "Polygon",
        "coordinates": [
          [
            [
              6.1262295,
              45.8999379
            ],
            [
              6.1264523,
              45.8999481
            ],
            [
              6.1264849,
              45.8999473
            ],
            [
              6.1266283,
              45.899936
            ],
            [
              6.1267016,
              45.8999264
            ],
            [
              6.1267321,
              45.8999255
            ],
            [
              6.1267324,
              45.8999049
            ],
            [
              6.1267326,
              45.8998892
            ],
            [
              6.1266239,
              45.8998975
            ],
            [
              6.1265289,
              45.8999047
            ],
            [
              6.1264327,
              45.899912
            ],
            [
              6.1263802,
              45.899916
            ],
            [
              6.1262299,
              45.8999148
            ],
            [
              6.1262297,
              45.8999242
            ],
            [
              6.1262295,
              45.8999379
            ]
          ]
        ]
      }
    },
    {
      "type": "Feature",
      "properties": {
        "fid": 10,
        "id": 25003201,
        "description": null,
        "layer": "-1",
        "name:es": null,
        "tourism": null,
        "note": "http://wiki.openstreetmap.org/wiki/Key:water",
        "wetland": null,
        "name:nl": null,
        "amenity": null,
        "ele": null,
        "golf": null,
        "swimming": null,
        "boat": "no",
        "landuse": null,
        "wheelchair": null,
        "artist_name": null,
        "intermittent": null,
        "type": null,
        "basin": null,
        "wikimedia_commons": null,
        "toilets:wheelchair": null,
        "wikidata": null,
        "source": null,
        "drinking_water": null,
        "level": null,
        "fountain": null,
        "tidal": null,
        "salt": null,
        "artwork_type": null,
        "name:en": null,
        "wikipedia": null,
        "water": "canal",
        "name": "Canal Saint-Dominique",
        "natural": "water",
        "name:de": null,
        "name:it": null,
        "surface": null,
        "website": null
      },
      "geometry": {
        "type": "Polygon",
        "coordinates": [
          [
            [
              6.1273376,
              45.8997902
            ],
            [
              6.1276511,
              45.8996469
            ],
            [
              6.1278426,
              45.8995281
            ],
            [
              6.1278031,
              45.8995105
            ],
            [
              6.1277785,
              45.8994922
            ],
            [
              6.1276026,
              45.8996068
            ],
            [
              6.1273026,
              45.8997522
            ],
            [
              6.1273216,
              45.8997729
            ],
            [
              6.1273376,
              45.8997902
            ]
          ]
        ]
      }
    },
    {
      "type": "Feature",
      "properties": {
        "fid": 11,
        "id": 25003206,
        "description": null,
        "layer": null,
        "name:es": null,
        "tourism": null,
        "note": null,
        "wetland": null,
        "name:nl": null,
        "amenity": null,
        "ele": null,
        "golf": null,
        "swimming": null,
        "boat": "no",
        "landuse": null,
        "wheelchair": null,
        "artist_name": null,
        "intermittent": null,
        "type": null,
        "basin": null,
        "wikimedia_commons": null,
        "toilets:wheelchair": null,
        "wikidata": null,
        "source": null,
        "drinking_water": null,
        "level": null,
        "fountain": null,
        "tidal": null,
        "salt": null,
        "artwork_type": null,
        "name:en": null,
        "wikipedia": null,
        "water": "river",
        "name": null,
        "natural": "water",
        "name:de": null,
        "name:it": null,
        "surface": null,
        "website": null
      },
      "geometry": {
        "type": "Polygon",
        "coordinates": [
          [
            [
              6.1280781,
              45.8993232
            ],
            [
              6.1281394,
              45.8992508
            ],
            [
              6.1281894,
              45.8991912
            ],
            [
              6.1281471,
              45.8991824
            ],
            [
              6.128097,
              45.8991727
            ],
            [
              6.128069,
              45.8992157
            ],
            [
              6.1280759,
              45.8992144
            ],
            [
              6.1280816,
              45.8992252
            ],
            [
              6.1280657,
              45.8992287
            ],
            [
              6.1280078,
              45.8992883
            ],
            [
              6.1280367,
              45.8993032
            ],
            [
              6.1280781,
              45.8993232
            ]
          ]
        ]
      }
    },
    {
      "type": "Feature",
      "properties": {
        "fid": 12,
        "id": 25009998,
        "description": null,
        "layer": null,
        "name:es": null,
        "tourism": null,
        "note": null,
        "wetland": null,
        "name:nl": null,
        "amenity": null,
        "ele": null,
        "golf": null,
        "swimming": null,
        "boat": "no",
        "landuse": null,
        "wheelchair": null,
        "artist_name": null,
        "intermittent": null,
        "type": null,
        "basin": null,
        "wikimedia_commons": null,
        "toilets:wheelchair": null,
        "wikidata": null,
        "source": null,
        "drinking_water": null,
        "level": null,
        "fountain": null,
        "tidal": null,
        "salt": null,
        "artwork_type": null,
        "name:en": null,
        "wikipedia": null,
        "water": "river",
        "name": null,
        "natural": "water",
        "name:de": null,
        "name:it": null,
        "surface": null,
        "website": null
      },
      "geometry": {
        "type": "Polygon",
        "coordinates": [
          [
            [
              6.1150651,
              45.8979943
            ],
            [
              6.1150368,
              45.8980433
            ],
            [
              6.1149721,
              45.8981044
            ],
            [
              6.1149073,
              45.8981886
            ],
            [
              6.1148275,
              45.898251
            ],
            [
              6.1141692,
              45.8983223
            ],
            [
              6.1135783,
              45.8984048
            ],
            [
              6.1132283,
              45.898454
            ],
            [
              6.1128616,
              45.8985488
            ],
            [
              6.1127035,
              45.8986099
            ],
            [
              6.1125574,
              45.8987329
            ],
            [
              6.1125021,
              45.8989435
            ],
            [
              6.1126025,
              45.8990918
            ],
            [
              6.1127281,
              45.8993922
            ],
            [
              6.1128157,
              45.8995409
            ],
            [
              6.1128007,
              45.8996114
            ],
            [
              6.1127781,
              45.8996864
            ],
            [
              6.112724,
              45.8997536
            ],
            [
              6.1126304,
              45.8998421
            ],
            [
              6.1125694,
              45.8998937
            ],
            [
              6.1125023,
              45.8999294
            ],
            [
              6.1122809,
              45.9000533
            ],
            [
              6.1123856,
              45.9001791
            ],
            [
              6.1125126,
              45.9001573
            ],
            [
              6.1128441,
              45.8999495
            ],
            [
              6.1128622,
              45.8999256
            ],
            [
              6.1129019,
              45.8998919
            ],
            [
              6.1129466,
              45.8998569
            ],
            [
              6.1129984,
              45.8998007
            ],
            [
              6.1130461,
              45.8997227
            ],
            [
              6.1130637,
              45.8996767
            ],
            [
              6.1130666,
              45.8996321
            ],
            [
              6.1130653,
              45.899548
            ],
            [
              6.1130473,
              45.8994659
            ],
            [
              6.11301,
              45.8993769
            ],
            [
              6.1127898,
              45.8990289
            ],
            [
              6.1127574,
              45.8989642
            ],
            [
              6.1127584,
              45.8989042
            ],
            [
              6.1127846,
              45.8988189
            ],
            [
              6.1128054,
              45.898784
            ],
            [
              6.1128543,
              45.898737
            ],
            [
              6.1129227,
              45.898705
            ],
            [
              6.1130155,
              45.8986817
            ],
            [
              6.1133224,
              45.8986303
            ],
            [
              6.114178,
              45.8984789
            ],
            [
              6.1142312,
              45.8984756
            ],
            [
              6.1143134,
              45.8984573
            ],
            [
              6.1143659,
              45.8984369
            ],
            [
              6.1146539,
              45.8984028
            ],
            [
              6.1148877,
              45.8983722
            ],
            [
              6.1149449,
              45.8983545
            ],
            [
              6.115003,
              45.8983234
            ],
            [
              6.1151553,
              45.8982588
            ],
            [
              6.1152359,
              45.8982277
            ],
            [
              6.1153152,
              45.8981701
            ],
            [
              6.1154019,
              45.8980825
            ],
            [
              6.1154315,
              45.8980301
            ],
            [
              6.1154348,
              45.8980251
            ],
            [
              6.1154728,
              45.8979681
            ],
            [
              6.1150651,
              45.8979943
            ]
          ]
        ]
      }
    },
    {
      "type": "Feature",
      "properties": {
        "fid": 13,
        "id": 25010021,
        "description": null,
        "layer": null,
        "name:es": null,
        "tourism": null,
        "note": null,
        "wetland": null,
        "name:nl": null,
        "amenity": null,
        "ele": null,
        "golf": null,
        "swimming": null,
        "boat": "no",
        "landuse": null,
        "wheelchair": null,
        "artist_name": null,
        "intermittent": null,
        "type": null,
        "basin": null,
        "wikimedia_commons": null,
        "toilets:wheelchair": null,
        "wikidata": null,
        "source": null,
        "drinking_water": null,
        "level": null,
        "fountain": null,
        "tidal": null,
        "salt": null,
        "artwork_type": null,
        "name:en": null,
        "wikipedia": null,
        "water": "river",
        "name": null,
        "natural": "water",
        "name:de": null,
        "name:it": null,
        "surface": null,
        "website": null
      },
      "geometry": {
        "type": "Polygon",
        "coordinates": [
          [
            [
              6.1122809,
              45.9000533
            ],
            [
              6.1120885,
              45.90012
            ],
            [
              6.1118828,
              45.9002212
            ],
            [
              6.1117636,
              45.9003618
            ],
            [
              6.1116276,
              45.9006307
            ],
            [
              6.1113663,
              45.9014246
            ],
            [
              6.1111733,
              45.9016517
            ],
            [
              6.1115334,
              45.901599
            ],
            [
              6.111647,
              45.9013421
            ],
            [
              6.1117014,
              45.901196
            ],
            [
              6.1118291,
              45.9007957
            ],
            [
              6.1119246,
              45.900635
            ],
            [
              6.1120126,
              45.9005028
            ],
            [
              6.1120831,
              45.9004354
            ],
            [
              6.1121682,
              45.9003445
            ],
            [
              6.1122105,
              45.9002457
            ],
            [
              6.1123856,
              45.9001791
            ],
            [
              6.1122809,
              45.9000533
            ]
          ]
        ]
      }
    },
    {
      "type": "Feature",
      "properties": {
        "fid": 14,
        "id": 32019838,
        "description": null,
        "layer": null,
        "name:es": null,
        "tourism": null,
        "note": null,
        "wetland": null,
        "name:nl": null,
        "amenity": null,
        "ele": null,
        "golf": null,
        "swimming": null,
        "boat": "no",
        "landuse": null,
        "wheelchair": null,
        "artist_name": null,
        "intermittent": null,
        "type": null,
        "basin": null,
        "wikimedia_commons": null,
        "toilets:wheelchair": null,
        "wikidata": null,
        "source": "cadastre-dgi-fr source : Direction Générale des Impôts - Cadastre ; mise à jour : 2008",
        "drinking_water": null,
        "level": null,
        "fountain": null,
        "tidal": null,
        "salt": null,
        "artwork_type": null,
        "name:en": null,
        "wikipedia": null,
        "water": "river",
        "name": null,
        "natural": "water",
        "name:de": null,
        "name:it": null,
        "surface": null,
        "website": null
      },
      "geometry": {
        "type": "Polygon",
        "coordinates": [
          [
            [
              6.1092395,
              45.9030524
            ],
            [
              6.1093758,
              45.9030255
            ],
            [
              6.1095275,
              45.9030155
            ],
            [
              6.1096458,
              45.9030363
            ],
            [
              6.1098044,
              45.9030235
            ],
            [
              6.109849,
              45.9030542
            ],
            [
              6.1099735,
              45.9030683
            ],
            [
              6.1100021,
              45.9030715
            ],
            [
              6.1103261,
              45.902723
            ],
            [
              6.110594,
              45.902401
            ],
            [
              6.1106519,
              45.9023123
            ],
            [
              6.1108854,
              45.901955
            ],
            [
              6.1110768,
              45.9017533
            ],
            [
              6.1111733,
              45.9016517
            ],
            [
              6.1115334,
              45.901599
            ],
            [
              6.1110063,
              45.9022288
            ],
            [
              6.1108416,
              45.9024573
            ],
            [
              6.1107821,
              45.9025397
            ],
            [
              6.1106924,
              45.9026525
            ],
            [
              6.1104619,
              45.902942
            ],
            [
              6.1104113,
              45.9029967
            ],
            [
              6.1102878,
              45.9032023
            ],
            [
              6.1101688,
              45.9032956
            ],
            [
              6.109905,
              45.9034467
            ],
            [
              6.1095821,
              45.9035378
            ],
            [
              6.1095195,
              45.903425
            ],
            [
              6.1097424,
              45.9033245
            ],
            [
              6.1099497,
              45.9031752
            ],
            [
              6.1099172,
              45.9031655
            ],
            [
              6.1098803,
              45.9031546
            ],
            [
              6.1095439,
              45.9031342
            ],
            [
              6.1093873,
              45.9031358
            ],
            [
              6.1093157,
              45.9031583
            ],
            [
              6.1092395,
              45.9030524
            ]
          ]
        ]
      }
    },
    {
      "type": "Feature",
      "properties": {
        "fid": 15,
        "id": 32019839,
        "description": null,
        "layer": null,
        "name:es": null,
        "tourism": null,
        "note": null,
        "wetland": null,
        "name:nl": null,
        "amenity": null,
        "ele": null,
        "golf": null,
        "swimming": null,
        "boat": "no",
        "landuse": null,
        "wheelchair": null,
        "artist_name": null,
        "intermittent": null,
        "type": null,
        "basin": null,
        "wikimedia_commons": null,
        "toilets:wheelchair": null,
        "wikidata": null,
        "source": "cadastre-dgi-fr source : Direction Générale des Impôts - Cadastre ; mise à jour : 2008",
        "drinking_water": null,
        "level": null,
        "fountain": null,
        "tidal": null,
        "salt": null,
        "artwork_type": null,
        "name:en": null,
        "wikipedia": null,
        "water": "river",
        "name": null,
        "natural": "water",
        "name:de": null,
        "name:it": null,
        "surface": null,
        "website": null
      },
      "geometry": {
        "type": "Polygon",
        "coordinates": [
          [
            [
              6.1070929,
              45.9043007
            ],
            [
              6.106965,
              45.9041781
            ],
            [
              6.1073033,
              45.9041123
            ],
            [
              6.1075718,
              45.9040127
            ],
            [
              6.1076145,
              45.9040294
            ],
            [
              6.1077715,
              45.9039316
            ],
            [
              6.1077938,
              45.9038783
            ],
            [
              6.1079727,
              45.9037598
            ],
            [
              6.1080493,
              45.903741
            ],
            [
              6.1082228,
              45.9036572
            ],
            [
              6.1083602,
              45.9036163
            ],
            [
              6.1085664,
              45.9033196
            ],
            [
              6.1086583,
              45.9032524
            ],
            [
              6.108727,
              45.9032484
            ],
            [
              6.1088231,
              45.9031746
            ],
            [
              6.1092395,
              45.9030524
            ],
            [
              6.1093157,
              45.9031583
            ],
            [
              6.109259,
              45.9031969
            ],
            [
              6.1092731,
              45.9032686
            ],
            [
              6.1093091,
              45.9032915
            ],
            [
              6.1093119,
              45.9033315
            ],
            [
              6.1094279,
              45.9033469
            ],
            [
              6.1094525,
              45.9033717
            ],
            [
              6.1094735,
              45.9034095
            ],
            [
              6.1095195,
              45.903425
            ],
            [
              6.1095821,
              45.9035378
            ],
            [
              6.1093838,
              45.9035547
            ],
            [
              6.1091562,
              45.9035742
            ],
            [
              6.1091086,
              45.9035501
            ],
            [
              6.1090975,
              45.9034558
            ],
            [
              6.1090721,
              45.9034535
            ],
            [
              6.1090207,
              45.9034087
            ],
            [
              6.1089359,
              45.9033778
            ],
            [
              6.1088524,
              45.9033678
            ],
            [
              6.108778,
              45.9033879
            ],
            [
              6.1087277,
              45.9034249
            ],
            [
              6.1084537,
              45.9038356
            ],
            [
              6.1079266,
              45.9040804
            ],
            [
              6.1076353,
              45.9041905
            ],
            [
              6.1075046,
              45.904215
            ],
            [
              6.1073788,
              45.9042685
            ],
            [
              6.1073445,
              45.9042726
            ],
            [
              6.1073074,
              45.9042558
            ],
            [
              6.1072131,
              45.904267
            ],
            [
              6.1070929,
              45.9043007
            ]
          ]
        ]
      }
    },
    {
      "type": "Feature",
      "properties": {
        "fid": 16,
        "id": 32019840,
        "description": null,
        "layer": null,
        "name:es": null,
        "tourism": null,
        "note": null,
        "wetland": null,
        "name:nl": null,
        "amenity": null,
        "ele": null,
        "golf": null,
        "swimming": null,
        "boat": "no",
        "landuse": null,
        "wheelchair": null,
        "artist_name": null,
        "intermittent": null,
        "type": null,
        "basin": null,
        "wikimedia_commons": null,
        "toilets:wheelchair": null,
        "wikidata": null,
        "source": "cadastre-dgi-fr source : Direction Générale des Impôts - Cadastre ; mise à jour : 2008",
        "drinking_water": null,
        "level": null,
        "fountain": null,
        "tidal": null,
        "salt": null,
        "artwork_type": null,
        "name:en": null,
        "wikipedia": null,
        "water": "river",
        "name": null,
        "natural": "water",
        "name:de": null,
        "name:it": null,
        "surface": null,
        "website": null
      },
      "geometry": {
        "type": "Polygon",
        "coordinates": [
          [
            [
              6.1058981,
              45.9055662
            ],
            [
              6.1058002,
              45.9056901
            ],
            [
              6.1057729,
              45.9057429
            ],
            [
              6.1055237,
              45.9056625
            ],
            [
              6.1056812,
              45.9054968
            ],
            [
              6.1057238,
              45.9053262
            ],
            [
              6.105691,
              45.9050649
            ],
            [
              6.1059822,
              45.9047686
            ],
            [
              6.1061319,
              45.9047153
            ],
            [
              6.106238,
              45.9046047
            ],
            [
              6.1063185,
              45.9044087
            ],
            [
              6.1066711,
              45.9042139
            ],
            [
              6.106965,
              45.9041781
            ],
            [
              6.1070929,
              45.9043007
            ],
            [
              6.1069178,
              45.9043447
            ],
            [
              6.1068373,
              45.9043234
            ],
            [
              6.1067791,
              45.9043265
            ],
            [
              6.1067168,
              45.9043625
            ],
            [
              6.1065432,
              45.9044294
            ],
            [
              6.1065004,
              45.9044682
            ],
            [
              6.1063363,
              45.9047833
            ],
            [
              6.1062547,
              45.9052404
            ],
            [
              6.1062453,
              45.9053073
            ],
            [
              6.1062587,
              45.9053577
            ],
            [
              6.1062971,
              45.9054469
            ],
            [
              6.1063663,
              45.9055987
            ],
            [
              6.1063687,
              45.9056447
            ],
            [
              6.1063747,
              45.905689
            ],
            [
              6.1063908,
              45.9057161
            ],
            [
              6.1064247,
              45.9057368
            ],
            [
              6.106536,
              45.9057897
            ],
            [
              6.1066536,
              45.90587
            ],
            [
              6.1067101,
              45.9059434
            ],
            [
              6.1067394,
              45.9060331
            ],
            [
              6.1067379,
              45.9060973
            ],
            [
              6.1066986,
              45.9061959
            ],
            [
              6.1066404,
              45.9062623
            ],
            [
              6.1065539,
              45.9063216
            ],
            [
              6.1064516,
              45.9063623
            ],
            [
              6.1063476,
              45.9063831
            ],
            [
              6.1062126,
              45.9063851
            ],
            [
              6.1055672,
              45.906298
            ],
            [
              6.1056604,
              45.906248
            ],
            [
              6.1057713,
              45.9062633
            ],
            [
              6.1058848,
              45.9062038
            ],
            [
              6.1061179,
              45.9062272
            ],
            [
              6.1061044,
              45.9062683
            ],
            [
              6.1062948,
              45.9062762
            ],
            [
              6.1063102,
              45.9062744
            ],
            [
              6.1063935,
              45.9062644
            ],
            [
              6.1064964,
              45.9062237
            ],
            [
              6.1065531,
              45.9061787
            ],
            [
              6.1065567,
              45.9061758
            ],
            [
              6.1065945,
              45.9061186
            ],
            [
              6.1066061,
              45.9060723
            ],
            [
              6.106607,
              45.9060688
            ],
            [
              6.1066019,
              45.9060151
            ],
            [
              6.1065481,
              45.9059279
            ],
            [
              6.1065263,
              45.905934
            ],
            [
              6.1064813,
              45.9058901
            ],
            [
              6.1064174,
              45.9058593
            ],
            [
              6.1063948,
              45.9058705
            ],
            [
              6.1063533,
              45.9058584
            ],
            [
              6.1063036,
              45.9058514
            ],
            [
              6.106258,
              45.90585
            ],
            [
              6.1062218,
              45.9058523
            ],
            [
              6.1061863,
              45.9058593
            ],
            [
              6.1061317,
              45.9058124
            ],
            [
              6.1060863,
              45.9057778
            ],
            [
              6.1061046,
              45.9057639
            ],
            [
              6.1061281,
              45.9057461
            ],
            [
              6.1061862,
              45.9056512
            ],
            [
              6.1061948,
              45.9056184
            ],
            [
              6.1061624,
              45.9055631
            ],
            [
              6.1061169,
              45.9055387
            ],
            [
              6.1060823,
              45.9055014
            ],
            [
              6.106073,
              45.9054585
            ],
            [
              6.1061883,
              45.9048641
            ],
            [
              6.1059871,
              45.9050806
            ],
            [
              6.1060864,
              45.9050824
            ],
            [
              6.1060247,
              45.9054398
            ],
            [
              6.1059697,
              45.9054361
            ],
            [
              6.1059442,
              45.9054958
            ],
            [
              6.1058981,
              45.9055662
            ]
          ]
        ]
      }
    },
    {
      "type": "Feature",
      "properties": {
        "fid": 17,
        "id": 32019842,
        "description": null,
        "layer": null,
        "name:es": null,
        "tourism": null,
        "note": null,
        "wetland": null,
        "name:nl": null,
        "amenity": null,
        "ele": null,
        "golf": null,
        "swimming": null,
        "boat": "no",
        "landuse": null,
        "wheelchair": null,
        "artist_name": null,
        "intermittent": "no",
        "type": null,
        "basin": null,
        "wikimedia_commons": null,
        "toilets:wheelchair": null,
        "wikidata": null,
        "source": "cadastre-dgi-fr source : Direction Générale des Impôts - Cadastre ; mise à jour : 2008",
        "drinking_water": null,
        "level": null,
        "fountain": null,
        "tidal": "no",
        "salt": null,
        "artwork_type": null,
        "name:en": null,
        "wikipedia": null,
        "water": "river",
        "name": null,
        "natural": "water",
        "name:de": null,
        "name:it": null,
        "surface": null,
        "website": null
      },
      "geometry": {
        "type": "Polygon",
        "coordinates": [
          [
            [
              6.1022576,
              45.9067851
            ],
            [
              6.1023796,
              45.9067606
            ],
            [
              6.1024481,
              45.9067561
            ],
            [
              6.1024833,
              45.906768
            ],
            [
              6.1027024,
              45.906731
            ],
            [
              6.1030311,
              45.9067218
            ],
            [
              6.10394,
              45.9067285
            ],
            [
              6.1039734,
              45.9067244
            ],
            [
              6.1041982,
              45.9066967
            ],
            [
              6.1046367,
              45.906545
            ],
            [
              6.1048382,
              45.9064463
            ],
            [
              6.1050494,
              45.9062759
            ],
            [
              6.105193,
              45.9060829
            ],
            [
              6.1053742,
              45.905877
            ],
            [
              6.1055237,
              45.9056625
            ],
            [
              6.1057729,
              45.9057429
            ],
            [
              6.1056602,
              45.9059173
            ],
            [
              6.1054731,
              45.9061405
            ],
            [
              6.1051861,
              45.9063424
            ],
            [
              6.1049925,
              45.9064891
            ],
            [
              6.1054254,
              45.9063017
            ],
            [
              6.1055061,
              45.9062586
            ],
            [
              6.1055979,
              45.9062095
            ],
            [
              6.1058943,
              45.9059175
            ],
            [
              6.105957,
              45.9059688
            ],
            [
              6.1057365,
              45.9061764
            ],
            [
              6.1056604,
              45.906248
            ],
            [
              6.1055672,
              45.906298
            ],
            [
              6.1045897,
              45.9067543
            ],
            [
              6.1045944,
              45.9067787
            ],
            [
              6.1045041,
              45.9067966
            ],
            [
              6.1043728,
              45.9068133
            ],
            [
              6.1043939,
              45.9068928
            ],
            [
              6.1040597,
              45.9069325
            ],
            [
              6.1037121,
              45.9069483
            ],
            [
              6.1032431,
              45.907008
            ],
            [
              6.1028948,
              45.9070664
            ],
            [
              6.1024179,
              45.9071027
            ],
            [
              6.102331,
              45.9070832
            ],
            [
              6.1022381,
              45.9070289
            ],
            [
              6.1021801,
              45.906995
            ],
            [
              6.1022099,
              45.9068937
            ],
            [
              6.102224,
              45.9068821
            ],
            [
              6.1022576,
              45.9067851
            ]
          ]
        ]
      }
    },
    {
      "type": "Feature",
      "properties": {
        "fid": 18,
        "id": 32020051,
        "description": null,
        "layer": null,
        "name:es": null,
        "tourism": null,
        "note": null,
        "wetland": null,
        "name:nl": null,
        "amenity": null,
        "ele": null,
        "golf": null,
        "swimming": null,
        "boat": "no",
        "landuse": null,
        "wheelchair": null,
        "artist_name": null,
        "intermittent": "no",
        "type": null,
        "basin": null,
        "wikimedia_commons": null,
        "toilets:wheelchair": null,
        "wikidata": null,
        "source": "cadastre-dgi-fr source : Direction Générale des Impôts - Cadastre;mise à jour : 2008",
        "drinking_water": null,
        "level": null,
        "fountain": null,
        "tidal": "no",
        "salt": null,
        "artwork_type": null,
        "name:en": null,
        "wikipedia": null,
        "water": "river",
        "name": null,
        "natural": "water",
        "name:de": null,
        "name:it": null,
        "surface": null,
        "website": null
      },
      "geometry": {
        "type": "Polygon",
        "coordinates": [
          [
            [
              6.101097,
              45.9079939
            ],
            [
              6.1010729,
              45.9080433
            ],
            [
              6.1010932,
              45.9080562
            ],
            [
              6.1011538,
              45.9080832
            ],
            [
              6.1012111,
              45.9081088
            ],
            [
              6.1012557,
              45.9081792
            ],
            [
              6.1012916,
              45.9083065
            ],
            [
              6.1012965,
              45.9084716
            ],
            [
              6.1013163,
              45.9084785
            ],
            [
              6.1013059,
              45.9085149
            ],
            [
              6.1012764,
              45.9085549
            ],
            [
              6.1013116,
              45.9086086
            ],
            [
              6.1014204,
              45.9086764
            ],
            [
              6.1018167,
              45.9088048
            ],
            [
              6.1022477,
              45.9090071
            ],
            [
              6.1023705,
              45.9091941
            ],
            [
              6.1023718,
              45.909237
            ],
            [
              6.102355,
              45.909273
            ],
            [
              6.1023266,
              45.9093022
            ],
            [
              6.1022563,
              45.9093582
            ],
            [
              6.1020676,
              45.9095493
            ],
            [
              6.1018744,
              45.9096604
            ],
            [
              6.1015154,
              45.9097628
            ],
            [
              6.1012576,
              45.9098363
            ],
            [
              6.1010955,
              45.9099017
            ],
            [
              6.1009294,
              45.9099503
            ],
            [
              6.1007941,
              45.909962
            ],
            [
              6.1006327,
              45.9100427
            ],
            [
              6.1000139,
              45.9101566
            ],
            [
              6.0995791,
              45.9100647
            ],
            [
              6.0989419,
              45.9097661
            ],
            [
              6.0983725,
              45.9094042
            ],
            [
              6.0987202,
              45.9094917
            ],
            [
              6.0987793,
              45.9094674
            ],
            [
              6.0998608,
              45.9099671
            ],
            [
              6.1007421,
              45.9098328
            ],
            [
              6.1017464,
              45.909562
            ],
            [
              6.1021394,
              45.9093041
            ],
            [
              6.1021056,
              45.909277
            ],
            [
              6.1021709,
              45.9092353
            ],
            [
              6.1021281,
              45.9092044
            ],
            [
              6.1021615,
              45.909183
            ],
            [
              6.1017608,
              45.9088825
            ],
            [
              6.1011387,
              45.9087504
            ],
            [
              6.1010625,
              45.9087053
            ],
            [
              6.1010969,
              45.9085071
            ],
            [
              6.101007,
              45.9083323
            ],
            [
              6.10097,
              45.9082603
            ],
            [
              6.1008619,
              45.9082921
            ],
            [
              6.1008597,
              45.9081871
            ],
            [
              6.1008588,
              45.9081647
            ],
            [
              6.1008274,
              45.9080258
            ],
            [
              6.1008507,
              45.9079706
            ],
            [
              6.101097,
              45.9079939
            ]
          ]
        ]
      }
    },
    {
      "type": "Feature",
      "properties": {
        "fid": 19,
        "id": 32048387,
        "description": null,
        "layer": null,
        "name:es": null,
        "tourism": null,
        "note": null,
        "wetland": null,
        "name:nl": null,
        "amenity": null,
        "ele": null,
        "golf": null,
        "swimming": null,
        "boat": "no",
        "landuse": null,
        "wheelchair": null,
        "artist_name": null,
        "intermittent": "no",
        "type": null,
        "basin": null,
        "wikimedia_commons": null,
        "toilets:wheelchair": null,
        "wikidata": null,
        "source": "cadastre-dgi-fr source : Direction Générale des Impôts - Cadastre ; mise à jour : 2008",
        "drinking_water": null,
        "level": null,
        "fountain": null,
        "tidal": "no",
        "salt": null,
        "artwork_type": null,
        "name:en": null,
        "wikipedia": null,
        "water": "river",
        "name": "Le Fier",
        "natural": "water",
        "name:de": null,
        "name:it": null,
        "surface": null,
        "website": null
      },
      "geometry": {
        "type": "Polygon",
        "coordinates": [
          [
            [
              6.1076343,
              45.9165503
            ],
            [
              6.1076682,
              45.9162015
            ],
            [
              6.1066483,
              45.9150927
            ],
            [
              6.106199,
              45.9146129
            ],
            [
              6.1051695,
              45.9138663
            ],
            [
              6.101797,
              45.91259
            ],
            [
              6.1017129,
              45.9123167
            ],
            [
              6.0985319,
              45.9103259
            ],
            [
              6.098446,
              45.9101537
            ],
            [
              6.0982236,
              45.9100464
            ],
            [
              6.0973429,
              45.909221
            ],
            [
              6.097093,
              45.9089758
            ],
            [
              6.0974945,
              45.9088379
            ],
            [
              6.0977436,
              45.9090339
            ],
            [
              6.0983725,
              45.9094042
            ],
            [
              6.0989419,
              45.9097661
            ],
            [
              6.0989164,
              45.9098053
            ],
            [
              6.0996434,
              45.9103752
            ],
            [
              6.1001492,
              45.9107644
            ],
            [
              6.1003607,
              45.91104
            ],
            [
              6.1013669,
              45.9117737
            ],
            [
              6.1017095,
              45.9120213
            ],
            [
              6.1019886,
              45.9121761
            ],
            [
              6.1023973,
              45.9124459
            ],
            [
              6.1029074,
              45.9127036
            ],
            [
              6.1033942,
              45.9128979
            ],
            [
              6.1038127,
              45.9130145
            ],
            [
              6.1043403,
              45.9132652
            ],
            [
              6.1049892,
              45.9135206
            ],
            [
              6.1055383,
              45.9136525
            ],
            [
              6.1060451,
              45.9140062
            ],
            [
              6.1065474,
              45.9144203
            ],
            [
              6.1067836,
              45.9147197
            ],
            [
              6.107069,
              45.9149892
            ],
            [
              6.1073303,
              45.9152889
            ],
            [
              6.1075581,
              45.9154305
            ],
            [
              6.1078265,
              45.9160208
            ],
            [
              6.1080789,
              45.9162751
            ],
            [
              6.1083054,
              45.9165034
            ],
            [
              6.1076343,
              45.9165503
            ]
          ]
        ]
      }
    },
    {
      "type": "Feature",
      "properties": {
        "fid": 20,
        "id": 32048684,
        "description": null,
        "layer": null,
        "name:es": null,
        "tourism": null,
        "note": null,
        "wetland": null,
        "name:nl": null,
        "amenity": null,
        "ele": null,
        "golf": null,
        "swimming": null,
        "boat": "no",
        "landuse": null,
        "wheelchair": null,
        "artist_name": null,
        "intermittent": null,
        "type": null,
        "basin": null,
        "wikimedia_commons": null,
        "toilets:wheelchair": null,
        "wikidata": null,
        "source": "cadastre-dgi-fr source : Direction Générale des Impôts - Cadastre. Mise à jour : 2009",
        "drinking_water": null,
        "level": null,
        "fountain": null,
        "tidal": null,
        "salt": null,
        "artwork_type": null,
        "name:en": null,
        "wikipedia": null,
        "water": "river",
        "name": "Le Fier",
        "natural": "water",
        "name:de": null,
        "name:it": null,
        "surface": null,
        "website": null
      },
      "geometry": {
        "type": "Polygon",
        "coordinates": [
          [
            [
              6.0675521,
              45.9074992
            ],
            [
              6.0674725,
              45.9076151
            ],
            [
              6.067384,
              45.9076558
            ],
            [
              6.0671369,
              45.9077695
            ],
            [
              6.0670043,
              45.9078268
            ],
            [
              6.0667076,
              45.9079557
            ],
            [
              6.0664553,
              45.9080394
            ],
            [
              6.0661875,
              45.9081188
            ],
            [
              6.0658596,
              45.9081388
            ],
            [
              6.0655138,
              45.9080533
            ],
            [
              6.0650307,
              45.9079936
            ],
            [
              6.0647794,
              45.9079529
            ],
            [
              6.0644985,
              45.9078657
            ],
            [
              6.0643304,
              45.9078491
            ],
            [
              6.0640963,
              45.9077403
            ],
            [
              6.0638615,
              45.9076037
            ],
            [
              6.0634903,
              45.9073197
            ],
            [
              6.0630767,
              45.9070626
            ],
            [
              6.0627335,
              45.9067844
            ],
            [
              6.0623782,
              45.9064672
            ],
            [
              6.0618456,
              45.9057485
            ],
            [
              6.0615013,
              45.9053293
            ],
            [
              6.0613453,
              45.9050017
            ],
            [
              6.0613241,
              45.9049807
            ],
            [
              6.0612778,
              45.9049651
            ],
            [
              6.0612403,
              45.9049235
            ],
            [
              6.0612112,
              45.9048962
            ],
            [
              6.0612095,
              45.9048797
            ],
            [
              6.0611416,
              45.9047043
            ],
            [
              6.0611361,
              45.9046812
            ],
            [
              6.0615822,
              45.9046206
            ],
            [
              6.061588,
              45.9046388
            ],
            [
              6.0616741,
              45.9046248
            ],
            [
              6.0620679,
              45.9045595
            ],
            [
              6.0621992,
              45.9049454
            ],
            [
              6.0623356,
              45.9052098
            ],
            [
              6.0624589,
              45.9054678
            ],
            [
              6.0628785,
              45.9060592
            ],
            [
              6.0632603,
              45.906519
            ],
            [
              6.0636517,
              45.9068173
            ],
            [
              6.0641323,
              45.9071221
            ],
            [
              6.0647454,
              45.9074641
            ],
            [
              6.0651692,
              45.9076743
            ],
            [
              6.0657045,
              45.9078169
            ],
            [
              6.0661106,
              45.9078171
            ],
            [
              6.0664794,
              45.9077557
            ],
            [
              6.0668221,
              45.9076204
            ],
            [
              6.0672322,
              45.9073136
            ],
            [
              6.067557,
              45.9066054
            ],
            [
              6.0676722,
              45.9061483
            ],
            [
              6.0678865,
              45.9052852
            ],
            [
              6.0681878,
              45.9047366
            ],
            [
              6.0681869,
              45.9043379
            ],
            [
              6.0686739,
              45.9035937
            ],
            [
              6.0695598,
              45.9028878
            ],
            [
              6.0699514,
              45.9025865
            ],
            [
              6.070292,
              45.9023901
            ],
            [
              6.071014,
              45.9021398
            ],
            [
              6.0719449,
              45.9021177
            ],
            [
              6.0728137,
              45.9018688
            ],
            [
              6.0737067,
              45.9019352
            ],
            [
              6.0745696,
              45.9020396
            ],
            [
              6.0747202,
              45.9020624
            ],
            [
              6.074835,
              45.9022217
            ],
            [
              6.0749482,
              45.9023308
            ],
            [
              6.0751488,
              45.9024816
            ],
            [
              6.0753439,
              45.9025908
            ],
            [
              6.075495,
              45.9026439
            ],
            [
              6.0757139,
              45.902671
            ],
            [
              6.0758069,
              45.9026993
            ],
            [
              6.0759219,
              45.9027842
            ],
            [
              6.0764192,
              45.9033331
            ],
            [
              6.0765177,
              45.903356
            ],
            [
              6.0766894,
              45.9033268
            ],
            [
              6.0768126,
              45.903275
            ],
            [
              6.0770569,
              45.9030198
            ],
            [
              6.0777629,
              45.9022909
            ],
            [
              6.0783636,
              45.9016382
            ],
            [
              6.0787361,
              45.9013958
            ],
            [
              6.0794882,
              45.9011005
            ],
            [
              6.0799632,
              45.9010012
            ],
            [
              6.0801924,
              45.9009745
            ],
            [
              6.0807807,
              45.9010334
            ],
            [
              6.0813664,
              45.901065
            ],
            [
              6.0817824,
              45.9011391
            ],
            [
              6.0822236,
              45.9012599
            ],
            [
              6.0827033,
              45.9014207
            ],
            [
              6.0831747,
              45.9016326
            ],
            [
              6.083427,
              45.9016888
            ],
            [
              6.0838284,
              45.9017782
            ],
            [
              6.0844095,
              45.9020675
            ],
            [
              6.0851641,
              45.902348
            ],
            [
              6.0858984,
              45.9025002
            ],
            [
              6.0864576,
              45.9027235
            ],
            [
              6.0867845,
              45.9027088
            ],
            [
              6.086997,
              45.9029081
            ],
            [
              6.0872003,
              45.9029727
            ],
            [
              6.0877854,
              45.9035932
            ],
            [
              6.0878744,
              45.9043947
            ],
            [
              6.0878237,
              45.9046012
            ],
            [
              6.0878562,
              45.9050757
            ],
            [
              6.087612,
              45.9054288
            ],
            [
              6.0871071,
              45.9059428
            ],
            [
              6.0869466,
              45.9063252
            ],
            [
              6.0869459,
              45.9067555
            ],
            [
              6.0867492,
              45.9068635
            ],
            [
              6.0863904,
              45.90697
            ],
            [
              6.0860123,
              45.9069629
            ],
            [
              6.08592,
              45.9069346
            ],
            [
              6.0856957,
              45.9068594
            ],
            [
              6.0853831,
              45.9067029
            ],
            [
              6.0852148,
              45.9065821
            ],
            [
              6.0850936,
              45.9065261
            ],
            [
              6.0850217,
              45.9065083
            ],
            [
              6.0849442,
              45.9065094
            ],
            [
              6.0848717,
              45.9065115
            ],
            [
              6.0848139,
              45.9065303
            ],
            [
              6.0847733,
              45.9065672
            ],
            [
              6.0847434,
              45.9066011
            ],
            [
              6.084714,
              45.9066286
            ],
            [
              6.0847015,
              45.9066484
            ],
            [
              6.0842162,
              45.9064184
            ],
            [
              6.0843323,
              45.906318
            ],
            [
              6.0845059,
              45.9062544
            ],
            [
              6.0846687,
              45.9061773
            ],
            [
              6.084854,
              45.9061463
            ],
            [
              6.0850538,
              45.9062097
            ],
            [
              6.0852073,
              45.9063484
            ],
            [
              6.0855179,
              45.9065271
            ],
            [
              6.0857606,
              45.9066521
            ],
            [
              6.0859908,
              45.9067114
            ],
            [
              6.0862394,
              45.906723
            ],
            [
              6.0864915,
              45.9066926
            ],
            [
              6.0865995,
              45.9065985
            ],
            [
              6.0866149,
              45.9063824
            ],
            [
              6.0867123,
              45.9061927
            ],
            [
              6.086917,
              45.9058254
            ],
            [
              6.0871096,
              45.9056137
            ],
            [
              6.0871893,
              45.9054928
            ],
            [
              6.0873806,
              45.9053036
            ],
            [
              6.0875223,
              45.9051026
            ],
            [
              6.0876274,
              45.9047997
            ],
            [
              6.0876381,
              45.9044973
            ],
            [
              6.0875845,
              45.9041929
            ],
            [
              6.0874158,
              45.9036801
            ],
            [
              6.0869184,
              45.903105
            ],
            [
              6.0862244,
              45.9028696
            ],
            [
              6.0852671,
              45.9025894
            ],
            [
              6.0846051,
              45.9025139
            ],
            [
              6.0827293,
              45.9016159
            ],
            [
              6.0818147,
              45.9013505
            ],
            [
              6.0812952,
              45.9013325
            ],
            [
              6.0807372,
              45.9014441
            ],
            [
              6.080146,
              45.9015266
            ],
            [
              6.0793273,
              45.9017933
            ],
            [
              6.078528,
              45.9022402
            ],
            [
              6.077961,
              45.9028984
            ],
            [
              6.0771468,
              45.9035907
            ],
            [
              6.0767113,
              45.9038438
            ],
            [
              6.0763423,
              45.9039577
            ],
            [
              6.0759903,
              45.9039205
            ],
            [
              6.0757228,
              45.9037527
            ],
            [
              6.0754359,
              45.9034246
            ],
            [
              6.0752862,
              45.9031727
            ],
            [
              6.0749979,
              45.9027886
            ],
            [
              6.0746444,
              45.9024537
            ],
            [
              6.0743933,
              45.902334
            ],
            [
              6.0739159,
              45.9022142
            ],
            [
              6.0734358,
              45.9022081
            ],
            [
              6.0726347,
              45.9022929
            ],
            [
              6.0717996,
              45.9022606
            ],
            [
              6.0712811,
              45.9023202
            ],
            [
              6.0709928,
              45.9024051
            ],
            [
              6.0707799,
              45.9025265
            ],
            [
              6.0705331,
              45.9026304
            ],
            [
              6.0698752,
              45.9030881
            ],
            [
              6.0694936,
              45.9032959
            ],
            [
              6.0692128,
              45.9035434
            ],
            [
              6.0687237,
              45.9040842
            ],
            [
              6.0684724,
              45.9048089
            ],
            [
              6.0683516,
              45.9055099
            ],
            [
              6.0682161,
              45.9059669
            ],
            [
              6.0681071,
              45.9062806
            ],
            [
              6.0678657,
              45.9067433
            ],
            [
              6.0676957,
              45.9071677
            ],
            [
              6.0675226,
              45.9073353
            ],
            [
              6.0675672,
              45.907351
            ],
            [
              6.0676208,
              45.9073305
            ],
            [
              6.0679856,
              45.9071121
            ],
            [
              6.0680607,
              45.9070878
            ],
            [
              6.0681705,
              45.9070834
            ],
            [
              6.0681727,
              45.9071211
            ],
            [
              6.0681767,
              45.9071896
            ],
            [
              6.0681359,
              45.9071819
            ],
            [
              6.0680478,
              45.9072061
            ],
            [
              6.0679266,
              45.907254
            ],
            [
              6.0676262,
              45.9074574
            ],
            [
              6.0675521,
              45.9074992
            ]
          ]
        ]
      }
    },
    {
      "type": "Feature",
      "properties": {
        "fid": 21,
        "id": 32071088,
        "description": null,
        "layer": null,
        "name:es": null,
        "tourism": null,
        "note": null,
        "wetland": null,
        "name:nl": null,
        "amenity": null,
        "ele": null,
        "golf": null,
        "swimming": null,
        "boat": "no",
        "landuse": null,
        "wheelchair": null,
        "artist_name": null,
        "intermittent": null,
        "type": null,
        "basin": null,
        "wikimedia_commons": null,
        "toilets:wheelchair": null,
        "wikidata": null,
        "source": "cadastre-dgi-fr source : Direction Générale des Impôts - Cadastre ; mise à jour : 2008",
        "drinking_water": null,
        "level": null,
        "fountain": null,
        "tidal": null,
        "salt": null,
        "artwork_type": null,
        "name:en": null,
        "wikipedia": null,
        "water": "river",
        "name": "Le Fier",
        "natural": "water",
        "name:de": null,
        "name:it": null,
        "surface": null,
        "website": null
      },
      "geometry": {
        "type": "Polygon",
        "coordinates": [
          [
            [
              6.1197858,
              45.9290778
            ],
            [
              6.1197925,
              45.9291297
            ],
            [
              6.1198233,
              45.929181
            ],
            [
              6.1198796,
              45.9292118
            ],
            [
              6.1199319,
              45.9292276
            ],
            [
              6.1199809,
              45.9292185
            ],
            [
              6.1201817,
              45.9294963
            ],
            [
              6.1204312,
              45.9298459
            ],
            [
              6.1204751,
              45.9300056
            ],
            [
              6.1204838,
              45.930155
            ],
            [
              6.1204726,
              45.9302774
            ],
            [
              6.1205015,
              45.9305207
            ],
            [
              6.120541,
              45.9307539
            ],
            [
              6.1207654,
              45.9314235
            ],
            [
              6.121169,
              45.9321747
            ],
            [
              6.1220175,
              45.9328932
            ],
            [
              6.1226398,
              45.9331805
            ],
            [
              6.1230201,
              45.933489
            ],
            [
              6.1232326,
              45.9332364
            ],
            [
              6.1229306,
              45.9330557
            ],
            [
              6.1226839,
              45.9328393
            ],
            [
              6.1224364,
              45.9327009
            ],
            [
              6.1223245,
              45.9325613
            ],
            [
              6.1220705,
              45.9323797
            ],
            [
              6.1218689,
              45.9322313
            ],
            [
              6.1216272,
              45.9320411
            ],
            [
              6.1214313,
              45.931817
            ],
            [
              6.1212916,
              45.9315897
            ],
            [
              6.1212811,
              45.9315726
            ],
            [
              6.1211944,
              45.9313307
            ],
            [
              6.1211588,
              45.9311114
            ],
            [
              6.1210913,
              45.9307655
            ],
            [
              6.1210222,
              45.9303084
            ],
            [
              6.1210223,
              45.9301518
            ],
            [
              6.1210223,
              45.9300911
            ],
            [
              6.1210182,
              45.9298843
            ],
            [
              6.1209468,
              45.9297205
            ],
            [
              6.1208767,
              45.9297034
            ],
            [
              6.1208466,
              45.9296884
            ],
            [
              6.1207902,
              45.9296436
            ],
            [
              6.1205775,
              45.9293576
            ],
            [
              6.1203961,
              45.9290864
            ],
            [
              6.1203815,
              45.9290645
            ],
            [
              6.1203879,
              45.9290585
            ],
            [
              6.1203993,
              45.9290592
            ],
            [
              6.1204147,
              45.9290805
            ],
            [
              6.1204334,
              45.9290741
            ],
            [
              6.1204635,
              45.9290637
            ],
            [
              6.1204089,
              45.9289891
            ],
            [
              6.1203732,
              45.9289403
            ],
            [
              6.1202887,
              45.9289217
            ],
            [
              6.1201841,
              45.9287877
            ],
            [
              6.1201495,
              45.9287434
            ],
            [
              6.1201358,
              45.9287258
            ],
            [
              6.1201108,
              45.9286978
            ],
            [
              6.119615,
              45.9281419
            ],
            [
              6.1194078,
              45.9278364
            ],
            [
              6.119279,
              45.9276251
            ],
            [
              6.1191715,
              45.9274159
            ],
            [
              6.1189224,
              45.9272928
            ],
            [
              6.1186304,
              45.9270211
            ],
            [
              6.1183631,
              45.9266667
            ],
            [
              6.1181897,
              45.9263058
            ],
            [
              6.1184256,
              45.9259332
            ],
            [
              6.1184826,
              45.9255562
            ],
            [
              6.1185514,
              45.9252528
            ],
            [
              6.1186281,
              45.9248879
            ],
            [
              6.1182895,
              45.9243313
            ],
            [
              6.1179157,
              45.92407
            ],
            [
              6.1175855,
              45.9236839
            ],
            [
              6.1175712,
              45.9233547
            ],
            [
              6.117427,
              45.9229571
            ],
            [
              6.117452,
              45.9227215
            ],
            [
              6.1173455,
              45.9225717
            ],
            [
              6.1173718,
              45.9223552
            ],
            [
              6.1170033,
              45.9212925
            ],
            [
              6.1167434,
              45.9209579
            ],
            [
              6.1164061,
              45.9206665
            ],
            [
              6.1158369,
              45.9203276
            ],
            [
              6.1144391,
              45.9198206
            ],
            [
              6.1136638,
              45.9195438
            ],
            [
              6.1123022,
              45.9193128
            ],
            [
              6.1116304,
              45.919127
            ],
            [
              6.1111655,
              45.918986
            ],
            [
              6.1105912,
              45.9187697
            ],
            [
              6.1101483,
              45.9184896
            ],
            [
              6.1099703,
              45.9182732
            ],
            [
              6.1095455,
              45.9178342
            ],
            [
              6.1089454,
              45.9171341
            ],
            [
              6.1083054,
              45.9165034
            ],
            [
              6.1076343,
              45.9165503
            ],
            [
              6.1077952,
              45.9168905
            ],
            [
              6.107989,
              45.917195
            ],
            [
              6.1083766,
              45.9173733
            ],
            [
              6.1085453,
              45.9179734
            ],
            [
              6.1086016,
              45.918156
            ],
            [
              6.1095018,
              45.9184996
            ],
            [
              6.1099669,
              45.9187856
            ],
            [
              6.1100366,
              45.918994
            ],
            [
              6.1101299,
              45.9190924
            ],
            [
              6.1103658,
              45.919256
            ],
            [
              6.1105533,
              45.9193911
            ],
            [
              6.1107916,
              45.9196104
            ],
            [
              6.1108774,
              45.9197176
            ],
            [
              6.1112357,
              45.9199735
            ],
            [
              6.1113458,
              45.9200562
            ],
            [
              6.11152,
              45.9201943
            ],
            [
              6.1118881,
              45.9203084
            ],
            [
              6.1121761,
              45.920318
            ],
            [
              6.1124883,
              45.9203108
            ],
            [
              6.1134965,
              45.9201675
            ],
            [
              6.1136837,
              45.9201695
            ],
            [
              6.1139087,
              45.9202738
            ],
            [
              6.1144401,
              45.9202652
            ],
            [
              6.1149223,
              45.9203925
            ],
            [
              6.1153965,
              45.9206522
            ],
            [
              6.1158091,
              45.9209137
            ],
            [
              6.1162091,
              45.9211957
            ],
            [
              6.1164146,
              45.9215303
            ],
            [
              6.1168321,
              45.9221554
            ],
            [
              6.1169987,
              45.9231167
            ],
            [
              6.1168157,
              45.9233687
            ],
            [
              6.1167533,
              45.9236339
            ],
            [
              6.1166634,
              45.9237659
            ],
            [
              6.1166483,
              45.9238457
            ],
            [
              6.1166476,
              45.9239449
            ],
            [
              6.1166918,
              45.9239608
            ],
            [
              6.1167414,
              45.9240056
            ],
            [
              6.1167589,
              45.9240429
            ],
            [
              6.1167321,
              45.9240858
            ],
            [
              6.1167267,
              45.9241492
            ],
            [
              6.1167817,
              45.9244272
            ],
            [
              6.1171208,
              45.9252929
            ],
            [
              6.1174069,
              45.9255569
            ],
            [
              6.1175009,
              45.9259935
            ],
            [
              6.1179131,
              45.9267713
            ],
            [
              6.1185986,
              45.9274863
            ],
            [
              6.1191383,
              45.9282383
            ],
            [
              6.1192292,
              45.9283366
            ],
            [
              6.1197858,
              45.9290778
            ]
          ]
        ]
      }
    },
    {
      "type": "Feature",
      "properties": {
        "fid": 22,
        "id": 32994628,
        "description": null,
        "layer": null,
        "name:es": null,
        "tourism": null,
        "note": null,
        "wetland": null,
        "name:nl": null,
        "amenity": null,
        "ele": null,
        "golf": null,
        "swimming": null,
        "boat": "no",
        "landuse": null,
        "wheelchair": null,
        "artist_name": null,
        "intermittent": null,
        "type": null,
        "basin": null,
        "wikimedia_commons": null,
        "toilets:wheelchair": null,
        "wikidata": null,
        "source": null,
        "drinking_water": null,
        "level": null,
        "fountain": null,
        "tidal": null,
        "salt": null,
        "artwork_type": null,
        "name:en": null,
        "wikipedia": null,
        "water": "river",
        "name": "Le Fier",
        "natural": "water",
        "name:de": null,
        "name:it": null,
        "surface": null,
        "website": null
      },
      "geometry": {
        "type": "Polygon",
        "coordinates": [
          [
            [
              6.1230201,
              45.933489
            ],
            [
              6.123409,
              45.9337468
            ],
            [
              6.1239036,
              45.9339632
            ],
            [
              6.1249116,
              45.9339561
            ],
            [
              6.1260354,
              45.9336286
            ],
            [
              6.1272945,
              45.9332316
            ],
            [
              6.1275598,
              45.9330682
            ],
            [
              6.1277925,
              45.9329249
            ],
            [
              6.1278325,
              45.9328929
            ],
            [
              6.1280354,
              45.9327302
            ],
            [
              6.1281767,
              45.9327003
            ],
            [
              6.1287714,
              45.9328125
            ],
            [
              6.1291189,
              45.9328716
            ],
            [
              6.1292285,
              45.932982
            ],
            [
              6.1294938,
              45.9331076
            ],
            [
              6.1297761,
              45.9331558
            ],
            [
              6.1297924,
              45.9331272
            ],
            [
              6.1300733,
              45.9330691
            ],
            [
              6.1302254,
              45.9330814
            ],
            [
              6.1304933,
              45.9330134
            ],
            [
              6.131022,
              45.9329911
            ],
            [
              6.1312255,
              45.9331638
            ],
            [
              6.1314368,
              45.9332606
            ],
            [
              6.1314754,
              45.9334392
            ],
            [
              6.1320654,
              45.9340138
            ],
            [
              6.1324583,
              45.9342742
            ],
            [
              6.1327147,
              45.934598
            ],
            [
              6.1329693,
              45.9347632
            ],
            [
              6.1333304,
              45.9349197
            ],
            [
              6.1334922,
              45.9349768
            ],
            [
              6.1336915,
              45.9347667
            ],
            [
              6.1331938,
              45.9343255
            ],
            [
              6.1321605,
              45.9335937
            ],
            [
              6.1320246,
              45.9333197
            ],
            [
              6.1318852,
              45.933134
            ],
            [
              6.1315689,
              45.9329272
            ],
            [
              6.1312921,
              45.9328686
            ],
            [
              6.1310584,
              45.9327224
            ],
            [
              6.1307756,
              45.9328224
            ],
            [
              6.1304843,
              45.9328003
            ],
            [
              6.1303783,
              45.9329209
            ],
            [
              6.1301566,
              45.9329124
            ],
            [
              6.129911,
              45.9329679
            ],
            [
              6.1297607,
              45.9329204
            ],
            [
              6.1297398,
              45.9328654
            ],
            [
              6.1295595,
              45.9327786
            ],
            [
              6.1294507,
              45.9327292
            ],
            [
              6.1290361,
              45.9325551
            ],
            [
              6.1288128,
              45.9324905
            ],
            [
              6.1286716,
              45.9323964
            ],
            [
              6.1282959,
              45.9323585
            ],
            [
              6.1279918,
              45.9324049
            ],
            [
              6.1278157,
              45.9324858
            ],
            [
              6.1277852,
              45.9324986
            ],
            [
              6.1274757,
              45.9326286
            ],
            [
              6.1273425,
              45.9325947
            ],
            [
              6.1270773,
              45.932621
            ],
            [
              6.1269781,
              45.9326043
            ],
            [
              6.1269423,
              45.9326486
            ],
            [
              6.1268968,
              45.932705
            ],
            [
              6.1268802,
              45.9327255
            ],
            [
              6.1267868,
              45.9327141
            ],
            [
              6.1262474,
              45.9330137
            ],
            [
              6.1251509,
              45.9335215
            ],
            [
              6.1248226,
              45.9336289
            ],
            [
              6.1244363,
              45.9336431
            ],
            [
              6.1240437,
              45.9335674
            ],
            [
              6.123622,
              45.9334308
            ],
            [
              6.1232326,
              45.9332364
            ],
            [
              6.1230201,
              45.933489
            ]
          ]
        ]
      }
    },
    {
      "type": "Feature",
      "properties": {
        "fid": 23,
        "id": 62492615,
        "description": null,
        "layer": null,
        "name:es": null,
        "tourism": null,
        "note": null,
        "wetland": null,
        "name:nl": null,
        "amenity": null,
        "ele": null,
        "golf": null,
        "swimming": null,
        "boat": null,
        "landuse": null,
        "wheelchair": null,
        "artist_name": null,
        "intermittent": null,
        "type": null,
        "basin": null,
        "wikimedia_commons": null,
        "toilets:wheelchair": null,
        "wikidata": null,
        "source": "cadastre-dgi-fr source : Direction Générale des Impôts - Cadastre. Mise à jour : 2010",
        "drinking_water": null,
        "level": null,
        "fountain": null,
        "tidal": null,
        "salt": null,
        "artwork_type": null,
        "name:en": null,
        "wikipedia": null,
        "water": "reservoir",
        "name": "Réservoir de Chanteloup",
        "natural": "water",
        "name:de": null,
        "name:it": null,
        "surface": null,
        "website": null
      },
      "geometry": {
        "type": "Polygon",
        "coordinates": [
          [
            [
              6.1698726,
              45.916788
            ],
            [
              6.1698686,
              45.916784
            ],
            [
              6.1698068,
              45.9167027
            ],
            [
              6.1697695,
              45.916688
            ],
            [
              6.1697399,
              45.916666
            ],
            [
              6.169722,
              45.9166389
            ],
            [
              6.1697159,
              45.9166091
            ],
            [
              6.169723,
              45.9165796
            ],
            [
              6.1697429,
              45.9165529
            ],
            [
              6.1697731,
              45.9165317
            ],
            [
              6.1698113,
              45.9165175
            ],
            [
              6.1698537,
              45.9165122
            ],
            [
              6.1698961,
              45.9165164
            ],
            [
              6.1699352,
              45.9165292
            ],
            [
              6.1699672,
              45.9165494
            ],
            [
              6.1699881,
              45.9165755
            ],
            [
              6.1699973,
              45.9166046
            ],
            [
              6.1699934,
              45.9166346
            ],
            [
              6.17006,
              45.9167223
            ],
            [
              6.1700974,
              45.9167376
            ],
            [
              6.1701257,
              45.9167599
            ],
            [
              6.1701436,
              45.9167873
            ],
            [
              6.1701484,
              45.9168168
            ],
            [
              6.1701406,
              45.9168461
            ],
            [
              6.1701202,
              45.9168727
            ],
            [
              6.1700893,
              45.9168935
            ],
            [
              6.170051,
              45.9169067
            ],
            [
              6.1700086,
              45.9169114
            ],
            [
              6.1699662,
              45.916907
            ],
            [
              6.1699277,
              45.9168938
            ],
            [
              6.169897,
              45.9168733
            ],
            [
              6.169876,
              45.9168469
            ],
            [
              6.169868,
              45.9168175
            ],
            [
              6.1698726,
              45.916788
            ]
          ]
        ]
      }
    },
    {
      "type": "Feature",
      "properties": {
        "fid": 24,
        "id": 83151200,
        "description": null,
        "layer": null,
        "name:es": null,
        "tourism": null,
        "note": null,
        "wetland": null,
        "name:nl": null,
        "amenity": null,
        "ele": null,
        "golf": null,
        "swimming": null,
        "boat": "no",
        "landuse": null,
        "wheelchair": null,
        "artist_name": null,
        "intermittent": null,
        "type": null,
        "basin": null,
        "wikimedia_commons": null,
        "toilets:wheelchair": null,
        "wikidata": null,
        "source": "extraction vectorielle v1 cadastre-dgi-fr source : Direction Générale des Impôts - Cadas. Mise à jour : 2010",
        "drinking_water": null,
        "level": null,
        "fountain": null,
        "tidal": null,
        "salt": null,
        "artwork_type": null,
        "name:en": null,
        "wikipedia": null,
        "water": "river",
        "name": null,
        "natural": "water",
        "name:de": null,
        "name:it": null,
        "surface": null,
        "website": null
      },
      "geometry": {
        "type": "Polygon",
        "coordinates": [
          [
            [
              6.1658999,
              45.951145
            ],
            [
              6.1660136,
              45.9510061
            ],
            [
              6.1660747,
              45.9509047
            ],
            [
              6.166139,
              45.9506587
            ],
            [
              6.1662032,
              45.9502913
            ],
            [
              6.1661589,
              45.9500321
            ],
            [
              6.1660559,
              45.9497882
            ],
            [
              6.1657137,
              45.9495644
            ],
            [
              6.1652562,
              45.9494869
            ],
            [
              6.1647459,
              45.9494363
            ],
            [
              6.1640297,
              45.9492954
            ],
            [
              6.1636069,
              45.9492614
            ],
            [
              6.1632979,
              45.9490805
            ],
            [
              6.163054,
              45.9489449
            ],
            [
              6.1629564,
              45.9487074
            ],
            [
              6.1629076,
              45.9484926
            ],
            [
              6.1627613,
              45.9479951
            ],
            [
              6.1627593,
              45.9477535
            ],
            [
              6.1627921,
              45.9475833
            ],
            [
              6.1630267,
              45.9475096
            ],
            [
              6.1630091,
              45.9476436
            ],
            [
              6.1629934,
              45.947829
            ],
            [
              6.1629933,
              45.9479606
            ],
            [
              6.1630305,
              45.9481471
            ],
            [
              6.163055,
              45.9482889
            ],
            [
              6.1631025,
              45.9484876
            ],
            [
              6.1631453,
              45.9486312
            ],
            [
              6.1631715,
              45.9487041
            ],
            [
              6.1632314,
              45.9488813
            ],
            [
              6.1633688,
              45.949005
            ],
            [
              6.1634751,
              45.9490422
            ],
            [
              6.1637476,
              45.9491235
            ],
            [
              6.1639942,
              45.9491609
            ],
            [
              6.1642081,
              45.9491832
            ],
            [
              6.1644909,
              45.9492021
            ],
            [
              6.1647422,
              45.9492585
            ],
            [
              6.1651485,
              45.9493193
            ],
            [
              6.165632,
              45.9493931
            ],
            [
              6.1659316,
              45.94951
            ],
            [
              6.1661778,
              45.949665
            ],
            [
              6.1663909,
              45.9498193
            ],
            [
              6.1664344,
              45.9499195
            ],
            [
              6.1664927,
              45.9500739
            ],
            [
              6.1665656,
              45.9503096
            ],
            [
              6.1665323,
              45.9505606
            ],
            [
              6.1664719,
              45.9508005
            ],
            [
              6.1662967,
              45.9511748
            ],
            [
              6.166188,
              45.9513405
            ],
            [
              6.1660832,
              45.9514872
            ],
            [
              6.1657407,
              45.9517965
            ],
            [
              6.1654422,
              45.9522379
            ],
            [
              6.1653625,
              45.952473
            ],
            [
              6.1652203,
              45.9528541
            ],
            [
              6.1652066,
              45.9528949
            ],
            [
              6.1651163,
              45.9530956
            ],
            [
              6.1649933,
              45.9532444
            ],
            [
              6.1649691,
              45.953545
            ],
            [
              6.1649745,
              45.9537189
            ],
            [
              6.1650114,
              45.9538898
            ],
            [
              6.1650502,
              45.9540962
            ],
            [
              6.1650711,
              45.9541442
            ],
            [
              6.1652115,
              45.9543736
            ],
            [
              6.1653319,
              45.9545438
            ],
            [
              6.165526,
              45.9548112
            ],
            [
              6.1657886,
              45.955161
            ],
            [
              6.1660325,
              45.9554525
            ],
            [
              6.166165,
              45.9555902
            ],
            [
              6.1664648,
              45.9558742
            ],
            [
              6.1665773,
              45.9559662
            ],
            [
              6.1666672,
              45.95603
            ],
            [
              6.1666845,
              45.9560422
            ],
            [
              6.166688,
              45.9560446
            ],
            [
              6.1666039,
              45.9560953
            ],
            [
              6.1663844,
              45.9559533
            ],
            [
              6.1663589,
              45.9559344
            ],
            [
              6.1662226,
              45.9558416
            ],
            [
              6.1659926,
              45.9556031
            ],
            [
              6.165668,
              45.9552526
            ],
            [
              6.1654684,
              45.9549572
            ],
            [
              6.1652624,
              45.9546679
            ],
            [
              6.1651712,
              45.954547
            ],
            [
              6.1650301,
              45.95436
            ],
            [
              6.1648814,
              45.9541215
            ],
            [
              6.1647487,
              45.95384
            ],
            [
              6.1646829,
              45.9535089
            ],
            [
              6.1646462,
              45.9532114
            ],
            [
              6.1646652,
              45.9528463
            ],
            [
              6.1647855,
              45.952605
            ],
            [
              6.1650291,
              45.9523743
            ],
            [
              6.1652692,
              45.9520578
            ],
            [
              6.165536,
              45.9516863
            ],
            [
              6.1656337,
              45.9514756
            ],
            [
              6.1658999,
              45.951145
            ]
          ]
        ]
      }
    },
    {
      "type": "Feature",
      "properties": {
        "fid": 25,
        "id": 83151206,
        "description": null,
        "layer": null,
        "name:es": null,
        "tourism": null,
        "note": null,
        "wetland": null,
        "name:nl": null,
        "amenity": null,
        "ele": null,
        "golf": null,
        "swimming": null,
        "boat": "no",
        "landuse": null,
        "wheelchair": null,
        "artist_name": null,
        "intermittent": null,
        "type": null,
        "basin": null,
        "wikimedia_commons": null,
        "toilets:wheelchair": null,
        "wikidata": null,
        "source": "extraction vectorielle v1 cadastre-dgi-fr source : Direction Générale des Impôts - Cadas. Mise à jour : 2010",
        "drinking_water": null,
        "level": null,
        "fountain": null,
        "tidal": null,
        "salt": null,
        "artwork_type": null,
        "name:en": null,
        "wikipedia": null,
        "water": "river",
        "name": null,
        "natural": "water",
        "name:de": null,
        "name:it": null,
        "surface": null,
        "website": null
      },
      "geometry": {
        "type": "Polygon",
        "coordinates": [
          [
            [
              6.1372836,
              45.9355161
            ],
            [
              6.1373076,
              45.9354962
            ],
            [
              6.1373345,
              45.9354818
            ],
            [
              6.1373516,
              45.935473
            ],
            [
              6.1373701,
              45.9354672
            ],
            [
              6.1373982,
              45.9354622
            ],
            [
              6.1374596,
              45.9354582
            ],
            [
              6.1375172,
              45.9354533
            ],
            [
              6.1375543,
              45.9354428
            ],
            [
              6.1375717,
              45.9354275
            ],
            [
              6.1375751,
              45.9354212
            ],
            [
              6.1376236,
              45.9354119
            ],
            [
              6.1376142,
              45.935445
            ],
            [
              6.1376333,
              45.9355047
            ],
            [
              6.1376447,
              45.9355186
            ],
            [
              6.1376795,
              45.9355429
            ],
            [
              6.1377198,
              45.9355548
            ],
            [
              6.1377514,
              45.9355581
            ],
            [
              6.1377632,
              45.9355551
            ],
            [
              6.1377705,
              45.9355504
            ],
            [
              6.1377965,
              45.935521
            ],
            [
              6.1378028,
              45.9355098
            ],
            [
              6.1378073,
              45.9355008
            ],
            [
              6.1378071,
              45.9354857
            ],
            [
              6.1378074,
              45.9354691
            ],
            [
              6.1378079,
              45.9354569
            ],
            [
              6.137813,
              45.9354455
            ],
            [
              6.1378141,
              45.9354318
            ],
            [
              6.1378135,
              45.9354215
            ],
            [
              6.1378135,
              45.9354105
            ],
            [
              6.137813,
              45.9354013
            ],
            [
              6.1378272,
              45.9353855
            ],
            [
              6.1379194,
              45.9353699
            ],
            [
              6.1379728,
              45.9353584
            ],
            [
              6.1380114,
              45.9353517
            ],
            [
              6.1380969,
              45.9353396
            ],
            [
              6.1381706,
              45.9353307
            ],
            [
              6.1382528,
              45.9353258
            ],
            [
              6.138328,
              45.935321
            ],
            [
              6.1383616,
              45.9353263
            ],
            [
              6.1384019,
              45.9353383
            ],
            [
              6.1384275,
              45.9353465
            ],
            [
              6.1384353,
              45.9353501
            ],
            [
              6.1385246,
              45.9353388
            ],
            [
              6.1385902,
              45.9353316
            ],
            [
              6.1386071,
              45.9353291
            ],
            [
              6.1386204,
              45.9353207
            ],
            [
              6.1386185,
              45.9353086
            ],
            [
              6.1386164,
              45.9352835
            ],
            [
              6.1386073,
              45.9352665
            ],
            [
              6.1386016,
              45.9352542
            ],
            [
              6.1386284,
              45.9352499
            ],
            [
              6.1386839,
              45.9352413
            ],
            [
              6.1387138,
              45.9352369
            ],
            [
              6.1388051,
              45.9352166
            ],
            [
              6.1388828,
              45.9352005
            ],
            [
              6.1389729,
              45.9351918
            ],
            [
              6.1390962,
              45.9351807
            ],
            [
              6.1391616,
              45.9351798
            ],
            [
              6.1392483,
              45.9351783
            ],
            [
              6.1392986,
              45.935179
            ],
            [
              6.1393962,
              45.9351814
            ],
            [
              6.1394304,
              45.9351855
            ],
            [
              6.1394698,
              45.9351912
            ],
            [
              6.1394972,
              45.9351985
            ],
            [
              6.139521,
              45.9352194
            ],
            [
              6.1395308,
              45.9352251
            ],
            [
              6.1395676,
              45.9352422
            ],
            [
              6.1395993,
              45.9352458
            ],
            [
              6.1396219,
              45.9352451
            ],
            [
              6.1396454,
              45.9352388
            ],
            [
              6.1396618,
              45.935228
            ],
            [
              6.1396671,
              45.9352214
            ],
            [
              6.1396744,
              45.9351951
            ],
            [
              6.1396749,
              45.9351811
            ],
            [
              6.1396684,
              45.9351674
            ],
            [
              6.1396747,
              45.9351447
            ],
            [
              6.1398141,
              45.935118
            ],
            [
              6.1399354,
              45.9351049
            ],
            [
              6.1400823,
              45.9350893
            ],
            [
              6.1401935,
              45.9350761
            ],
            [
              6.1402966,
              45.9350644
            ],
            [
              6.1403988,
              45.9350592
            ],
            [
              6.1404154,
              45.9350629
            ],
            [
              6.1404275,
              45.9350655
            ],
            [
              6.1404627,
              45.9350649
            ],
            [
              6.1404842,
              45.9350672
            ],
            [
              6.1404989,
              45.9350722
            ],
            [
              6.1405121,
              45.9350926
            ],
            [
              6.1405217,
              45.9351074
            ],
            [
              6.1405322,
              45.9351157
            ],
            [
              6.1405457,
              45.9351204
            ],
            [
              6.1405709,
              45.9351206
            ],
            [
              6.1405907,
              45.9351156
            ],
            [
              6.1405954,
              45.9351095
            ],
            [
              6.1406083,
              45.9350938
            ],
            [
              6.1406214,
              45.9350795
            ],
            [
              6.1406263,
              45.9350669
            ],
            [
              6.1406247,
              45.9350598
            ],
            [
              6.140633,
              45.9350516
            ],
            [
              6.1406362,
              45.935042
            ],
            [
              6.1406386,
              45.9350286
            ],
            [
              6.1406724,
              45.9350137
            ],
            [
              6.1407982,
              45.9349925
            ],
            [
              6.1408425,
              45.9349853
            ],
            [
              6.1409481,
              45.9349738
            ],
            [
              6.141017,
              45.9349687
            ],
            [
              6.1410781,
              45.93497
            ],
            [
              6.141121,
              45.9349714
            ],
            [
              6.1412004,
              45.9349861
            ],
            [
              6.1412171,
              45.9349919
            ],
            [
              6.141237,
              45.9350095
            ],
            [
              6.1412593,
              45.935026
            ],
            [
              6.1412865,
              45.9350404
            ],
            [
              6.1413033,
              45.9350479
            ],
            [
              6.1413144,
              45.935045
            ],
            [
              6.1413228,
              45.9350376
            ],
            [
              6.1413262,
              45.9350194
            ],
            [
              6.1413275,
              45.9349972
            ],
            [
              6.1413252,
              45.9349792
            ],
            [
              6.1413109,
              45.9349594
            ],
            [
              6.1413133,
              45.9349478
            ],
            [
              6.1413266,
              45.9349373
            ],
            [
              6.1413394,
              45.9349301
            ],
            [
              6.1413541,
              45.9349232
            ],
            [
              6.1413713,
              45.9349168
            ],
            [
              6.1414013,
              45.9349118
            ],
            [
              6.1414624,
              45.9349033
            ],
            [
              6.1414973,
              45.934897
            ],
            [
              6.1415214,
              45.934889
            ],
            [
              6.1415552,
              45.9348762
            ],
            [
              6.1415876,
              45.9348593
            ],
            [
              6.1416161,
              45.9348407
            ],
            [
              6.1416927,
              45.9347823
            ],
            [
              6.1417222,
              45.9347598
            ],
            [
              6.1417538,
              45.9347388
            ],
            [
              6.1418487,
              45.9346938
            ],
            [
              6.1418862,
              45.9346892
            ],
            [
              6.1419106,
              45.9346882
            ],
            [
              6.1419428,
              45.9346894
            ],
            [
              6.1419718,
              45.9347025
            ],
            [
              6.1420124,
              45.9347195
            ],
            [
              6.1420259,
              45.9347251
            ],
            [
              6.1420556,
              45.9347148
            ],
            [
              6.1420817,
              45.9346992
            ],
            [
              6.1421925,
              45.9346004
            ],
            [
              6.1421956,
              45.9345561
            ],
            [
              6.1422251,
              45.9345328
            ],
            [
              6.1423077,
              45.934513
            ],
            [
              6.1423716,
              45.934497
            ],
            [
              6.1424077,
              45.9344797
            ],
            [
              6.1424817,
              45.9344318
            ],
            [
              6.1425608,
              45.9344287
            ],
            [
              6.1426645,
              45.9344163
            ],
            [
              6.1428088,
              45.934399
            ],
            [
              6.1427925,
              45.9343672
            ],
            [
              6.142967,
              45.9343721
            ],
            [
              6.1430125,
              45.9343756
            ],
            [
              6.1431553,
              45.9343865
            ],
            [
              6.1432557,
              45.9344164
            ],
            [
              6.143343,
              45.9344575
            ],
            [
              6.143394,
              45.9344816
            ],
            [
              6.1434304,
              45.9345032
            ],
            [
              6.143485,
              45.9345449
            ],
            [
              6.1435193,
              45.934573
            ],
            [
              6.1435389,
              45.9345856
            ],
            [
              6.1435789,
              45.9346037
            ],
            [
              6.1436189,
              45.9346207
            ],
            [
              6.1436383,
              45.93463
            ],
            [
              6.1436555,
              45.9346339
            ],
            [
              6.1436874,
              45.9346422
            ],
            [
              6.1437049,
              45.9346509
            ],
            [
              6.1437426,
              45.9346739
            ],
            [
              6.1438104,
              45.9347266
            ],
            [
              6.1438784,
              45.934795
            ],
            [
              6.1439498,
              45.9348665
            ],
            [
              6.1439564,
              45.9348732
            ],
            [
              6.1434815,
              45.9350299
            ],
            [
              6.1433217,
              45.9349095
            ],
            [
              6.143053,
              45.9347331
            ],
            [
              6.1429056,
              45.9347446
            ],
            [
              6.1427263,
              45.9347494
            ],
            [
              6.1426572,
              45.9347522
            ],
            [
              6.1424504,
              45.9349288
            ],
            [
              6.1423979,
              45.93493
            ],
            [
              6.1422501,
              45.9349398
            ],
            [
              6.1421854,
              45.934959
            ],
            [
              6.1421682,
              45.9349647
            ],
            [
              6.1420087,
              45.935011
            ],
            [
              6.1418982,
              45.9350445
            ],
            [
              6.1417263,
              45.9351153
            ],
            [
              6.1416091,
              45.9351695
            ],
            [
              6.1415454,
              45.9351852
            ],
            [
              6.1413898,
              45.9352137
            ],
            [
              6.1412539,
              45.9352357
            ],
            [
              6.1411701,
              45.9352492
            ],
            [
              6.1410646,
              45.9352615
            ],
            [
              6.140865,
              45.9352789
            ],
            [
              6.1408052,
              45.9352809
            ],
            [
              6.1406037,
              45.935294
            ],
            [
              6.1404229,
              45.9353124
            ],
            [
              6.1402048,
              45.9353497
            ],
            [
              6.1400855,
              45.9353713
            ],
            [
              6.139919,
              45.9353956
            ],
            [
              6.1398277,
              45.9353924
            ],
            [
              6.1396142,
              45.9353847
            ],
            [
              6.1395328,
              45.9353781
            ],
            [
              6.1394736,
              45.935379
            ],
            [
              6.1394159,
              45.9353944
            ],
            [
              6.1393,
              45.9354206
            ],
            [
              6.1392828,
              45.9354254
            ],
            [
              6.1391125,
              45.9354377
            ],
            [
              6.1390618,
              45.9354389
            ],
            [
              6.1388601,
              45.935452
            ],
            [
              6.1387722,
              45.9354587
            ],
            [
              6.1387541,
              45.9354603
            ],
            [
              6.1387194,
              45.9354669
            ],
            [
              6.1385701,
              45.9355067
            ],
            [
              6.1384224,
              45.9355405
            ],
            [
              6.1383288,
              45.9355565
            ],
            [
              6.1381541,
              45.935587
            ],
            [
              6.138017,
              45.9356154
            ],
            [
              6.1376442,
              45.9357154
            ],
            [
              6.1376318,
              45.9357213
            ],
            [
              6.1376037,
              45.935721
            ],
            [
              6.1374214,
              45.9357243
            ],
            [
              6.1373531,
              45.9357263
            ],
            [
              6.1371803,
              45.9357544
            ],
            [
              6.137091,
              45.9357675
            ],
            [
              6.1369204,
              45.9358075
            ],
            [
              6.1368238,
              45.9358345
            ],
            [
              6.1366874,
              45.935865
            ],
            [
              6.1365806,
              45.9358915
            ],
            [
              6.1364772,
              45.935914
            ],
            [
              6.1363982,
              45.9359158
            ],
            [
              6.1363009,
              45.935912
            ],
            [
              6.1361824,
              45.9358914
            ],
            [
              6.1360703,
              45.935863
            ],
            [
              6.1359451,
              45.9358309
            ],
            [
              6.1358578,
              45.9358126
            ],
            [
              6.135793,
              45.9357987
            ],
            [
              6.1357576,
              45.935799
            ],
            [
              6.1356215,
              45.9357907
            ],
            [
              6.1355397,
              45.935783
            ],
            [
              6.1354403,
              45.9358119
            ],
            [
              6.135374,
              45.9358119
            ],
            [
              6.1352927,
              45.9358011
            ],
            [
              6.1352117,
              45.9357932
            ],
            [
              6.1350565,
              45.9357577
            ],
            [
              6.1349359,
              45.9357199
            ],
            [
              6.1348177,
              45.9356825
            ],
            [
              6.1347157,
              45.9356463
            ],
            [
              6.1346612,
              45.9356239
            ],
            [
              6.1344584,
              45.9355361
            ],
            [
              6.1342086,
              45.9353962
            ],
            [
              6.1341616,
              45.9353649
            ],
            [
              6.134019,
              45.9352699
            ],
            [
              6.1339194,
              45.9351992
            ],
            [
              6.1337819,
              45.9351154
            ],
            [
              6.1335887,
              45.9350152
            ],
            [
              6.1334922,
              45.9349768
            ],
            [
              6.1336915,
              45.9347667
            ],
            [
              6.1337743,
              45.9347875
            ],
            [
              6.1338718,
              45.9348319
            ],
            [
              6.1340106,
              45.9348948
            ],
            [
              6.1341622,
              45.9349618
            ],
            [
              6.1342192,
              45.9349804
            ],
            [
              6.1342647,
              45.9349955
            ],
            [
              6.1343156,
              45.9350178
            ],
            [
              6.1343511,
              45.9350328
            ],
            [
              6.1344023,
              45.9350602
            ],
            [
              6.134467,
              45.9350922
            ],
            [
              6.1345191,
              45.9351127
            ],
            [
              6.1345957,
              45.9351432
            ],
            [
              6.1346255,
              45.9351593
            ],
            [
              6.1346694,
              45.9351907
            ],
            [
              6.1347154,
              45.9352256
            ],
            [
              6.1348336,
              45.935279
            ],
            [
              6.1348756,
              45.9352992
            ],
            [
              6.1349499,
              45.9353345
            ],
            [
              6.1349862,
              45.9353527
            ],
            [
              6.1350084,
              45.9353572
            ],
            [
              6.1350275,
              45.9353605
            ],
            [
              6.1350432,
              45.9353598
            ],
            [
              6.1350538,
              45.9353583
            ],
            [
              6.1350679,
              45.9353641
            ],
            [
              6.1350748,
              45.9353734
            ],
            [
              6.1350816,
              45.9353952
            ],
            [
              6.1351019,
              45.9354426
            ],
            [
              6.1351329,
              45.9354673
            ],
            [
              6.1351688,
              45.93549
            ],
            [
              6.135198,
              45.9355058
            ],
            [
              6.135216,
              45.9355142
            ],
            [
              6.1352449,
              45.9355235
            ],
            [
              6.1352829,
              45.935529
            ],
            [
              6.1353141,
              45.9355347
            ],
            [
              6.1353312,
              45.9355374
            ],
            [
              6.1353832,
              45.9355565
            ],
            [
              6.1354308,
              45.9355741
            ],
            [
              6.1355205,
              45.935593
            ],
            [
              6.1355689,
              45.9356032
            ],
            [
              6.1356295,
              45.9356185
            ],
            [
              6.1356935,
              45.9356381
            ],
            [
              6.1357537,
              45.9356566
            ],
            [
              6.1358476,
              45.9356753
            ],
            [
              6.1359096,
              45.9356787
            ],
            [
              6.1359866,
              45.9356834
            ],
            [
              6.1360542,
              45.9356871
            ],
            [
              6.136099,
              45.9356907
            ],
            [
              6.1361839,
              45.9356898
            ],
            [
              6.1362455,
              45.9356893
            ],
            [
              6.1363056,
              45.9356838
            ],
            [
              6.1363351,
              45.9356717
            ],
            [
              6.1363469,
              45.9356592
            ],
            [
              6.1363526,
              45.9356487
            ],
            [
              6.136361,
              45.9356295
            ],
            [
              6.1363662,
              45.9356107
            ],
            [
              6.1364728,
              45.9356152
            ],
            [
              6.136535,
              45.9356149
            ],
            [
              6.1366052,
              45.9356109
            ],
            [
              6.1366541,
              45.9356075
            ],
            [
              6.1367248,
              45.9355999
            ],
            [
              6.1367828,
              45.9355918
            ],
            [
              6.1368469,
              45.9355797
            ],
            [
              6.1369266,
              45.9355647
            ],
            [
              6.1369303,
              45.935586
            ],
            [
              6.1369347,
              45.9356087
            ],
            [
              6.1369519,
              45.9356245
            ],
            [
              6.1369669,
              45.9356324
            ],
            [
              6.1369911,
              45.9356392
            ],
            [
              6.1370407,
              45.9356375
            ],
            [
              6.1370572,
              45.9356172
            ],
            [
              6.1370694,
              45.9355999
            ],
            [
              6.1370793,
              45.9355851
            ],
            [
              6.137083,
              45.9355735
            ],
            [
              6.13708,
              45.9355318
            ],
            [
              6.1370874,
              45.9355167
            ],
            [
              6.1370997,
              45.9355122
            ],
            [
              6.1371536,
              45.9355093
            ],
            [
              6.1371637,
              45.9355209
            ],
            [
              6.1371641,
              45.9355283
            ],
            [
              6.1371512,
              45.9356007
            ],
            [
              6.1371674,
              45.9356299
            ],
            [
              6.1371856,
              45.9356412
            ],
            [
              6.1372059,
              45.9356436
            ],
            [
              6.1372187,
              45.9356376
            ],
            [
              6.1372288,
              45.9356261
            ],
            [
              6.137236,
              45.9356096
            ],
            [
              6.1372421,
              45.9355842
            ],
            [
              6.1372508,
              45.9355591
            ],
            [
              6.1372564,
              45.9355471
            ],
            [
              6.1372675,
              45.9355319
            ],
            [
              6.1372836,
              45.9355161
            ]
          ]
        ]
      }
    },
    {
      "type": "Feature",
      "properties": {
        "fid": 26,
        "id": 83151219,
        "description": null,
        "layer": null,
        "name:es": null,
        "tourism": null,
        "note": null,
        "wetland": null,
        "name:nl": null,
        "amenity": null,
        "ele": null,
        "golf": null,
        "swimming": null,
        "boat": "no",
        "landuse": null,
        "wheelchair": null,
        "artist_name": null,
        "intermittent": null,
        "type": null,
        "basin": null,
        "wikimedia_commons": null,
        "toilets:wheelchair": null,
        "wikidata": null,
        "source": "extraction vectorielle v1 cadastre-dgi-fr source : Direction Générale des Impôts - Cadas. Mise à jour : 2010",
        "drinking_water": null,
        "level": null,
        "fountain": null,
        "tidal": null,
        "salt": null,
        "artwork_type": null,
        "name:en": null,
        "wikipedia": null,
        "water": "river",
        "name": null,
        "natural": "water",
        "name:de": null,
        "name:it": null,
        "surface": null,
        "website": null
      },
      "geometry": {
        "type": "Polygon",
        "coordinates": [
          [
            [
              6.179178,
              45.928451
            ],
            [
              6.1794032,
              45.9282939
            ],
            [
              6.1796688,
              45.9284092
            ],
            [
              6.1794474,
              45.9285335
            ],
            [
              6.1790084,
              45.9287619
            ],
            [
              6.1781025,
              45.9291214
            ],
            [
              6.1772529,
              45.9294625
            ],
            [
              6.1768137,
              45.9296991
            ],
            [
              6.1766099,
              45.9298424
            ],
            [
              6.176404,
              45.9300214
            ],
            [
              6.1763263,
              45.930267
            ],
            [
              6.1763091,
              45.9305642
            ],
            [
              6.1764222,
              45.9310176
            ],
            [
              6.1765598,
              45.9313574
            ],
            [
              6.1766824,
              45.9317268
            ],
            [
              6.176763,
              45.9320101
            ],
            [
              6.1767312,
              45.9321538
            ],
            [
              6.1766677,
              45.9324302
            ],
            [
              6.1765411,
              45.9325439
            ],
            [
              6.1762972,
              45.9326519
            ],
            [
              6.1761778,
              45.9328059
            ],
            [
              6.1760371,
              45.9330679
            ],
            [
              6.17597,
              45.9333285
            ],
            [
              6.1758179,
              45.9337806
            ],
            [
              6.1757448,
              45.9340442
            ],
            [
              6.1757504,
              45.9342267
            ],
            [
              6.1756912,
              45.9344248
            ],
            [
              6.1752006,
              45.9344004
            ],
            [
              6.1751685,
              45.9342226
            ],
            [
              6.1752723,
              45.9340471
            ],
            [
              6.175392,
              45.9338093
            ],
            [
              6.1755495,
              45.9334945
            ],
            [
              6.1756339,
              45.9332648
            ],
            [
              6.1757055,
              45.9330552
            ],
            [
              6.1757732,
              45.9328965
            ],
            [
              6.1758354,
              45.9327519
            ],
            [
              6.1759645,
              45.932547
            ],
            [
              6.1760726,
              45.9323474
            ],
            [
              6.1761403,
              45.9322213
            ],
            [
              6.1761823,
              45.9320437
            ],
            [
              6.1762162,
              45.9318996
            ],
            [
              6.1762051,
              45.9315622
            ],
            [
              6.1761619,
              45.9314232
            ],
            [
              6.1761181,
              45.9312839
            ],
            [
              6.1761103,
              45.9312571
            ],
            [
              6.176098,
              45.9311632
            ],
            [
              6.1760093,
              45.9310426
            ],
            [
              6.1759485,
              45.9308587
            ],
            [
              6.1759597,
              45.9305931
            ],
            [
              6.1759329,
              45.9303546
            ],
            [
              6.1760478,
              45.9300428
            ],
            [
              6.1761141,
              45.9299377
            ],
            [
              6.1761998,
              45.9298529
            ],
            [
              6.1763358,
              45.9297457
            ],
            [
              6.1764399,
              45.9296624
            ],
            [
              6.1766756,
              45.9295168
            ],
            [
              6.1766993,
              45.9295037
            ],
            [
              6.177007,
              45.9293413
            ],
            [
              6.1771458,
              45.9292713
            ],
            [
              6.1772674,
              45.9292095
            ],
            [
              6.1777478,
              45.9290209
            ],
            [
              6.1781751,
              45.9288501
            ],
            [
              6.1783332,
              45.9287879
            ],
            [
              6.1785496,
              45.9287021
            ],
            [
              6.178803,
              45.9286014
            ],
            [
              6.1789182,
              45.928559
            ],
            [
              6.1790607,
              45.9284999
            ],
            [
              6.179178,
              45.928451
            ]
          ]
        ]
      }
    },
    {
      "type": "Feature",
      "properties": {
        "fid": 27,
        "id": 83151223,
        "description": null,
        "layer": null,
        "name:es": null,
        "tourism": null,
        "note": null,
        "wetland": null,
        "name:nl": null,
        "amenity": null,
        "ele": null,
        "golf": null,
        "swimming": null,
        "boat": "no",
        "landuse": null,
        "wheelchair": null,
        "artist_name": null,
        "intermittent": null,
        "type": null,
        "basin": null,
        "wikimedia_commons": null,
        "toilets:wheelchair": null,
        "wikidata": null,
        "source": "extraction vectorielle v1 cadastre-dgi-fr source : Direction Générale des Impôts - Cadas. Mise à jour : 2010",
        "drinking_water": null,
        "level": null,
        "fountain": null,
        "tidal": null,
        "salt": null,
        "artwork_type": null,
        "name:en": null,
        "wikipedia": null,
        "water": "river",
        "name": null,
        "natural": "water",
        "name:de": null,
        "name:it": null,
        "surface": null,
        "website": null
      },
      "geometry": {
        "type": "Polygon",
        "coordinates": [
          [
            [
              6.1728906,
              45.9365169
            ],
            [
              6.1731115,
              45.9364319
            ],
            [
              6.173421,
              45.9363115
            ],
            [
              6.173474,
              45.9362919
            ],
            [
              6.1738911,
              45.9362708
            ],
            [
              6.174088,
              45.9362606
            ],
            [
              6.1743176,
              45.9362608
            ],
            [
              6.1745282,
              45.936259
            ],
            [
              6.1746735,
              45.9362586
            ],
            [
              6.1747695,
              45.9362328
            ],
            [
              6.1749928,
              45.9361782
            ],
            [
              6.1752185,
              45.936121
            ],
            [
              6.1753915,
              45.9360776
            ],
            [
              6.1755554,
              45.9358747
            ],
            [
              6.1757564,
              45.9356278
            ],
            [
              6.1756975,
              45.9354782
            ],
            [
              6.1756369,
              45.9353201
            ],
            [
              6.1755787,
              45.9351717
            ],
            [
              6.1755301,
              45.9350696
            ],
            [
              6.1754403,
              45.9348844
            ],
            [
              6.1753698,
              45.9347405
            ],
            [
              6.1752443,
              45.9344816
            ],
            [
              6.1752006,
              45.9344004
            ],
            [
              6.1756912,
              45.9344248
            ],
            [
              6.1756844,
              45.9345403
            ],
            [
              6.1758132,
              45.934884
            ],
            [
              6.1758326,
              45.9349065
            ],
            [
              6.1760575,
              45.9351684
            ],
            [
              6.1761177,
              45.9352722
            ],
            [
              6.176177,
              45.9353745
            ],
            [
              6.1762018,
              45.9355963
            ],
            [
              6.1761437,
              45.9358067
            ],
            [
              6.1760346,
              45.9360344
            ],
            [
              6.1757465,
              45.936183
            ],
            [
              6.1756005,
              45.9362474
            ],
            [
              6.175363,
              45.9363414
            ],
            [
              6.175004,
              45.9364204
            ],
            [
              6.1747534,
              45.9364562
            ],
            [
              6.1745055,
              45.9364887
            ],
            [
              6.1742127,
              45.9364918
            ],
            [
              6.173927,
              45.9364961
            ],
            [
              6.173625,
              45.936481
            ],
            [
              6.1733924,
              45.9365385
            ],
            [
              6.1731897,
              45.9366338
            ],
            [
              6.1730391,
              45.93671
            ],
            [
              6.1729487,
              45.9367865
            ],
            [
              6.1729116,
              45.9368598
            ],
            [
              6.1728669,
              45.9369123
            ],
            [
              6.1728996,
              45.9370402
            ],
            [
              6.1729487,
              45.9371454
            ],
            [
              6.1729795,
              45.9372367
            ],
            [
              6.1730037,
              45.9373867
            ],
            [
              6.1730699,
              45.9375801
            ],
            [
              6.1730033,
              45.9377687
            ],
            [
              6.1729415,
              45.9379478
            ],
            [
              6.1728854,
              45.9380662
            ],
            [
              6.1727295,
              45.9382161
            ],
            [
              6.1725027,
              45.938272
            ],
            [
              6.1723262,
              45.9383609
            ],
            [
              6.1721237,
              45.9383663
            ],
            [
              6.1717265,
              45.9383826
            ],
            [
              6.1713665,
              45.9383349
            ],
            [
              6.1709791,
              45.938225
            ],
            [
              6.1706881,
              45.9382064
            ],
            [
              6.1703866,
              45.9381518
            ],
            [
              6.1699728,
              45.938101
            ],
            [
              6.169633,
              45.938044
            ],
            [
              6.1693316,
              45.9379785
            ],
            [
              6.1689352,
              45.9379204
            ],
            [
              6.1686409,
              45.9378396
            ],
            [
              6.1681458,
              45.93772
            ],
            [
              6.1682407,
              45.9374709
            ],
            [
              6.1685325,
              45.9375354
            ],
            [
              6.1688414,
              45.9376134
            ],
            [
              6.169042,
              45.9376464
            ],
            [
              6.1692688,
              45.9376845
            ],
            [
              6.1694943,
              45.9377233
            ],
            [
              6.1697641,
              45.9377671
            ],
            [
              6.1699814,
              45.9378044
            ],
            [
              6.1701434,
              45.9378325
            ],
            [
              6.1702945,
              45.9378579
            ],
            [
              6.1704199,
              45.9378844
            ],
            [
              6.1705709,
              45.9379169
            ],
            [
              6.1707563,
              45.937958
            ],
            [
              6.1709257,
              45.9379954
            ],
            [
              6.1710844,
              45.9380316
            ],
            [
              6.1712612,
              45.9380427
            ],
            [
              6.1714208,
              45.9380522
            ],
            [
              6.171624,
              45.9380638
            ],
            [
              6.1718709,
              45.9380795
            ],
            [
              6.1719541,
              45.9380828
            ],
            [
              6.1719786,
              45.9380827
            ],
            [
              6.1722645,
              45.9380762
            ],
            [
              6.172446,
              45.9380276
            ],
            [
              6.1725298,
              45.9379304
            ],
            [
              6.1726422,
              45.9377959
            ],
            [
              6.1727346,
              45.9376846
            ],
            [
              6.1727117,
              45.9375583
            ],
            [
              6.172691,
              45.9374501
            ],
            [
              6.1726784,
              45.9373828
            ],
            [
              6.1726552,
              45.9372515
            ],
            [
              6.1726267,
              45.9370952
            ],
            [
              6.1726013,
              45.936948
            ],
            [
              6.1725781,
              45.936828
            ],
            [
              6.1725721,
              45.9367884
            ],
            [
              6.1728558,
              45.936546
            ],
            [
              6.1728906,
              45.9365169
            ]
          ]
        ]
      }
    },
    {
      "type": "Feature",
      "properties": {
        "fid": 28,
        "id": 83151232,
        "description": null,
        "layer": null,
        "name:es": null,
        "tourism": null,
        "note": null,
        "wetland": null,
        "name:nl": null,
        "amenity": null,
        "ele": null,
        "golf": null,
        "swimming": null,
        "boat": "no",
        "landuse": null,
        "wheelchair": null,
        "artist_name": null,
        "intermittent": null,
        "type": null,
        "basin": null,
        "wikimedia_commons": null,
        "toilets:wheelchair": null,
        "wikidata": null,
        "source": "extraction vectorielle v1 cadastre-dgi-fr source : Direction Générale des Impôts - Cadas. Mise à jour : 2010",
        "drinking_water": null,
        "level": null,
        "fountain": null,
        "tidal": null,
        "salt": null,
        "artwork_type": null,
        "name:en": null,
        "wikipedia": null,
        "water": "river",
        "name": null,
        "natural": "water",
        "name:de": null,
        "name:it": null,
        "surface": null,
        "website": null
      },
      "geometry": {
        "type": "Polygon",
        "coordinates": [
          [
            [
              6.1457721,
              45.9369996
            ],
            [
              6.1459218,
              45.9370354
            ],
            [
              6.1459867,
              45.9370369
            ],
            [
              6.1460104,
              45.9370341
            ],
            [
              6.1460311,
              45.9370214
            ],
            [
              6.1460408,
              45.9370054
            ],
            [
              6.1460457,
              45.9369573
            ],
            [
              6.1461317,
              45.9369329
            ],
            [
              6.1461669,
              45.9369429
            ],
            [
              6.1462028,
              45.936955
            ],
            [
              6.1462067,
              45.936957
            ],
            [
              6.1462929,
              45.937002
            ],
            [
              6.1463655,
              45.9370623
            ],
            [
              6.1464525,
              45.937099
            ],
            [
              6.1466911,
              45.9371259
            ],
            [
              6.1467396,
              45.9371148
            ],
            [
              6.1468259,
              45.9370946
            ],
            [
              6.1468855,
              45.9370823
            ],
            [
              6.1470085,
              45.9370875
            ],
            [
              6.1470847,
              45.9370896
            ],
            [
              6.1471766,
              45.937101
            ],
            [
              6.1472544,
              45.9371098
            ],
            [
              6.1473256,
              45.9371123
            ],
            [
              6.147424,
              45.9371161
            ],
            [
              6.1475259,
              45.937116
            ],
            [
              6.1476391,
              45.9371167
            ],
            [
              6.1477433,
              45.9371227
            ],
            [
              6.1479719,
              45.9371718
            ],
            [
              6.1481997,
              45.9372183
            ],
            [
              6.1482408,
              45.937211
            ],
            [
              6.1483738,
              45.9371833
            ],
            [
              6.1485297,
              45.9371481
            ],
            [
              6.1485982,
              45.9371246
            ],
            [
              6.1486641,
              45.9371003
            ],
            [
              6.1487313,
              45.9370756
            ],
            [
              6.1489822,
              45.9370194
            ],
            [
              6.1491267,
              45.9369716
            ],
            [
              6.1493279,
              45.9369052
            ],
            [
              6.1495394,
              45.9368401
            ],
            [
              6.149587,
              45.9368376
            ],
            [
              6.1496295,
              45.9368542
            ],
            [
              6.1496509,
              45.9368652
            ],
            [
              6.1496756,
              45.936879
            ],
            [
              6.1497111,
              45.9369062
            ],
            [
              6.1497335,
              45.9369246
            ],
            [
              6.1497731,
              45.936957
            ],
            [
              6.1498314,
              45.937009
            ],
            [
              6.14986,
              45.937054
            ],
            [
              6.1498723,
              45.9370981
            ],
            [
              6.1498827,
              45.9371251
            ],
            [
              6.1498949,
              45.9371642
            ],
            [
              6.1499101,
              45.937214
            ],
            [
              6.1499244,
              45.9372806
            ],
            [
              6.1499574,
              45.937496
            ],
            [
              6.1500235,
              45.9376098
            ],
            [
              6.1500687,
              45.9377196
            ],
            [
              6.1500818,
              45.9377513
            ],
            [
              6.1501283,
              45.9378524
            ],
            [
              6.1501465,
              45.9379204
            ],
            [
              6.1501798,
              45.9379727
            ],
            [
              6.1501973,
              45.9380487
            ],
            [
              6.1502188,
              45.9381181
            ],
            [
              6.1502451,
              45.9382051
            ],
            [
              6.1502566,
              45.9382407
            ],
            [
              6.1502849,
              45.938341
            ],
            [
              6.1503384,
              45.9385622
            ],
            [
              6.1503681,
              45.9386865
            ],
            [
              6.1503936,
              45.9388034
            ],
            [
              6.1504122,
              45.9388996
            ],
            [
              6.1504204,
              45.9389435
            ],
            [
              6.1504248,
              45.9389665
            ],
            [
              6.1504325,
              45.9389903
            ],
            [
              6.1504571,
              45.9390691
            ],
            [
              6.1505215,
              45.9392737
            ],
            [
              6.1505497,
              45.9393722
            ],
            [
              6.1505815,
              45.9394659
            ],
            [
              6.1506028,
              45.9395308
            ],
            [
              6.1506183,
              45.939571
            ],
            [
              6.1506323,
              45.939608
            ],
            [
              6.1506989,
              45.939728
            ],
            [
              6.1507451,
              45.9398109
            ],
            [
              6.1507575,
              45.9398301
            ],
            [
              6.1507736,
              45.9398475
            ],
            [
              6.1507988,
              45.9398705
            ],
            [
              6.1509,
              45.9399581
            ],
            [
              6.1509806,
              45.9400268
            ],
            [
              6.151063,
              45.9400924
            ],
            [
              6.1510834,
              45.9401078
            ],
            [
              6.1511264,
              45.9401348
            ],
            [
              6.151163,
              45.9401593
            ],
            [
              6.1512455,
              45.9401721
            ],
            [
              6.1513127,
              45.9401804
            ],
            [
              6.1513987,
              45.9401884
            ],
            [
              6.1515239,
              45.9402
            ],
            [
              6.1515384,
              45.9402002
            ],
            [
              6.1515521,
              45.9401983
            ],
            [
              6.1515645,
              45.9401944
            ],
            [
              6.1516755,
              45.9401552
            ],
            [
              6.1517827,
              45.9401158
            ],
            [
              6.1519378,
              45.9400457
            ],
            [
              6.1521014,
              45.9399679
            ],
            [
              6.1522325,
              45.9399059
            ],
            [
              6.1525072,
              45.9397702
            ],
            [
              6.1526059,
              45.9397245
            ],
            [
              6.1526934,
              45.9396812
            ],
            [
              6.1527755,
              45.9396431
            ],
            [
              6.1528939,
              45.9396015
            ],
            [
              6.1529735,
              45.9395744
            ],
            [
              6.1530328,
              45.9395435
            ],
            [
              6.153106,
              45.9395041
            ],
            [
              6.1531914,
              45.9394572
            ],
            [
              6.1532825,
              45.9394109
            ],
            [
              6.1533223,
              45.9393908
            ],
            [
              6.1534215,
              45.9393445
            ],
            [
              6.1535049,
              45.9393178
            ],
            [
              6.1536121,
              45.9392882
            ],
            [
              6.1537599,
              45.9392447
            ],
            [
              6.1538415,
              45.9392181
            ],
            [
              6.1539522,
              45.9391854
            ],
            [
              6.1540296,
              45.9391631
            ],
            [
              6.1541918,
              45.9390839
            ],
            [
              6.1543746,
              45.9389923
            ],
            [
              6.1544905,
              45.9389286
            ],
            [
              6.1545722,
              45.9388822
            ],
            [
              6.1546731,
              45.9389523
            ],
            [
              6.1547572,
              45.9389313
            ],
            [
              6.1548499,
              45.9389081
            ],
            [
              6.1550212,
              45.9388143
            ],
            [
              6.1551679,
              45.9387776
            ],
            [
              6.155326,
              45.9387399
            ],
            [
              6.1555333,
              45.9386875
            ],
            [
              6.1556588,
              45.9385554
            ],
            [
              6.1557075,
              45.9385429
            ],
            [
              6.1558169,
              45.9384274
            ],
            [
              6.1557447,
              45.9385278
            ],
            [
              6.1557016,
              45.9386891
            ],
            [
              6.155571,
              45.9389765
            ],
            [
              6.1555146,
              45.9390454
            ],
            [
              6.1543018,
              45.9394673
            ],
            [
              6.1534295,
              45.9397789
            ],
            [
              6.1528836,
              45.9400516
            ],
            [
              6.1523793,
              45.9402831
            ],
            [
              6.1519515,
              45.9404785
            ],
            [
              6.1513848,
              45.9405884
            ],
            [
              6.1510839,
              45.940558
            ],
            [
              6.1507132,
              45.9404167
            ],
            [
              6.1504779,
              45.9401326
            ],
            [
              6.1502793,
              45.9398549
            ],
            [
              6.1501819,
              45.9396345
            ],
            [
              6.1500363,
              45.9392398
            ],
            [
              6.1499664,
              45.9388832
            ],
            [
              6.1499611,
              45.9384211
            ],
            [
              6.1498395,
              45.9380613
            ],
            [
              6.1497432,
              45.9378308
            ],
            [
              6.1496673,
              45.9377132
            ],
            [
              6.1496209,
              45.9376243
            ],
            [
              6.1495524,
              45.9375501
            ],
            [
              6.1494895,
              45.9374781
            ],
            [
              6.1493151,
              45.9373437
            ],
            [
              6.1489446,
              45.9372646
            ],
            [
              6.1488372,
              45.9373407
            ],
            [
              6.1486555,
              45.9374317
            ],
            [
              6.1485649,
              45.9374639
            ],
            [
              6.1480992,
              45.937485
            ],
            [
              6.1477033,
              45.9374232
            ],
            [
              6.1475671,
              45.9373953
            ],
            [
              6.1472892,
              45.9373332
            ],
            [
              6.1470008,
              45.9373382
            ],
            [
              6.1468253,
              45.937332
            ],
            [
              6.1466009,
              45.9373335
            ],
            [
              6.1464622,
              45.9373236
            ],
            [
              6.1462422,
              45.9372882
            ],
            [
              6.146011,
              45.9372877
            ],
            [
              6.1457238,
              45.9372412
            ],
            [
              6.1454797,
              45.9372521
            ],
            [
              6.1457721,
              45.9369996
            ]
          ]
        ]
      }
    },
    {
      "type": "Feature",
      "properties": {
        "fid": 29,
        "id": 83151234,
        "description": null,
        "layer": null,
        "name:es": null,
        "tourism": null,
        "note": null,
        "wetland": null,
        "name:nl": null,
        "amenity": null,
        "ele": null,
        "golf": null,
        "swimming": null,
        "boat": "no",
        "landuse": null,
        "wheelchair": null,
        "artist_name": null,
        "intermittent": null,
        "type": null,
        "basin": null,
        "wikimedia_commons": null,
        "toilets:wheelchair": null,
        "wikidata": null,
        "source": "extraction vectorielle v1 cadastre-dgi-fr source : Direction Générale des Impôts - Cadas. Mise à jour : 2010",
        "drinking_water": null,
        "level": null,
        "fountain": null,
        "tidal": null,
        "salt": null,
        "artwork_type": null,
        "name:en": null,
        "wikipedia": null,
        "water": "river",
        "name": null,
        "natural": "water",
        "name:de": null,
        "name:it": null,
        "surface": null,
        "website": null
      },
      "geometry": {
        "type": "Polygon",
        "coordinates": [
          [
            [
              6.1645303,
              45.9400287
            ],
            [
              6.1642195,
              45.9400766
            ],
            [
              6.1642289,
              45.9397782
            ],
            [
              6.1641828,
              45.939708
            ],
            [
              6.1641514,
              45.9395544
            ],
            [
              6.1641026,
              45.9393268
            ],
            [
              6.1640803,
              45.9392225
            ],
            [
              6.1640717,
              45.9391818
            ],
            [
              6.1640668,
              45.9391298
            ],
            [
              6.1640662,
              45.9390862
            ],
            [
              6.1640652,
              45.9390679
            ],
            [
              6.1640827,
              45.9389675
            ],
            [
              6.1641203,
              45.9388422
            ],
            [
              6.1641455,
              45.9387888
            ],
            [
              6.1641822,
              45.9387255
            ],
            [
              6.1642228,
              45.9386659
            ],
            [
              6.1642494,
              45.9386127
            ],
            [
              6.1642587,
              45.9385885
            ],
            [
              6.1643098,
              45.9384702
            ],
            [
              6.1643529,
              45.9383659
            ],
            [
              6.1644208,
              45.9382107
            ],
            [
              6.1648151,
              45.9382872
            ],
            [
              6.164811,
              45.9383699
            ],
            [
              6.1647928,
              45.9385011
            ],
            [
              6.1647735,
              45.9385721
            ],
            [
              6.164728,
              45.9387456
            ],
            [
              6.164668,
              45.9389011
            ],
            [
              6.1645252,
              45.9391226
            ],
            [
              6.1645077,
              45.9393116
            ],
            [
              6.1645089,
              45.9394689
            ],
            [
              6.1645079,
              45.9396425
            ],
            [
              6.1644813,
              45.93987
            ],
            [
              6.1645303,
              45.9400287
            ]
          ]
        ]
      }
    },
    {
      "type": "Feature",
      "properties": {
        "fid": 30,
        "id": 83151235,
        "description": null,
        "layer": null,
        "name:es": null,
        "tourism": null,
        "note": null,
        "wetland": null,
        "name:nl": null,
        "amenity": null,
        "ele": null,
        "golf": null,
        "swimming": null,
        "boat": "no",
        "landuse": null,
        "wheelchair": null,
        "artist_name": null,
        "intermittent": null,
        "type": null,
        "basin": null,
        "wikimedia_commons": null,
        "toilets:wheelchair": null,
        "wikidata": null,
        "source": "extraction vectorielle v1 cadastre-dgi-fr source : Direction Générale des Impôts - Cadas. Mise à jour : 2010",
        "drinking_water": null,
        "level": null,
        "fountain": null,
        "tidal": null,
        "salt": null,
        "artwork_type": null,
        "name:en": null,
        "wikipedia": null,
        "water": "river",
        "name": null,
        "natural": "water",
        "name:de": null,
        "name:it": null,
        "surface": null,
        "website": null
      },
      "geometry": {
        "type": "Polygon",
        "coordinates": [
          [
            [
              6.1445461,
              45.9360979
            ],
            [
              6.1443786,
              45.9358802
            ],
            [
              6.1442083,
              45.9356859
            ],
            [
              6.144142,
              45.9356357
            ],
            [
              6.1439122,
              45.9354511
            ],
            [
              6.1437636,
              45.9353375
            ],
            [
              6.143745,
              45.9353113
            ],
            [
              6.1435723,
              45.9351392
            ],
            [
              6.1434815,
              45.9350299
            ],
            [
              6.1439564,
              45.9348732
            ],
            [
              6.1439663,
              45.93488
            ],
            [
              6.1441386,
              45.935057
            ],
            [
              6.1442545,
              45.9351822
            ],
            [
              6.1443643,
              45.9353784
            ],
            [
              6.1444043,
              45.9354517
            ],
            [
              6.144437,
              45.9355077
            ],
            [
              6.1444729,
              45.9355636
            ],
            [
              6.1444886,
              45.9355733
            ],
            [
              6.1446707,
              45.9357017
            ],
            [
              6.1447046,
              45.9357348
            ],
            [
              6.1447722,
              45.9358062
            ],
            [
              6.144829,
              45.9358648
            ],
            [
              6.1449073,
              45.9359255
            ],
            [
              6.1450896,
              45.9360693
            ],
            [
              6.1452203,
              45.9362543
            ],
            [
              6.1453169,
              45.9363945
            ],
            [
              6.1453919,
              45.9365081
            ],
            [
              6.1454471,
              45.9365943
            ],
            [
              6.1455127,
              45.9366983
            ],
            [
              6.145577,
              45.9368
            ],
            [
              6.1457721,
              45.9369996
            ],
            [
              6.1454797,
              45.9372521
            ],
            [
              6.1454287,
              45.9372189
            ],
            [
              6.1453596,
              45.937174
            ],
            [
              6.145279,
              45.9369703
            ],
            [
              6.1451176,
              45.9367401
            ],
            [
              6.1450062,
              45.9365797
            ],
            [
              6.1448398,
              45.9364599
            ],
            [
              6.1445461,
              45.9360979
            ]
          ]
        ]
      }
    },
    {
      "type": "Feature",
      "properties": {
        "fid": 31,
        "id": 83151236,
        "description": null,
        "layer": null,
        "name:es": null,
        "tourism": null,
        "note": null,
        "wetland": null,
        "name:nl": null,
        "amenity": null,
        "ele": null,
        "golf": null,
        "swimming": null,
        "boat": "no",
        "landuse": null,
        "wheelchair": null,
        "artist_name": null,
        "intermittent": null,
        "type": null,
        "basin": null,
        "wikimedia_commons": null,
        "toilets:wheelchair": null,
        "wikidata": null,
        "source": "extraction vectorielle v1 cadastre-dgi-fr source : Direction Générale des Impôts - Cadas. Mise à jour : 2010",
        "drinking_water": null,
        "level": null,
        "fountain": null,
        "tidal": null,
        "salt": null,
        "artwork_type": null,
        "name:en": null,
        "wikipedia": null,
        "water": "river",
        "name": null,
        "natural": "water",
        "name:de": null,
        "name:it": null,
        "surface": null,
        "website": null
      },
      "geometry": {
        "type": "Polygon",
        "coordinates": [
          [
            [
              6.1797405,
              45.9282865
            ],
            [
              6.1796688,
              45.9284092
            ],
            [
              6.1794032,
              45.9282939
            ],
            [
              6.1794625,
              45.9282456
            ],
            [
              6.1794895,
              45.9282238
            ],
            [
              6.1795242,
              45.9281951
            ],
            [
              6.1795665,
              45.9281218
            ],
            [
              6.1795622,
              45.9279828
            ],
            [
              6.1795719,
              45.9278465
            ],
            [
              6.1795133,
              45.9277877
            ],
            [
              6.1794709,
              45.9277458
            ],
            [
              6.1794556,
              45.9276576
            ],
            [
              6.1793748,
              45.9275483
            ],
            [
              6.1792239,
              45.9274307
            ],
            [
              6.1791883,
              45.9272793
            ],
            [
              6.1791585,
              45.9271008
            ],
            [
              6.1791922,
              45.9270278
            ],
            [
              6.1791974,
              45.9268509
            ],
            [
              6.1792124,
              45.9266521
            ],
            [
              6.1792715,
              45.9264292
            ],
            [
              6.1793365,
              45.9263129
            ],
            [
              6.1794602,
              45.9262532
            ],
            [
              6.1795467,
              45.9261628
            ],
            [
              6.1797108,
              45.92603
            ],
            [
              6.179948,
              45.9258402
            ],
            [
              6.1800144,
              45.9257138
            ],
            [
              6.1801246,
              45.9256752
            ],
            [
              6.1802901,
              45.9256301
            ],
            [
              6.1805364,
              45.9254943
            ],
            [
              6.1807422,
              45.9253617
            ],
            [
              6.1809379,
              45.9252352
            ],
            [
              6.18112,
              45.925129
            ],
            [
              6.1812396,
              45.9250449
            ],
            [
              6.1813484,
              45.9249479
            ],
            [
              6.1814107,
              45.9248827
            ],
            [
              6.1814709,
              45.9248247
            ],
            [
              6.1815294,
              45.9247703
            ],
            [
              6.1815824,
              45.9247291
            ],
            [
              6.1816364,
              45.9246949
            ],
            [
              6.1817007,
              45.9246549
            ],
            [
              6.1817587,
              45.9246233
            ],
            [
              6.1817818,
              45.9246099
            ],
            [
              6.181857,
              45.9245832
            ],
            [
              6.1819831,
              45.9245444
            ],
            [
              6.1821283,
              45.9245007
            ],
            [
              6.1822908,
              45.9244496
            ],
            [
              6.1823866,
              45.9244211
            ],
            [
              6.1824154,
              45.9244079
            ],
            [
              6.1824656,
              45.9243836
            ],
            [
              6.1825688,
              45.9243401
            ],
            [
              6.1826929,
              45.9242901
            ],
            [
              6.1827464,
              45.9242682
            ],
            [
              6.1827688,
              45.924253
            ],
            [
              6.1828035,
              45.9242221
            ],
            [
              6.1828466,
              45.9241957
            ],
            [
              6.1828897,
              45.9241785
            ],
            [
              6.1829229,
              45.9241767
            ],
            [
              6.1829603,
              45.9241712
            ],
            [
              6.1829927,
              45.9241765
            ],
            [
              6.1830202,
              45.9241849
            ],
            [
              6.1831144,
              45.9242256
            ],
            [
              6.1832161,
              45.9242669
            ],
            [
              6.1833008,
              45.9242963
            ],
            [
              6.1833644,
              45.9243203
            ],
            [
              6.1834913,
              45.9243618
            ],
            [
              6.1835821,
              45.9243875
            ],
            [
              6.1837526,
              45.9244337
            ],
            [
              6.1838395,
              45.9244565
            ],
            [
              6.1840312,
              45.9245095
            ],
            [
              6.184181,
              45.9245457
            ],
            [
              6.184308,
              45.9245661
            ],
            [
              6.1844934,
              45.9245986
            ],
            [
              6.1847481,
              45.9246428
            ],
            [
              6.1850219,
              45.9246909
            ],
            [
              6.185257,
              45.9247318
            ],
            [
              6.1853596,
              45.9247452
            ],
            [
              6.1855248,
              45.9247533
            ],
            [
              6.1857428,
              45.92476
            ],
            [
              6.1858778,
              45.9247663
            ],
            [
              6.1860489,
              45.9247677
            ],
            [
              6.1862237,
              45.9247682
            ],
            [
              6.1865324,
              45.9247658
            ],
            [
              6.186749,
              45.9247592
            ],
            [
              6.1869297,
              45.9247523
            ],
            [
              6.1870606,
              45.9247318
            ],
            [
              6.1871727,
              45.9247135
            ],
            [
              6.1872571,
              45.9246943
            ],
            [
              6.1873668,
              45.9246654
            ],
            [
              6.1875497,
              45.92462
            ],
            [
              6.1877672,
              45.9245635
            ],
            [
              6.1878569,
              45.9245382
            ],
            [
              6.1879102,
              45.9245236
            ],
            [
              6.1879879,
              45.9244974
            ],
            [
              6.1881185,
              45.9244508
            ],
            [
              6.1883637,
              45.9243618
            ],
            [
              6.1885972,
              45.9242767
            ],
            [
              6.1886823,
              45.9242471
            ],
            [
              6.1887373,
              45.9242203
            ],
            [
              6.1888676,
              45.9241453
            ],
            [
              6.1890519,
              45.924036
            ],
            [
              6.1891984,
              45.9239492
            ],
            [
              6.189354,
              45.9238556
            ],
            [
              6.189463,
              45.9237717
            ],
            [
              6.1895968,
              45.9236701
            ],
            [
              6.1897538,
              45.9235462
            ],
            [
              6.1898459,
              45.9234731
            ],
            [
              6.1899428,
              45.9233544
            ],
            [
              6.1900976,
              45.9231595
            ],
            [
              6.1901784,
              45.9230552
            ],
            [
              6.1903088,
              45.9228731
            ],
            [
              6.1905018,
              45.922576
            ],
            [
              6.1906203,
              45.9223734
            ],
            [
              6.1907315,
              45.9222064
            ],
            [
              6.1908331,
              45.9220497
            ],
            [
              6.1909538,
              45.9218619
            ],
            [
              6.1910238,
              45.9217568
            ],
            [
              6.1910947,
              45.921654
            ],
            [
              6.1911378,
              45.921595
            ],
            [
              6.1911992,
              45.9215247
            ],
            [
              6.1912512,
              45.921467
            ],
            [
              6.1913283,
              45.9213969
            ],
            [
              6.1914159,
              45.9213239
            ],
            [
              6.1914798,
              45.9212649
            ],
            [
              6.1915146,
              45.9212355
            ],
            [
              6.1915509,
              45.9211669
            ],
            [
              6.191571,
              45.9211239
            ],
            [
              6.1915968,
              45.9210805
            ],
            [
              6.1916295,
              45.921036
            ],
            [
              6.1916684,
              45.9209792
            ],
            [
              6.1917072,
              45.9209318
            ],
            [
              6.1917475,
              45.9208901
            ],
            [
              6.1918011,
              45.9208385
            ],
            [
              6.191865,
              45.920778
            ],
            [
              6.1919288,
              45.9207285
            ],
            [
              6.1920052,
              45.9206682
            ],
            [
              6.1920495,
              45.9206403
            ],
            [
              6.1921087,
              45.9206102
            ],
            [
              6.1921604,
              45.9205895
            ],
            [
              6.1922239,
              45.9205681
            ],
            [
              6.1922833,
              45.9205504
            ],
            [
              6.1923568,
              45.9205392
            ],
            [
              6.1924186,
              45.9205315
            ],
            [
              6.1924956,
              45.9205255
            ],
            [
              6.1925503,
              45.9205142
            ],
            [
              6.192586,
              45.9205117
            ],
            [
              6.1926656,
              45.9205068
            ],
            [
              6.1927445,
              45.9205011
            ],
            [
              6.1928082,
              45.9204945
            ],
            [
              6.1928693,
              45.9204952
            ],
            [
              6.1929092,
              45.9205009
            ],
            [
              6.1929442,
              45.9205085
            ],
            [
              6.1929825,
              45.9204843
            ],
            [
              6.1930144,
              45.9204716
            ],
            [
              6.1930683,
              45.9204686
            ],
            [
              6.1931077,
              45.9204645
            ],
            [
              6.1931471,
              45.9204604
            ],
            [
              6.193176,
              45.920459
            ],
            [
              6.1933199,
              45.9205671
            ],
            [
              6.1930348,
              45.9205958
            ],
            [
              6.1927908,
              45.9206501
            ],
            [
              6.1925366,
              45.9207132
            ],
            [
              6.1923605,
              45.9207896
            ],
            [
              6.1921833,
              45.9208897
            ],
            [
              6.1919972,
              45.9210227
            ],
            [
              6.1917366,
              45.9213129
            ],
            [
              6.1915482,
              45.9214818
            ],
            [
              6.1913491,
              45.9217589
            ],
            [
              6.1911137,
              45.9221177
            ],
            [
              6.1909335,
              45.9224281
            ],
            [
              6.1906443,
              45.9228572
            ],
            [
              6.1904268,
              45.9232087
            ],
            [
              6.1901935,
              45.9235262
            ],
            [
              6.1899408,
              45.9238128
            ],
            [
              6.1896771,
              45.9240604
            ],
            [
              6.1894919,
              45.9242411
            ],
            [
              6.1893337,
              45.9243774
            ],
            [
              6.1890931,
              45.9245247
            ],
            [
              6.1887957,
              45.9246575
            ],
            [
              6.1884695,
              45.9247585
            ],
            [
              6.1881867,
              45.9248165
            ],
            [
              6.1878058,
              45.9248853
            ],
            [
              6.1873476,
              45.9249016
            ],
            [
              6.1869635,
              45.9249144
            ],
            [
              6.1863632,
              45.9249733
            ],
            [
              6.1858714,
              45.9249622
            ],
            [
              6.1854796,
              45.9249286
            ],
            [
              6.1850602,
              45.9249408
            ],
            [
              6.1846464,
              45.9248469
            ],
            [
              6.1842644,
              45.9247946
            ],
            [
              6.1838172,
              45.9246903
            ],
            [
              6.1834936,
              45.9246169
            ],
            [
              6.1833037,
              45.9245872
            ],
            [
              6.1831375,
              45.9245651
            ],
            [
              6.1829948,
              45.9245699
            ],
            [
              6.1827944,
              45.9245897
            ],
            [
              6.18251,
              45.9246508
            ],
            [
              6.1820359,
              45.9248169
            ],
            [
              6.1817699,
              45.92497
            ],
            [
              6.1814959,
              45.9251601
            ],
            [
              6.1812491,
              45.9253327
            ],
            [
              6.1808162,
              45.9255965
            ],
            [
              6.1805787,
              45.9257764
            ],
            [
              6.1803171,
              45.9259605
            ],
            [
              6.180094,
              45.9261272
            ],
            [
              6.1797539,
              45.9264211
            ],
            [
              6.1796933,
              45.9266813
            ],
            [
              6.1797437,
              45.9270093
            ],
            [
              6.179733,
              45.9273007
            ],
            [
              6.1798408,
              45.9277117
            ],
            [
              6.1798829,
              45.9280343
            ],
            [
              6.1798467,
              45.9281047
            ],
            [
              6.1797405,
              45.9282865
            ]
          ]
        ]
      }
    },
    {
      "type": "Feature",
      "properties": {
        "fid": 32,
        "id": 83151242,
        "description": null,
        "layer": null,
        "name:es": null,
        "tourism": null,
        "note": null,
        "wetland": null,
        "name:nl": null,
        "amenity": null,
        "ele": null,
        "golf": null,
        "swimming": null,
        "boat": "no",
        "landuse": null,
        "wheelchair": null,
        "artist_name": null,
        "intermittent": null,
        "type": null,
        "basin": null,
        "wikimedia_commons": null,
        "toilets:wheelchair": null,
        "wikidata": null,
        "source": "extraction vectorielle v1 cadastre-dgi-fr source : Direction Générale des Impôts - Cadas. Mise à jour : 2010",
        "drinking_water": null,
        "level": null,
        "fountain": null,
        "tidal": null,
        "salt": null,
        "artwork_type": null,
        "name:en": null,
        "wikipedia": null,
        "water": "river",
        "name": null,
        "natural": "water",
        "name:de": null,
        "name:it": null,
        "surface": null,
        "website": null
      },
      "geometry": {
        "type": "Polygon",
        "coordinates": [
          [
            [
              6.1666387,
              45.9561397
            ],
            [
              6.1666113,
              45.956138
            ],
            [
              6.1667314,
              45.9560888
            ],
            [
              6.1667676,
              45.9561267
            ],
            [
              6.1668616,
              45.9561899
            ],
            [
              6.1669108,
              45.9562262
            ],
            [
              6.1670497,
              45.9563972
            ],
            [
              6.1671774,
              45.956564
            ],
            [
              6.1672607,
              45.9566877
            ],
            [
              6.1674764,
              45.9570822
            ],
            [
              6.1675905,
              45.9573026
            ],
            [
              6.1677089,
              45.9575472
            ],
            [
              6.1678078,
              45.9577611
            ],
            [
              6.16787,
              45.9579695
            ],
            [
              6.1679472,
              45.9582103
            ],
            [
              6.1677926,
              45.9582334
            ],
            [
              6.1676817,
              45.9578873
            ],
            [
              6.1676359,
              45.9577603
            ],
            [
              6.1675831,
              45.9576231
            ],
            [
              6.1674983,
              45.9574616
            ],
            [
              6.167433,
              45.9573029
            ],
            [
              6.1673872,
              45.95723
            ],
            [
              6.1673171,
              45.9571092
            ],
            [
              6.1672412,
              45.9569518
            ],
            [
              6.1671824,
              45.9568478
            ],
            [
              6.1671834,
              45.9568427
            ],
            [
              6.1670415,
              45.9566373
            ],
            [
              6.166931,
              45.9564839
            ],
            [
              6.1668955,
              45.9564466
            ],
            [
              6.1667441,
              45.9562712
            ],
            [
              6.1666413,
              45.9561432
            ],
            [
              6.1666387,
              45.9561397
            ]
          ]
        ]
      }
    },
    {
      "type": "Feature",
      "properties": {
        "fid": 33,
        "id": 83151243,
        "description": null,
        "layer": null,
        "name:es": null,
        "tourism": null,
        "note": null,
        "wetland": null,
        "name:nl": null,
        "amenity": null,
        "ele": null,
        "golf": null,
        "swimming": null,
        "boat": "no",
        "landuse": null,
        "wheelchair": null,
        "artist_name": null,
        "intermittent": null,
        "type": null,
        "basin": null,
        "wikimedia_commons": null,
        "toilets:wheelchair": null,
        "wikidata": null,
        "source": "extraction vectorielle v1 cadastre-dgi-fr source : Direction Générale des Impôts - Cadas. Mise à jour : 2010",
        "drinking_water": null,
        "level": null,
        "fountain": null,
        "tidal": null,
        "salt": null,
        "artwork_type": null,
        "name:en": null,
        "wikipedia": null,
        "water": "river",
        "name": "Le Fier",
        "natural": "water",
        "name:de": null,
        "name:it": null,
        "surface": null,
        "website": null
      },
      "geometry": {
        "type": "Polygon",
        "coordinates": [
          [
            [
              6.1642195,
              45.9400766
            ],
            [
              6.1645303,
              45.9400287
            ],
            [
              6.164527,
              45.9401241
            ],
            [
              6.1645254,
              45.9401402
            ],
            [
              6.1645103,
              45.9402929
            ],
            [
              6.1644993,
              45.9404201
            ],
            [
              6.1644832,
              45.9405675
            ],
            [
              6.1644768,
              45.9408058
            ],
            [
              6.1644021,
              45.9409613
            ],
            [
              6.164293,
              45.9411951
            ],
            [
              6.1642067,
              45.9414176
            ],
            [
              6.1639461,
              45.9414674
            ],
            [
              6.1637432,
              45.9414909
            ],
            [
              6.1635762,
              45.9414524
            ],
            [
              6.1633496,
              45.9413176
            ],
            [
              6.1630893,
              45.9411648
            ],
            [
              6.1628458,
              45.9410823
            ],
            [
              6.162715,
              45.941001
            ],
            [
              6.1624979,
              45.9408785
            ],
            [
              6.1623351,
              45.9407894
            ],
            [
              6.1620989,
              45.9406825
            ],
            [
              6.1617037,
              45.9405125
            ],
            [
              6.1614601,
              45.9404665
            ],
            [
              6.1611976,
              45.9404079
            ],
            [
              6.1609821,
              45.9403564
            ],
            [
              6.1608117,
              45.9403015
            ],
            [
              6.1605649,
              45.940244
            ],
            [
              6.1603381,
              45.9401821
            ],
            [
              6.1600704,
              45.9401086
            ],
            [
              6.1598302,
              45.9400438
            ],
            [
              6.1595213,
              45.9399548
            ],
            [
              6.1592508,
              45.9398672
            ],
            [
              6.158954,
              45.9397574
            ],
            [
              6.1587428,
              45.9396722
            ],
            [
              6.158523,
              45.9395784
            ],
            [
              6.1582966,
              45.9394907
            ],
            [
              6.1579838,
              45.9393665
            ],
            [
              6.1577449,
              45.9392806
            ],
            [
              6.1574911,
              45.9391753
            ],
            [
              6.1572677,
              45.9390845
            ],
            [
              6.1570335,
              45.9390154
            ],
            [
              6.1567714,
              45.9389518
            ],
            [
              6.1564253,
              45.9388724
            ],
            [
              6.1561021,
              45.9388298
            ],
            [
              6.1559054,
              45.9388545
            ],
            [
              6.1558126,
              45.9389152
            ],
            [
              6.1557566,
              45.9389474
            ],
            [
              6.155571,
              45.9389765
            ],
            [
              6.1557016,
              45.9386891
            ],
            [
              6.1557447,
              45.9385278
            ],
            [
              6.1558169,
              45.9384274
            ],
            [
              6.1558395,
              45.9384348
            ],
            [
              6.1558267,
              45.9384544
            ],
            [
              6.1558177,
              45.9384736
            ],
            [
              6.1558132,
              45.9384939
            ],
            [
              6.155813,
              45.9385249
            ],
            [
              6.1558127,
              45.9385636
            ],
            [
              6.1558155,
              45.9385792
            ],
            [
              6.1558214,
              45.9385945
            ],
            [
              6.1558298,
              45.9386087
            ],
            [
              6.1558419,
              45.9386223
            ],
            [
              6.1558588,
              45.9386328
            ],
            [
              6.1558781,
              45.9386409
            ],
            [
              6.1558998,
              45.9386459
            ],
            [
              6.1559226,
              45.9386477
            ],
            [
              6.1562024,
              45.9386693
            ],
            [
              6.1563643,
              45.9386951
            ],
            [
              6.1565088,
              45.9387252
            ],
            [
              6.1566221,
              45.9387487
            ],
            [
              6.1568883,
              45.9388166
            ],
            [
              6.1571877,
              45.9388937
            ],
            [
              6.1573944,
              45.9389793
            ],
            [
              6.1575987,
              45.9390757
            ],
            [
              6.1577304,
              45.9391364
            ],
            [
              6.157946,
              45.9392107
            ],
            [
              6.1584975,
              45.9394291
            ],
            [
              6.1586396,
              45.9394835
            ],
            [
              6.1587971,
              45.9395435
            ],
            [
              6.1590263,
              45.9396237
            ],
            [
              6.159294,
              45.9397073
            ],
            [
              6.1593459,
              45.9397246
            ],
            [
              6.1596121,
              45.9397937
            ],
            [
              6.1598299,
              45.9398494
            ],
            [
              6.1600392,
              45.9399034
            ],
            [
              6.1602856,
              45.9399663
            ],
            [
              6.16047,
              45.9400243
            ],
            [
              6.1606633,
              45.940083
            ],
            [
              6.1607044,
              45.9400967
            ],
            [
              6.1608127,
              45.9401429
            ],
            [
              6.1609696,
              45.9401919
            ],
            [
              6.1611699,
              45.9402299
            ],
            [
              6.1614235,
              45.940276
            ],
            [
              6.1615175,
              45.9402912
            ],
            [
              6.1615992,
              45.9403017
            ],
            [
              6.161683,
              45.9403038
            ],
            [
              6.1617422,
              45.9403045
            ],
            [
              6.1617826,
              45.9403072
            ],
            [
              6.1618003,
              45.9403091
            ],
            [
              6.1618305,
              45.9403151
            ],
            [
              6.1620255,
              45.9403536
            ],
            [
              6.1621224,
              45.9403868
            ],
            [
              6.1621738,
              45.9404052
            ],
            [
              6.1622896,
              45.9404402
            ],
            [
              6.1623665,
              45.9404642
            ],
            [
              6.1624293,
              45.9404856
            ],
            [
              6.1624807,
              45.9405043
            ],
            [
              6.1625245,
              45.9405227
            ],
            [
              6.1625945,
              45.9405581
            ],
            [
              6.1626729,
              45.9405983
            ],
            [
              6.1627496,
              45.9406424
            ],
            [
              6.1628101,
              45.9406763
            ],
            [
              6.1628823,
              45.9407194
            ],
            [
              6.1629949,
              45.9407856
            ],
            [
              6.1630986,
              45.9409204
            ],
            [
              6.163152,
              45.9409839
            ],
            [
              6.1633208,
              45.9411019
            ],
            [
              6.163488,
              45.9411123
            ],
            [
              6.16367,
              45.9409862
            ],
            [
              6.163798,
              45.9409385
            ],
            [
              6.1639238,
              45.9408914
            ],
            [
              6.1640099,
              45.9408251
            ],
            [
              6.1641044,
              45.9406859
            ],
            [
              6.1641144,
              45.9405949
            ],
            [
              6.1641241,
              45.9405346
            ],
            [
              6.1641361,
              45.9404514
            ],
            [
              6.1641445,
              45.9403503
            ],
            [
              6.1642195,
              45.9400766
            ]
          ]
        ]
      }
    },
    {
      "type": "Feature",
      "properties": {
        "fid": 34,
        "id": 83151246,
        "description": null,
        "layer": null,
        "name:es": null,
        "tourism": null,
        "note": null,
        "wetland": null,
        "name:nl": null,
        "amenity": null,
        "ele": null,
        "golf": null,
        "swimming": null,
        "boat": "no",
        "landuse": null,
        "wheelchair": null,
        "artist_name": null,
        "intermittent": null,
        "type": null,
        "basin": null,
        "wikimedia_commons": null,
        "toilets:wheelchair": null,
        "wikidata": null,
        "source": "extraction vectorielle v1 cadastre-dgi-fr source : Direction Générale des Impôts - Cadas. Mise à jour : 2010",
        "drinking_water": null,
        "level": null,
        "fountain": null,
        "tidal": null,
        "salt": null,
        "artwork_type": null,
        "name:en": null,
        "wikipedia": null,
        "water": "river",
        "name": null,
        "natural": "water",
        "name:de": null,
        "name:it": null,
        "surface": null,
        "website": null
      },
      "geometry": {
        "type": "Polygon",
        "coordinates": [
          [
            [
              6.1648151,
              45.9382872
            ],
            [
              6.1644208,
              45.9382107
            ],
            [
              6.1643913,
              45.9382112
            ],
            [
              6.1644232,
              45.9381635
            ],
            [
              6.1644726,
              45.9381046
            ],
            [
              6.1645523,
              45.938012
            ],
            [
              6.1646296,
              45.9379236
            ],
            [
              6.1647122,
              45.9378273
            ],
            [
              6.1647601,
              45.9377735
            ],
            [
              6.1648375,
              45.9376966
            ],
            [
              6.1649197,
              45.9376164
            ],
            [
              6.1650087,
              45.9375558
            ],
            [
              6.1651401,
              45.9375095
            ],
            [
              6.1653398,
              45.9374387
            ],
            [
              6.1654888,
              45.9374043
            ],
            [
              6.165713,
              45.9373534
            ],
            [
              6.1659607,
              45.9372961
            ],
            [
              6.1663649,
              45.9372036
            ],
            [
              6.1665374,
              45.9372175
            ],
            [
              6.1668199,
              45.9372405
            ],
            [
              6.1671269,
              45.9372634
            ],
            [
              6.1672207,
              45.9372759
            ],
            [
              6.1674649,
              45.9373121
            ],
            [
              6.1677315,
              45.9373531
            ],
            [
              6.1678743,
              45.9373879
            ],
            [
              6.1680925,
              45.9374421
            ],
            [
              6.1682407,
              45.9374709
            ],
            [
              6.1681458,
              45.93772
            ],
            [
              6.167841,
              45.9376485
            ],
            [
              6.1675703,
              45.9375831
            ],
            [
              6.1672053,
              45.9374927
            ],
            [
              6.1669291,
              45.9374552
            ],
            [
              6.1665554,
              45.9374343
            ],
            [
              6.1663835,
              45.9374513
            ],
            [
              6.1661491,
              45.937495
            ],
            [
              6.1658083,
              45.9376145
            ],
            [
              6.1656863,
              45.9376649
            ],
            [
              6.165507,
              45.9377332
            ],
            [
              6.1653038,
              45.9378376
            ],
            [
              6.1652058,
              45.9379081
            ],
            [
              6.1649849,
              45.9380318
            ],
            [
              6.1649013,
              45.9381395
            ],
            [
              6.1648151,
              45.9382872
            ]
          ]
        ]
      }
    },
    {
      "type": "Feature",
      "properties": {
        "fid": 35,
        "id": 83151249,
        "description": null,
        "layer": null,
        "name:es": null,
        "tourism": null,
        "note": null,
        "wetland": null,
        "name:nl": null,
        "amenity": null,
        "ele": null,
        "golf": null,
        "swimming": null,
        "boat": "no",
        "landuse": null,
        "wheelchair": null,
        "artist_name": null,
        "intermittent": null,
        "type": null,
        "basin": null,
        "wikimedia_commons": null,
        "toilets:wheelchair": null,
        "wikidata": null,
        "source": "extraction vectorielle v1 cadastre-dgi-fr source : Direction Générale des Impôts - Cadas. Mise à jour : 2010",
        "drinking_water": null,
        "level": null,
        "fountain": null,
        "tidal": null,
        "salt": null,
        "artwork_type": null,
        "name:en": null,
        "wikipedia": null,
        "water": "river",
        "name": null,
        "natural": "water",
        "name:de": null,
        "name:it": null,
        "surface": null,
        "website": null
      },
      "geometry": {
        "type": "Polygon",
        "coordinates": [
          [
            [
              6.1627921,
              45.9475833
            ],
            [
              6.162789,
              45.9475279
            ],
            [
              6.1628376,
              45.9472577
            ],
            [
              6.1628117,
              45.947059
            ],
            [
              6.1627841,
              45.9467778
            ],
            [
              6.1626557,
              45.9465069
            ],
            [
              6.1624311,
              45.9461273
            ],
            [
              6.1623531,
              45.9459783
            ],
            [
              6.162192,
              45.9457964
            ],
            [
              6.1621061,
              45.9457565
            ],
            [
              6.161889,
              45.9456396
            ],
            [
              6.1617828,
              45.9454987
            ],
            [
              6.1615584,
              45.9452702
            ],
            [
              6.1613665,
              45.9451554
            ],
            [
              6.1612147,
              45.9449866
            ],
            [
              6.1610566,
              45.9447786
            ],
            [
              6.1611111,
              45.9445559
            ],
            [
              6.1611256,
              45.9443189
            ],
            [
              6.1611104,
              45.9441411
            ],
            [
              6.161281,
              45.9439038
            ],
            [
              6.1613964,
              45.9435975
            ],
            [
              6.1612718,
              45.9431388
            ],
            [
              6.1608538,
              45.9428899
            ],
            [
              6.1605562,
              45.9426596
            ],
            [
              6.1597492,
              45.9422687
            ],
            [
              6.1593963,
              45.9420951
            ],
            [
              6.1593861,
              45.9420899
            ],
            [
              6.159196,
              45.9420294
            ],
            [
              6.1590425,
              45.9419444
            ],
            [
              6.1587846,
              45.941798
            ],
            [
              6.1586732,
              45.941743
            ],
            [
              6.1586037,
              45.9416697
            ],
            [
              6.1584017,
              45.9415695
            ],
            [
              6.1581642,
              45.9414489
            ],
            [
              6.1579279,
              45.9412571
            ],
            [
              6.1576853,
              45.9410819
            ],
            [
              6.1575192,
              45.9408773
            ],
            [
              6.1574003,
              45.9407601
            ],
            [
              6.1572937,
              45.9406014
            ],
            [
              6.1570516,
              45.9404489
            ],
            [
              6.1562011,
              45.9397248
            ],
            [
              6.1560044,
              45.9395362
            ],
            [
              6.1558395,
              45.9393026
            ],
            [
              6.1555146,
              45.9390454
            ],
            [
              6.155571,
              45.9389765
            ],
            [
              6.1557566,
              45.9389474
            ],
            [
              6.1559659,
              45.9391765
            ],
            [
              6.1560254,
              45.9392729
            ],
            [
              6.1560824,
              45.9393961
            ],
            [
              6.1562546,
              45.9395442
            ],
            [
              6.1564347,
              45.9397042
            ],
            [
              6.1566026,
              45.9398829
            ],
            [
              6.1568442,
              45.9400319
            ],
            [
              6.1571887,
              45.9403558
            ],
            [
              6.1575497,
              45.9405925
            ],
            [
              6.1578239,
              45.9408679
            ],
            [
              6.1579359,
              45.9410864
            ],
            [
              6.1582402,
              45.9412882
            ],
            [
              6.1583894,
              45.941385
            ],
            [
              6.1588931,
              45.9416974
            ],
            [
              6.159164,
              45.9418423
            ],
            [
              6.1594718,
              45.9419915
            ],
            [
              6.1594772,
              45.941994
            ],
            [
              6.1600244,
              45.9421448
            ],
            [
              6.1605687,
              45.9424297
            ],
            [
              6.1609056,
              45.9426356
            ],
            [
              6.1612002,
              45.9428161
            ],
            [
              6.1613785,
              45.943021
            ],
            [
              6.1614441,
              45.9431161
            ],
            [
              6.1615281,
              45.9432041
            ],
            [
              6.1616231,
              45.9434237
            ],
            [
              6.1616373,
              45.9436375
            ],
            [
              6.1615868,
              45.9437813
            ],
            [
              6.1615459,
              45.9440006
            ],
            [
              6.1614309,
              45.9445186
            ],
            [
              6.1613985,
              45.9448274
            ],
            [
              6.1615241,
              45.9449973
            ],
            [
              6.1616157,
              45.945115
            ],
            [
              6.161769,
              45.9452094
            ],
            [
              6.1619037,
              45.9452914
            ],
            [
              6.1621219,
              45.9454125
            ],
            [
              6.1623833,
              45.9455884
            ],
            [
              6.1625502,
              45.9457789
            ],
            [
              6.1626479,
              45.9459278
            ],
            [
              6.1629271,
              45.9463367
            ],
            [
              6.1629666,
              45.9464311
            ],
            [
              6.1630193,
              45.9465434
            ],
            [
              6.1630699,
              45.946664
            ],
            [
              6.1630993,
              45.9467367
            ],
            [
              6.163104,
              45.9468687
            ],
            [
              6.1631138,
              45.9470331
            ],
            [
              6.1630267,
              45.9475096
            ],
            [
              6.1627921,
              45.9475833
            ]
          ]
        ]
      }
    },
    {
      "type": "Feature",
      "properties": {
        "fid": 36,
        "id": 97099590,
        "description": null,
        "layer": null,
        "name:es": null,
        "tourism": null,
        "note": null,
        "wetland": null,
        "name:nl": null,
        "amenity": null,
        "ele": null,
        "golf": null,
        "swimming": null,
        "boat": null,
        "landuse": "basin",
        "wheelchair": null,
        "artist_name": null,
        "intermittent": null,
        "type": null,
        "basin": null,
        "wikimedia_commons": null,
        "toilets:wheelchair": null,
        "wikidata": null,
        "source": "cadastre-dgi-fr source : Direction Générale des Impôts - Cadastre ; mise à jour :2010",
        "drinking_water": null,
        "level": null,
        "fountain": null,
        "tidal": null,
        "salt": null,
        "artwork_type": null,
        "name:en": null,
        "wikipedia": null,
        "water": null,
        "name": null,
        "natural": null,
        "name:de": null,
        "name:it": null,
        "surface": null,
        "website": null
      },
      "geometry": {
        "type": "Polygon",
        "coordinates": [
          [
            [
              6.0484375,
              45.9658118
            ],
            [
              6.0483977,
              45.9657732
            ],
            [
              6.048409,
              45.9657392
            ],
            [
              6.0484565,
              45.9657469
            ],
            [
              6.0484893,
              45.9657844
            ],
            [
              6.0484783,
              45.965819
            ],
            [
              6.0484375,
              45.9658118
            ]
          ]
        ]
      }
    },
    {
      "type": "Feature",
      "properties": {
        "fid": 37,
        "id": 97372669,
        "description": null,
        "layer": null,
        "name:es": null,
        "tourism": null,
        "note": null,
        "wetland": null,
        "name:nl": null,
        "amenity": null,
        "ele": null,
        "golf": null,
        "swimming": null,
        "boat": null,
        "landuse": "basin",
        "wheelchair": null,
        "artist_name": null,
        "intermittent": null,
        "type": null,
        "basin": null,
        "wikimedia_commons": null,
        "toilets:wheelchair": null,
        "wikidata": null,
        "source": "cadastre-dgi-fr source : Direction Générale des Impôts - Cadastre ; mise à jour :2010",
        "drinking_water": null,
        "level": null,
        "fountain": null,
        "tidal": null,
        "salt": null,
        "artwork_type": null,
        "name:en": null,
        "wikipedia": null,
        "water": null,
        "name": null,
        "natural": null,
        "name:de": null,
        "name:it": null,
        "surface": null,
        "website": null
      },
      "geometry": {
        "type": "Polygon",
        "coordinates": [
          [
            [
              6.0433928,
              45.9662817
            ],
            [
              6.0434675,
              45.9662679
            ],
            [
              6.0434576,
              45.9662418
            ],
            [
              6.0433832,
              45.9662556
            ],
            [
              6.0433928,
              45.9662817
            ]
          ]
        ]
      }
    },
    {
      "type": "Feature",
      "properties": {
        "fid": 38,
        "id": 97372793,
        "description": null,
        "layer": null,
        "name:es": null,
        "tourism": null,
        "note": null,
        "wetland": null,
        "name:nl": null,
        "amenity": null,
        "ele": null,
        "golf": null,
        "swimming": null,
        "boat": null,
        "landuse": "basin",
        "wheelchair": null,
        "artist_name": null,
        "intermittent": null,
        "type": null,
        "basin": null,
        "wikimedia_commons": null,
        "toilets:wheelchair": null,
        "wikidata": null,
        "source": "cadastre-dgi-fr source : Direction Générale des Impôts - Cadastre ; mise à jour :2010",
        "drinking_water": null,
        "level": null,
        "fountain": null,
        "tidal": null,
        "salt": null,
        "artwork_type": null,
        "name:en": null,
        "wikipedia": null,
        "water": null,
        "name": null,
        "natural": null,
        "name:de": null,
        "name:it": null,
        "surface": null,
        "website": null
      },
      "geometry": {
        "type": "Polygon",
        "coordinates": [
          [
            [
              6.0415888,
              45.9676139
            ],
            [
              6.041578,
              45.9675801
            ],
            [
              6.041678,
              45.9675635
            ],
            [
              6.0416893,
              45.9675983
            ],
            [
              6.0416266,
              45.9676086
            ],
            [
              6.0416255,
              45.9676167
            ],
            [
              6.0416156,
              45.9676219
            ],
            [
              6.0416032,
              45.9676202
            ],
            [
              6.0415961,
              45.9676133
            ],
            [
              6.0415888,
              45.9676139
            ]
          ]
        ]
      }
    },
    {
      "type": "Feature",
      "properties": {
        "fid": 39,
        "id": 97696208,
        "description": null,
        "layer": null,
        "name:es": null,
        "tourism": null,
        "note": null,
        "wetland": null,
        "name:nl": null,
        "amenity": null,
        "ele": null,
        "golf": null,
        "swimming": null,
        "boat": null,
        "landuse": "basin",
        "wheelchair": null,
        "artist_name": null,
        "intermittent": null,
        "type": null,
        "basin": null,
        "wikimedia_commons": null,
        "toilets:wheelchair": null,
        "wikidata": null,
        "source": "cadastre-dgi-fr source : Direction Générale des Impôts - Cadastre ; mise à jour :2010",
        "drinking_water": null,
        "level": null,
        "fountain": null,
        "tidal": null,
        "salt": null,
        "artwork_type": null,
        "name:en": null,
        "wikipedia": null,
        "water": null,
        "name": null,
        "natural": null,
        "name:de": null,
        "name:it": null,
        "surface": null,
        "website": null
      },
      "geometry": {
        "type": "Polygon",
        "coordinates": [
          [
            [
              6.0454878,
              45.9652341
            ],
            [
              6.0455143,
              45.965231
            ],
            [
              6.0455298,
              45.9652151
            ],
            [
              6.0455244,
              45.9651956
            ],
            [
              6.0455035,
              45.9651859
            ],
            [
              6.0454751,
              45.9651901
            ],
            [
              6.0454608,
              45.9652047
            ],
            [
              6.045468,
              45.9652252
            ],
            [
              6.0454878,
              45.9652341
            ]
          ]
        ]
      }
    },
    {
      "type": "Feature",
      "properties": {
        "fid": 40,
        "id": 129777844,
        "description": null,
        "layer": null,
        "name:es": null,
        "tourism": null,
        "note": null,
        "wetland": "marsh",
        "name:nl": null,
        "amenity": null,
        "ele": null,
        "golf": null,
        "swimming": null,
        "boat": null,
        "landuse": null,
        "wheelchair": null,
        "artist_name": null,
        "intermittent": null,
        "type": null,
        "basin": null,
        "wikimedia_commons": null,
        "toilets:wheelchair": null,
        "wikidata": null,
        "source": null,
        "drinking_water": null,
        "level": null,
        "fountain": null,
        "tidal": null,
        "salt": null,
        "artwork_type": null,
        "name:en": null,
        "wikipedia": null,
        "water": null,
        "name": null,
        "natural": "wetland",
        "name:de": null,
        "name:it": null,
        "surface": null,
        "website": null
      },
      "geometry": {
        "type": "Polygon",
        "coordinates": [
          [
            [
              6.1024192,
              45.9207483
            ],
            [
              6.1018828,
              45.9206065
            ],
            [
              6.1015073,
              45.9206363
            ],
            [
              6.101164,
              45.9206214
            ],
            [
              6.1009065,
              45.9204796
            ],
            [
              6.1009494,
              45.9203303
            ],
            [
              6.1008957,
              45.9201139
            ],
            [
              6.1007241,
              45.9199571
            ],
            [
              6.1006919,
              45.9198078
            ],
            [
              6.1009816,
              45.919681
            ],
            [
              6.1013034,
              45.919778
            ],
            [
              6.1017433,
              45.9199944
            ],
            [
              6.1019686,
              45.9202034
            ],
            [
              6.1022583,
              45.9203079
            ],
            [
              6.1025802,
              45.9205094
            ],
            [
              6.1025909,
              45.9206811
            ],
            [
              6.1024192,
              45.9207483
            ]
          ]
        ]
      }
    },
    {
      "type": "Feature",
      "properties": {
        "fid": 41,
        "id": 227984866,
        "description": null,
        "layer": null,
        "name:es": null,
        "tourism": null,
        "note": null,
        "wetland": null,
        "name:nl": null,
        "amenity": "fountain",
        "ele": null,
        "golf": null,
        "swimming": null,
        "boat": null,
        "landuse": null,
        "wheelchair": null,
        "artist_name": null,
        "intermittent": null,
        "type": null,
        "basin": null,
        "wikimedia_commons": null,
        "toilets:wheelchair": null,
        "wikidata": null,
        "source": null,
        "drinking_water": "no",
        "level": null,
        "fountain": null,
        "tidal": null,
        "salt": null,
        "artwork_type": null,
        "name:en": null,
        "wikipedia": null,
        "water": null,
        "name": null,
        "natural": null,
        "name:de": null,
        "name:it": null,
        "surface": null,
        "website": null
      },
      "geometry": {
        "type": "Polygon",
        "coordinates": [
          [
            [
              6.12882,
              45.8992942
            ],
            [
              6.1289363,
              45.8992944
            ],
            [
              6.1289366,
              45.8992117
            ],
            [
              6.1288203,
              45.8992116
            ],
            [
              6.12882,
              45.8992942
            ]
          ]
        ]
      }
    },
    {
      "type": "Feature",
      "properties": {
        "fid": 42,
        "id": 237190209,
        "description": null,
        "layer": null,
        "name:es": null,
        "tourism": null,
        "note": null,
        "wetland": null,
        "name:nl": null,
        "amenity": null,
        "ele": null,
        "golf": null,
        "swimming": null,
        "boat": null,
        "landuse": null,
        "wheelchair": null,
        "artist_name": null,
        "intermittent": null,
        "type": null,
        "basin": null,
        "wikimedia_commons": null,
        "toilets:wheelchair": null,
        "wikidata": null,
        "source": "cadastre-dgi-fr source : Direction Générale des Impôts - Cadastre;mise à jour :2012",
        "drinking_water": null,
        "level": null,
        "fountain": null,
        "tidal": null,
        "salt": null,
        "artwork_type": null,
        "name:en": null,
        "wikipedia": null,
        "water": null,
        "name": "Étang du Pré de Vassy",
        "natural": "water",
        "name:de": null,
        "name:it": null,
        "surface": null,
        "website": null
      },
      "geometry": {
        "type": "Polygon",
        "coordinates": [
          [
            [
              6.0905194,
              45.8891273
            ],
            [
              6.0904589,
              45.8890524
            ],
            [
              6.0904495,
              45.8889891
            ],
            [
              6.090544,
              45.8889602
            ],
            [
              6.090765,
              45.8889088
            ],
            [
              6.0909864,
              45.8888523
            ],
            [
              6.0911316,
              45.8888569
            ],
            [
              6.0912649,
              45.8888417
            ],
            [
              6.0912685,
              45.8888804
            ],
            [
              6.0910813,
              45.8889312
            ],
            [
              6.09103,
              45.8889535
            ],
            [
              6.0909599,
              45.8889681
            ],
            [
              6.0907162,
              45.8890766
            ],
            [
              6.0905194,
              45.8891273
            ]
          ]
        ]
      }
    },
    {
      "type": "Feature",
      "properties": {
        "fid": 43,
        "id": 239821988,
        "description": null,
        "layer": null,
        "name:es": null,
        "tourism": null,
        "note": null,
        "wetland": null,
        "name:nl": null,
        "amenity": null,
        "ele": null,
        "golf": null,
        "swimming": null,
        "boat": "no",
        "landuse": null,
        "wheelchair": null,
        "artist_name": null,
        "intermittent": null,
        "type": null,
        "basin": null,
        "wikimedia_commons": null,
        "toilets:wheelchair": null,
        "wikidata": null,
        "source": null,
        "drinking_water": null,
        "level": null,
        "fountain": null,
        "tidal": null,
        "salt": null,
        "artwork_type": null,
        "name:en": null,
        "wikipedia": null,
        "water": "canal",
        "name": null,
        "natural": "water",
        "name:de": null,
        "name:it": null,
        "surface": null,
        "website": null
      },
      "geometry": {
        "type": "Polygon",
        "coordinates": [
          [
            [
              6.1237597,
              45.8988692
            ],
            [
              6.1237695,
              45.8988691
            ],
            [
              6.1237719,
              45.8988702
            ],
            [
              6.1237719,
              45.8988767
            ],
            [
              6.1237692,
              45.8988788
            ],
            [
              6.1237597,
              45.8988788
            ],
            [
              6.1237598,
              45.8988876
            ],
            [
              6.1237601,
              45.8989005
            ],
            [
              6.1239952,
              45.8989003
            ],
            [
              6.1241417,
              45.8988972
            ],
            [
              6.1241671,
              45.8989
            ],
            [
              6.1242933,
              45.8988851
            ],
            [
              6.1243026,
              45.8988278
            ],
            [
              6.1242289,
              45.898827
            ],
            [
              6.1242248,
              45.8988529
            ],
            [
              6.1240128,
              45.8988514
            ],
            [
              6.1239444,
              45.8988491
            ],
            [
              6.1238811,
              45.8988469
            ],
            [
              6.1238658,
              45.8988464
            ],
            [
              6.123827,
              45.898797
            ],
            [
              6.1237934,
              45.8987815
            ],
            [
              6.1237581,
              45.8987653
            ],
            [
              6.1236542,
              45.8987295
            ],
            [
              6.1233104,
              45.898686
            ],
            [
              6.1231887,
              45.8986573
            ],
            [
              6.1228643,
              45.8985669
            ],
            [
              6.1226618,
              45.8985142
            ],
            [
              6.1224619,
              45.898439
            ],
            [
              6.1224175,
              45.8984338
            ],
            [
              6.1222981,
              45.898383
            ],
            [
              6.1222179,
              45.898322
            ],
            [
              6.1221744,
              45.8984247
            ],
            [
              6.1223905,
              45.8984942
            ],
            [
              6.1226931,
              45.8985784
            ],
            [
              6.1227935,
              45.8986089
            ],
            [
              6.1228166,
              45.8986012
            ],
            [
              6.1228734,
              45.8986177
            ],
            [
              6.1229448,
              45.8986352
            ],
            [
              6.1230999,
              45.8986731
            ],
            [
              6.1232976,
              45.8987215
            ],
            [
              6.1236299,
              45.898762
            ],
            [
              6.12367,
              45.8987796
            ],
            [
              6.1237001,
              45.8987933
            ],
            [
              6.1237591,
              45.8988266
            ],
            [
              6.1237588,
              45.8988384
            ],
            [
              6.1237595,
              45.8988544
            ],
            [
              6.1237597,
              45.8988692
            ]
          ]
        ]
      }
    },
    {
      "type": "Feature",
      "properties": {
        "fid": 44,
        "id": 260433015,
        "description": "Bassin de rétention des crues",
        "layer": null,
        "name:es": null,
        "tourism": null,
        "note": null,
        "wetland": null,
        "name:nl": null,
        "amenity": null,
        "ele": null,
        "golf": null,
        "swimming": null,
        "boat": null,
        "landuse": null,
        "wheelchair": null,
        "artist_name": null,
        "intermittent": "yes",
        "type": null,
        "basin": "detention",
        "wikimedia_commons": null,
        "toilets:wheelchair": null,
        "wikidata": null,
        "source": null,
        "drinking_water": null,
        "level": null,
        "fountain": null,
        "tidal": null,
        "salt": null,
        "artwork_type": null,
        "name:en": null,
        "wikipedia": null,
        "water": "basin",
        "name": "Déversoir",
        "natural": "water",
        "name:de": null,
        "name:it": null,
        "surface": null,
        "website": null
      },
      "geometry": {
        "type": "Polygon",
        "coordinates": [
          [
            [
              6.111917,
              45.8891924
            ],
            [
              6.1118002,
              45.8890439
            ],
            [
              6.1116882,
              45.8889427
            ],
            [
              6.1119309,
              45.8888796
            ],
            [
              6.1120704,
              45.8888656
            ],
            [
              6.1122691,
              45.8888739
            ],
            [
              6.1123896,
              45.8888917
            ],
            [
              6.1124928,
              45.8889281
            ],
            [
              6.1125465,
              45.8889813
            ],
            [
              6.1125733,
              45.8890112
            ],
            [
              6.1126082,
              45.8890215
            ],
            [
              6.1126645,
              45.8890178
            ],
            [
              6.1128603,
              45.888986
            ],
            [
              6.1130708,
              45.8889444
            ],
            [
              6.1131701,
              45.8889412
            ],
            [
              6.1132764,
              45.8890168
            ],
            [
              6.1132894,
              45.8890635
            ],
            [
              6.1132735,
              45.8890968
            ],
            [
              6.1132613,
              45.8891223
            ],
            [
              6.113213,
              45.8891736
            ],
            [
              6.1130843,
              45.8892016
            ],
            [
              6.1129537,
              45.8892028
            ],
            [
              6.1128965,
              45.8891942
            ],
            [
              6.1128201,
              45.8891979
            ],
            [
              6.1127235,
              45.88921
            ],
            [
              6.1126497,
              45.8892371
            ],
            [
              6.1125773,
              45.8892371
            ],
            [
              6.1125075,
              45.889198
            ],
            [
              6.1123668,
              45.8891036
            ],
            [
              6.112293,
              45.8890598
            ],
            [
              6.1122208,
              45.8890462
            ],
            [
              6.1120972,
              45.889056
            ],
            [
              6.1120304,
              45.8890856
            ],
            [
              6.1119658,
              45.8891307
            ],
            [
              6.111917,
              45.8891924
            ]
          ]
        ]
      }
    },
    {
      "type": "Feature",
      "properties": {
        "fid": 45,
        "id": 314314031,
        "description": null,
        "layer": null,
        "name:es": null,
        "tourism": null,
        "note": null,
        "wetland": null,
        "name:nl": null,
        "amenity": null,
        "ele": null,
        "golf": null,
        "swimming": null,
        "boat": null,
        "landuse": "basin",
        "wheelchair": null,
        "artist_name": null,
        "intermittent": null,
        "type": null,
        "basin": null,
        "wikimedia_commons": null,
        "toilets:wheelchair": null,
        "wikidata": null,
        "source": null,
        "drinking_water": null,
        "level": null,
        "fountain": null,
        "tidal": null,
        "salt": null,
        "artwork_type": null,
        "name:en": null,
        "wikipedia": null,
        "water": "wastewater",
        "name": null,
        "natural": "water",
        "name:de": null,
        "name:it": null,
        "surface": null,
        "website": null
      },
      "geometry": {
        "type": "Polygon",
        "coordinates": [
          [
            [
              6.0852395,
              45.9110794
            ],
            [
              6.0852865,
              45.9110165
            ],
            [
              6.0853666,
              45.9109727
            ],
            [
              6.0854656,
              45.9109559
            ],
            [
              6.0855657,
              45.9109691
            ],
            [
              6.085649,
              45.9110099
            ],
            [
              6.0856967,
              45.9110633
            ],
            [
              6.0857127,
              45.9111252
            ],
            [
              6.0856948,
              45.9111868
            ],
            [
              6.0856455,
              45.9112395
            ],
            [
              6.0855718,
              45.9112759
            ],
            [
              6.085484,
              45.9112908
            ],
            [
              6.0853945,
              45.9112821
            ],
            [
              6.0853159,
              45.9112511
            ],
            [
              6.0852893,
              45.9112281
            ],
            [
              6.0852592,
              45.9112022
            ],
            [
              6.0852325,
              45.9111421
            ],
            [
              6.0852395,
              45.9110794
            ]
          ]
        ]
      }
    },
    {
      "type": "Feature",
      "properties": {
        "fid": 46,
        "id": 314314032,
        "description": null,
        "layer": null,
        "name:es": null,
        "tourism": null,
        "note": null,
        "wetland": null,
        "name:nl": null,
        "amenity": null,
        "ele": null,
        "golf": null,
        "swimming": null,
        "boat": null,
        "landuse": "basin",
        "wheelchair": null,
        "artist_name": null,
        "intermittent": null,
        "type": null,
        "basin": null,
        "wikimedia_commons": null,
        "toilets:wheelchair": null,
        "wikidata": null,
        "source": null,
        "drinking_water": null,
        "level": null,
        "fountain": null,
        "tidal": null,
        "salt": null,
        "artwork_type": null,
        "name:en": null,
        "wikipedia": null,
        "water": "wastewater",
        "name": null,
        "natural": "water",
        "name:de": null,
        "name:it": null,
        "surface": null,
        "website": null
      },
      "geometry": {
        "type": "Polygon",
        "coordinates": [
          [
            [
              6.0855888,
              45.911413
            ],
            [
              6.085629,
              45.9114758
            ],
            [
              6.0856297,
              45.9115444
            ],
            [
              6.0855909,
              45.9116076
            ],
            [
              6.0855191,
              45.9116547
            ],
            [
              6.0854261,
              45.9116778
            ],
            [
              6.0853309,
              45.9116738
            ],
            [
              6.0852453,
              45.9116444
            ],
            [
              6.0851827,
              45.9115943
            ],
            [
              6.0851529,
              45.9115312
            ],
            [
              6.0851593,
              45.9114684
            ],
            [
              6.0851983,
              45.9114117
            ],
            [
              6.0852534,
              45.9113761
            ],
            [
              6.0852646,
              45.9113689
            ],
            [
              6.0853488,
              45.9113461
            ],
            [
              6.0854392,
              45.9113464
            ],
            [
              6.0855231,
              45.9113698
            ],
            [
              6.0855888,
              45.911413
            ]
          ]
        ]
      }
    },
    {
      "type": "Feature",
      "properties": {
        "fid": 47,
        "id": 314314034,
        "description": null,
        "layer": null,
        "name:es": null,
        "tourism": null,
        "note": null,
        "wetland": null,
        "name:nl": null,
        "amenity": null,
        "ele": null,
        "golf": null,
        "swimming": null,
        "boat": null,
        "landuse": "basin",
        "wheelchair": null,
        "artist_name": null,
        "intermittent": null,
        "type": null,
        "basin": null,
        "wikimedia_commons": null,
        "toilets:wheelchair": null,
        "wikidata": null,
        "source": null,
        "drinking_water": null,
        "level": null,
        "fountain": null,
        "tidal": null,
        "salt": null,
        "artwork_type": null,
        "name:en": null,
        "wikipedia": null,
        "water": "wastewater",
        "name": null,
        "natural": "water",
        "name:de": null,
        "name:it": null,
        "surface": null,
        "website": null
      },
      "geometry": {
        "type": "Polygon",
        "coordinates": [
          [
            [
              6.0846839,
              45.9108398
            ],
            [
              6.0847117,
              45.9107894
            ],
            [
              6.0847671,
              45.9107517
            ],
            [
              6.08484,
              45.9107334
            ],
            [
              6.0849173,
              45.9107379
            ],
            [
              6.0849848,
              45.9107643
            ],
            [
              6.0850256,
              45.9108006
            ],
            [
              6.0850449,
              45.9108447
            ],
            [
              6.0850403,
              45.9108907
            ],
            [
              6.0850124,
              45.9109325
            ],
            [
              6.0849648,
              45.9109646
            ],
            [
              6.0849038,
              45.9109827
            ],
            [
              6.0848334,
              45.910984
            ],
            [
              6.0847676,
              45.9109667
            ],
            [
              6.0847162,
              45.9109332
            ],
            [
              6.0846868,
              45.9108887
            ],
            [
              6.0846839,
              45.9108398
            ]
          ]
        ]
      }
    },
    {
      "type": "Feature",
      "properties": {
        "fid": 48,
        "id": 314314035,
        "description": null,
        "layer": null,
        "name:es": null,
        "tourism": null,
        "note": null,
        "wetland": null,
        "name:nl": null,
        "amenity": null,
        "ele": null,
        "golf": null,
        "swimming": null,
        "boat": null,
        "landuse": "basin",
        "wheelchair": null,
        "artist_name": null,
        "intermittent": null,
        "type": null,
        "basin": null,
        "wikimedia_commons": null,
        "toilets:wheelchair": null,
        "wikidata": null,
        "source": null,
        "drinking_water": null,
        "level": null,
        "fountain": null,
        "tidal": null,
        "salt": null,
        "artwork_type": null,
        "name:en": null,
        "wikipedia": null,
        "water": "wastewater",
        "name": null,
        "natural": "water",
        "name:de": null,
        "name:it": null,
        "surface": null,
        "website": null
      },
      "geometry": {
        "type": "Polygon",
        "coordinates": [
          [
            [
              6.0856293,
              45.9102888
            ],
            [
              6.0856767,
              45.9103264
            ],
            [
              6.085697,
              45.9103744
            ],
            [
              6.0856865,
              45.9104239
            ],
            [
              6.085647,
              45.9104658
            ],
            [
              6.0855859,
              45.9104922
            ],
            [
              6.0855237,
              45.9104987
            ],
            [
              6.0854624,
              45.9104888
            ],
            [
              6.0854107,
              45.9104638
            ],
            [
              6.085376,
              45.9104273
            ],
            [
              6.0853631,
              45.9103845
            ],
            [
              6.0853734,
              45.9103422
            ],
            [
              6.085405,
              45.9103055
            ],
            [
              6.0854536,
              45.9102791
            ],
            [
              6.0855125,
              45.9102668
            ],
            [
              6.0855739,
              45.9102702
            ],
            [
              6.0856293,
              45.9102888
            ]
          ]
        ]
      }
    },
    {
      "type": "Feature",
      "properties": {
        "fid": 49,
        "id": 314314036,
        "description": null,
        "layer": null,
        "name:es": null,
        "tourism": null,
        "note": null,
        "wetland": null,
        "name:nl": null,
        "amenity": null,
        "ele": null,
        "golf": null,
        "swimming": null,
        "boat": null,
        "landuse": "basin",
        "wheelchair": null,
        "artist_name": null,
        "intermittent": null,
        "type": null,
        "basin": null,
        "wikimedia_commons": null,
        "toilets:wheelchair": null,
        "wikidata": null,
        "source": null,
        "drinking_water": null,
        "level": null,
        "fountain": null,
        "tidal": null,
        "salt": null,
        "artwork_type": null,
        "name:en": null,
        "wikipedia": null,
        "water": "wastewater",
        "name": null,
        "natural": "water",
        "name:de": null,
        "name:it": null,
        "surface": null,
        "website": null
      },
      "geometry": {
        "type": "Polygon",
        "coordinates": [
          [
            [
              6.0854514,
              45.9106271
            ],
            [
              6.0854763,
              45.9105797
            ],
            [
              6.0855281,
              45.9105443
            ],
            [
              6.0855967,
              45.9105277
            ],
            [
              6.0856688,
              45.9105332
            ],
            [
              6.0857306,
              45.9105596
            ],
            [
              6.0857658,
              45.9105944
            ],
            [
              6.0857803,
              45.9106357
            ],
            [
              6.0857723,
              45.9106779
            ],
            [
              6.0857429,
              45.9107151
            ],
            [
              6.085696,
              45.9107424
            ],
            [
              6.085638,
              45.9107559
            ],
            [
              6.0855776,
              45.910754
            ],
            [
              6.0855223,
              45.9107371
            ],
            [
              6.0854793,
              45.9107075
            ],
            [
              6.0854546,
              45.9106691
            ],
            [
              6.0854514,
              45.9106271
            ]
          ]
        ]
      }
    },
    {
      "type": "Feature",
      "properties": {
        "fid": 50,
        "id": 319538024,
        "description": null,
        "layer": null,
        "name:es": null,
        "tourism": null,
        "note": null,
        "wetland": null,
        "name:nl": null,
        "amenity": null,
        "ele": null,
        "golf": null,
        "swimming": null,
        "boat": null,
        "landuse": "basin",
        "wheelchair": null,
        "artist_name": null,
        "intermittent": null,
        "type": null,
        "basin": null,
        "wikimedia_commons": null,
        "toilets:wheelchair": null,
        "wikidata": null,
        "source": null,
        "drinking_water": null,
        "level": null,
        "fountain": null,
        "tidal": null,
        "salt": null,
        "artwork_type": null,
        "name:en": null,
        "wikipedia": null,
        "water": null,
        "name": null,
        "natural": null,
        "name:de": null,
        "name:it": null,
        "surface": null,
        "website": null
      },
      "geometry": {
        "type": "Polygon",
        "coordinates": [
          [
            [
              6.0687749,
              45.9267166
            ],
            [
              6.0688697,
              45.9267909
            ],
            [
              6.0692008,
              45.9265811
            ],
            [
              6.0691077,
              45.9265115
            ],
            [
              6.0687749,
              45.9267166
            ]
          ]
        ]
      }
    },
    {
      "type": "Feature",
      "properties": {
        "fid": 51,
        "id": 353624295,
        "description": null,
        "layer": null,
        "name:es": null,
        "tourism": null,
        "note": null,
        "wetland": null,
        "name:nl": null,
        "amenity": null,
        "ele": null,
        "golf": null,
        "swimming": null,
        "boat": null,
        "landuse": null,
        "wheelchair": null,
        "artist_name": null,
        "intermittent": null,
        "type": null,
        "basin": null,
        "wikimedia_commons": null,
        "toilets:wheelchair": null,
        "wikidata": null,
        "source": null,
        "drinking_water": null,
        "level": null,
        "fountain": null,
        "tidal": null,
        "salt": null,
        "artwork_type": null,
        "name:en": null,
        "wikipedia": null,
        "water": null,
        "name": null,
        "natural": "water",
        "name:de": null,
        "name:it": null,
        "surface": null,
        "website": null
      },
      "geometry": {
        "type": "Polygon",
        "coordinates": [
          [
            [
              6.1370895,
              45.9423822
            ],
            [
              6.1371569,
              45.94235
            ],
            [
              6.1371675,
              45.9423596
            ],
            [
              6.1372165,
              45.9423356
            ],
            [
              6.1371637,
              45.9422807
            ],
            [
              6.1370455,
              45.942339
            ],
            [
              6.1370895,
              45.9423822
            ]
          ]
        ]
      }
    },
    {
      "type": "Feature",
      "properties": {
        "fid": 52,
        "id": 353628092,
        "description": null,
        "layer": null,
        "name:es": null,
        "tourism": null,
        "note": null,
        "wetland": null,
        "name:nl": null,
        "amenity": null,
        "ele": null,
        "golf": null,
        "swimming": null,
        "boat": null,
        "landuse": null,
        "wheelchair": null,
        "artist_name": null,
        "intermittent": null,
        "type": null,
        "basin": null,
        "wikimedia_commons": null,
        "toilets:wheelchair": null,
        "wikidata": null,
        "source": null,
        "drinking_water": null,
        "level": null,
        "fountain": null,
        "tidal": null,
        "salt": null,
        "artwork_type": null,
        "name:en": null,
        "wikipedia": null,
        "water": "tidal",
        "name": null,
        "natural": "water",
        "name:de": null,
        "name:it": null,
        "surface": null,
        "website": null
      },
      "geometry": {
        "type": "Polygon",
        "coordinates": [
          [
            [
              6.1396604,
              45.9434652
            ],
            [
              6.1397483,
              45.9434489
            ],
            [
              6.1397543,
              45.9434646
            ],
            [
              6.1397912,
              45.9434577
            ],
            [
              6.1397713,
              45.9434056
            ],
            [
              6.1397079,
              45.9434174
            ],
            [
              6.1396465,
              45.9434288
            ],
            [
              6.1396604,
              45.9434652
            ]
          ]
        ]
      }
    },
    {
      "type": "Feature",
      "properties": {
        "fid": 53,
        "id": 357227655,
        "description": null,
        "layer": null,
        "name:es": null,
        "tourism": null,
        "note": null,
        "wetland": null,
        "name:nl": null,
        "amenity": null,
        "ele": null,
        "golf": null,
        "swimming": null,
        "boat": null,
        "landuse": null,
        "wheelchair": null,
        "artist_name": null,
        "intermittent": null,
        "type": null,
        "basin": null,
        "wikimedia_commons": null,
        "toilets:wheelchair": null,
        "wikidata": null,
        "source": null,
        "drinking_water": null,
        "level": null,
        "fountain": null,
        "tidal": null,
        "salt": null,
        "artwork_type": null,
        "name:en": null,
        "wikipedia": null,
        "water": "pond",
        "name": null,
        "natural": "water",
        "name:de": null,
        "name:it": null,
        "surface": null,
        "website": null
      },
      "geometry": {
        "type": "Polygon",
        "coordinates": [
          [
            [
              6.2157039,
              45.9031338
            ],
            [
              6.2156213,
              45.9030139
            ],
            [
              6.2154525,
              45.902866
            ],
            [
              6.2155859,
              45.9028725
            ],
            [
              6.2158692,
              45.9029676
            ],
            [
              6.2158206,
              45.9030886
            ],
            [
              6.2157039,
              45.9031338
            ]
          ]
        ]
      }
    },
    {
      "type": "Feature",
      "properties": {
        "fid": 54,
        "id": 414247985,
        "description": null,
        "layer": "1",
        "name:es": null,
        "tourism": null,
        "note": null,
        "wetland": null,
        "name:nl": null,
        "amenity": "fountain",
        "ele": null,
        "golf": null,
        "swimming": null,
        "boat": null,
        "landuse": null,
        "wheelchair": null,
        "artist_name": null,
        "intermittent": null,
        "type": null,
        "basin": null,
        "wikimedia_commons": null,
        "toilets:wheelchair": null,
        "wikidata": null,
        "source": null,
        "drinking_water": null,
        "level": null,
        "fountain": "decorative",
        "tidal": null,
        "salt": null,
        "artwork_type": null,
        "name:en": null,
        "wikipedia": null,
        "water": null,
        "name": null,
        "natural": null,
        "name:de": null,
        "name:it": null,
        "surface": null,
        "website": null
      },
      "geometry": {
        "type": "Polygon",
        "coordinates": [
          [
            [
              6.1068366,
              45.9066503
            ],
            [
              6.1069218,
              45.9066081
            ],
            [
              6.1069777,
              45.9066627
            ],
            [
              6.1069422,
              45.9066803
            ],
            [
              6.106962,
              45.9066998
            ],
            [
              6.1070185,
              45.9067555
            ],
            [
              6.1071744,
              45.9069092
            ],
            [
              6.1071925,
              45.9069077
            ],
            [
              6.1072075,
              45.9069126
            ],
            [
              6.1072153,
              45.9069193
            ],
            [
              6.1072187,
              45.9069263
            ],
            [
              6.1072182,
              45.9069348
            ],
            [
              6.1072134,
              45.9069424
            ],
            [
              6.1071963,
              45.9069511
            ],
            [
              6.1071796,
              45.9069514
            ],
            [
              6.1071651,
              45.906946
            ],
            [
              6.1071559,
              45.906935
            ],
            [
              6.107156,
              45.906924
            ],
            [
              6.107165,
              45.9069135
            ],
            [
              6.1070072,
              45.9067614
            ],
            [
              6.1069498,
              45.9067061
            ],
            [
              6.1069308,
              45.9066878
            ],
            [
              6.1068939,
              45.9067062
            ],
            [
              6.1068366,
              45.9066503
            ]
          ]
        ]
      }
    },
    {
      "type": "Feature",
      "properties": {
        "fid": 55,
        "id": 435525042,
        "description": null,
        "layer": null,
        "name:es": null,
        "tourism": null,
        "note": null,
        "wetland": "marsh",
        "name:nl": null,
        "amenity": null,
        "ele": null,
        "golf": null,
        "swimming": null,
        "boat": null,
        "landuse": null,
        "wheelchair": null,
        "artist_name": null,
        "intermittent": null,
        "type": null,
        "basin": null,
        "wikimedia_commons": null,
        "toilets:wheelchair": null,
        "wikidata": null,
        "source": null,
        "drinking_water": null,
        "level": null,
        "fountain": null,
        "tidal": null,
        "salt": null,
        "artwork_type": null,
        "name:en": null,
        "wikipedia": null,
        "water": null,
        "name": "Marais de l'Enfer",
        "natural": "wetland",
        "name:de": null,
        "name:it": null,
        "surface": null,
        "website": null
      },
      "geometry": {
        "type": "Polygon",
        "coordinates": [
          [
            [
              6.1553925,
              45.8420307
            ],
            [
              6.1553542,
              45.8421116
            ],
            [
              6.155348,
              45.8421923
            ],
            [
              6.1553005,
              45.8422537
            ],
            [
              6.1551944,
              45.8422789
            ],
            [
              6.155135,
              45.8423161
            ],
            [
              6.1550465,
              45.8423584
            ],
            [
              6.1549617,
              45.8423901
            ],
            [
              6.155064,
              45.842462
            ],
            [
              6.1551911,
              45.8425939
            ],
            [
              6.1553197,
              45.8426783
            ],
            [
              6.1555129,
              45.8428224
            ],
            [
              6.1555901,
              45.842894
            ],
            [
              6.1556945,
              45.8429947
            ],
            [
              6.1558231,
              45.8430791
            ],
            [
              6.1560139,
              45.8432366
            ],
            [
              6.1560466,
              45.8432603
            ],
            [
              6.1560931,
              45.8432474
            ],
            [
              6.1561167,
              45.8432279
            ],
            [
              6.1561317,
              45.8431852
            ],
            [
              6.1561921,
              45.8431192
            ],
            [
              6.1561973,
              45.8430684
            ],
            [
              6.1561748,
              45.8429185
            ],
            [
              6.1563223,
              45.8429135
            ],
            [
              6.1563932,
              45.8429761
            ],
            [
              6.1564281,
              45.8430523
            ],
            [
              6.1565228,
              45.8430986
            ],
            [
              6.1566379,
              45.8430339
            ],
            [
              6.1568853,
              45.8429429
            ],
            [
              6.1571401,
              45.8428051
            ],
            [
              6.1572461,
              45.8427387
            ],
            [
              6.1574728,
              45.8426432
            ],
            [
              6.1576388,
              45.8425633
            ],
            [
              6.1577222,
              45.8425337
            ],
            [
              6.157746,
              45.8425164
            ],
            [
              6.1582619,
              45.8422924
            ],
            [
              6.1584825,
              45.8422116
            ],
            [
              6.1588135,
              45.8420476
            ],
            [
              6.1588626,
              45.8420335
            ],
            [
              6.1589357,
              45.8420001
            ],
            [
              6.1589846,
              45.8419623
            ],
            [
              6.1591068,
              45.8419138
            ],
            [
              6.1591614,
              45.8418686
            ],
            [
              6.1592083,
              45.8418227
            ],
            [
              6.1592728,
              45.8417534
            ],
            [
              6.1593546,
              45.8417423
            ],
            [
              6.1593249,
              45.8416762
            ],
            [
              6.15924,
              45.84164
            ],
            [
              6.1591712,
              45.841567
            ],
            [
              6.1591343,
              45.8415111
            ],
            [
              6.1591085,
              45.8414721
            ],
            [
              6.1589626,
              45.8413883
            ],
            [
              6.1588706,
              45.8413429
            ],
            [
              6.1587216,
              45.8412809
            ],
            [
              6.1586786,
              45.8412121
            ],
            [
              6.1585642,
              45.8411191
            ],
            [
              6.158447,
              45.8410653
            ],
            [
              6.1584041,
              45.8410047
            ],
            [
              6.1583361,
              45.84094
            ],
            [
              6.158272,
              45.8409072
            ],
            [
              6.1581493,
              45.8408855
            ],
            [
              6.1580204,
              45.8408578
            ],
            [
              6.1580462,
              45.8407601
            ],
            [
              6.1579742,
              45.8406387
            ],
            [
              6.1578887,
              45.8405971
            ],
            [
              6.1578245,
              45.8405911
            ],
            [
              6.1576959,
              45.8404583
            ],
            [
              6.1573085,
              45.8400906
            ],
            [
              6.1571428,
              45.8400612
            ],
            [
              6.1564795,
              45.839995
            ],
            [
              6.1561427,
              45.8399712
            ],
            [
              6.1562577,
              45.8400737
            ],
            [
              6.1563103,
              45.840107
            ],
            [
              6.1564674,
              45.8402647
            ],
            [
              6.1564396,
              45.8403327
            ],
            [
              6.1563088,
              45.8404465
            ],
            [
              6.1561801,
              45.8405097
            ],
            [
              6.1560886,
              45.840552
            ],
            [
              6.1559923,
              45.8406349
            ],
            [
              6.1559314,
              45.8407535
            ],
            [
              6.1558644,
              45.8407856
            ],
            [
              6.1557819,
              45.8408772
            ],
            [
              6.155653,
              45.8409301
            ],
            [
              6.1555111,
              45.8409928
            ],
            [
              6.1554401,
              45.8410571
            ],
            [
              6.1552045,
              45.8411311
            ],
            [
              6.1552131,
              45.8412547
            ],
            [
              6.1551302,
              45.8413328
            ],
            [
              6.1549884,
              45.8413964
            ],
            [
              6.154947,
              45.8415248
            ],
            [
              6.1548937,
              45.8416679
            ],
            [
              6.1549953,
              45.841775
            ],
            [
              6.1552228,
              45.8419447
            ],
            [
              6.1553925,
              45.8420307
            ]
          ]
        ]
      }
    },
    {
      "type": "Feature",
      "properties": {
        "fid": 56,
        "id": 435536074,
        "description": null,
        "layer": null,
        "name:es": null,
        "tourism": null,
        "note": null,
        "wetland": null,
        "name:nl": null,
        "amenity": null,
        "ele": null,
        "golf": null,
        "swimming": null,
        "boat": null,
        "landuse": null,
        "wheelchair": null,
        "artist_name": null,
        "intermittent": null,
        "type": null,
        "basin": null,
        "wikimedia_commons": null,
        "toilets:wheelchair": null,
        "wikidata": null,
        "source": null,
        "drinking_water": null,
        "level": null,
        "fountain": null,
        "tidal": null,
        "salt": null,
        "artwork_type": null,
        "name:en": null,
        "wikipedia": null,
        "water": null,
        "name": null,
        "natural": "wetland",
        "name:de": null,
        "name:it": null,
        "surface": null,
        "website": null
      },
      "geometry": {
        "type": "Polygon",
        "coordinates": [
          [
            [
              6.2314443,
              45.8973246
            ],
            [
              6.2317312,
              45.8974106
            ],
            [
              6.23222,
              45.8974453
            ],
            [
              6.2325656,
              45.8973353
            ],
            [
              6.2327302,
              45.8973038
            ],
            [
              6.2329482,
              45.8972498
            ],
            [
              6.2332891,
              45.8971998
            ],
            [
              6.2335336,
              45.8970438
            ],
            [
              6.2339026,
              45.8969309
            ],
            [
              6.2343389,
              45.8970015
            ],
            [
              6.2348721,
              45.8971605
            ],
            [
              6.235191,
              45.8972815
            ],
            [
              6.2358725,
              45.8975128
            ],
            [
              6.236402,
              45.8976193
            ],
            [
              6.2371079,
              45.8977142
            ],
            [
              6.237813,
              45.8976186
            ],
            [
              6.238417,
              45.8975639
            ],
            [
              6.2388085,
              45.8976628
            ],
            [
              6.239173,
              45.8976977
            ],
            [
              6.2394641,
              45.8976762
            ],
            [
              6.2396733,
              45.897606
            ],
            [
              6.2398407,
              45.8976084
            ],
            [
              6.2400048,
              45.8975872
            ],
            [
              6.2403507,
              45.8974432
            ],
            [
              6.2407002,
              45.8972225
            ],
            [
              6.2410846,
              45.8971617
            ],
            [
              6.2415242,
              45.8969451
            ],
            [
              6.2424495,
              45.8964022
            ],
            [
              6.2433035,
              45.8960701
            ],
            [
              6.2440655,
              45.8957258
            ],
            [
              6.2446621,
              45.8955348
            ],
            [
              6.2449673,
              45.8952921
            ],
            [
              6.2451351,
              45.8951623
            ],
            [
              6.2453573,
              45.8950236
            ],
            [
              6.2455494,
              45.8948993
            ],
            [
              6.2459416,
              45.8947608
            ],
            [
              6.2460742,
              45.8946323
            ],
            [
              6.2468032,
              45.8944459
            ],
            [
              6.2470723,
              45.8944913
            ],
            [
              6.2475846,
              45.8945045
            ],
            [
              6.2478694,
              45.8944553
            ],
            [
              6.2481714,
              45.8943364
            ],
            [
              6.2483818,
              45.8941816
            ],
            [
              6.248464,
              45.8940909
            ],
            [
              6.2486406,
              45.8942232
            ],
            [
              6.2491579,
              45.8941835
            ],
            [
              6.2496574,
              45.8942033
            ],
            [
              6.2501197,
              45.8941366
            ],
            [
              6.2505044,
              45.8941005
            ],
            [
              6.2508914,
              45.8940974
            ],
            [
              6.2512617,
              45.8941516
            ],
            [
              6.2514514,
              45.8942171
            ],
            [
              6.2522678,
              45.8942445
            ],
            [
              6.2526926,
              45.8943174
            ],
            [
              6.2530423,
              45.8943713
            ],
            [
              6.2535323,
              45.8943212
            ],
            [
              6.2539015,
              45.8942526
            ],
            [
              6.2542661,
              45.8941451
            ],
            [
              6.2547298,
              45.8940959
            ],
            [
              6.2551242,
              45.8940335
            ],
            [
              6.2558079,
              45.8939592
            ],
            [
              6.2564982,
              45.8938598
            ],
            [
              6.2570917,
              45.8938309
            ],
            [
              6.2572952,
              45.8938619
            ],
            [
              6.2577347,
              45.8939736
            ],
            [
              6.2580601,
              45.8941252
            ],
            [
              6.2583801,
              45.8941936
            ],
            [
              6.2586441,
              45.8941855
            ],
            [
              6.2591904,
              45.8941777
            ],
            [
              6.2596864,
              45.8941718
            ],
            [
              6.2598955,
              45.8938311
            ],
            [
              6.2585354,
              45.8935782
            ],
            [
              6.2567644,
              45.8932395
            ],
            [
              6.2556413,
              45.8929557
            ],
            [
              6.2542302,
              45.8926064
            ],
            [
              6.2529464,
              45.8922797
            ],
            [
              6.2528261,
              45.8921322
            ],
            [
              6.2523873,
              45.8921113
            ],
            [
              6.2517578,
              45.8920929
            ],
            [
              6.2508746,
              45.892164
            ],
            [
              6.2499044,
              45.8922781
            ],
            [
              6.2490227,
              45.8925143
            ],
            [
              6.2487359,
              45.8924706
            ],
            [
              6.248132,
              45.8926237
            ],
            [
              6.2479566,
              45.8926958
            ],
            [
              6.2477868,
              45.8927378
            ],
            [
              6.2469925,
              45.8929987
            ],
            [
              6.2465101,
              45.8933416
            ],
            [
              6.2464265,
              45.893395
            ],
            [
              6.2459804,
              45.8933951
            ],
            [
              6.2455516,
              45.893477
            ],
            [
              6.2444525,
              45.8938558
            ],
            [
              6.2436366,
              45.8941443
            ],
            [
              6.2432736,
              45.8942345
            ],
            [
              6.242739,
              45.8943674
            ],
            [
              6.2428205,
              45.8944759
            ],
            [
              6.2428437,
              45.8947775
            ],
            [
              6.2427402,
              45.8949669
            ],
            [
              6.2425787,
              45.894795
            ],
            [
              6.2424168,
              45.8947408
            ],
            [
              6.2424059,
              45.894608
            ],
            [
              6.242228,
              45.8944827
            ],
            [
              6.242216,
              45.8944742
            ],
            [
              6.2417834,
              45.89455
            ],
            [
              6.241436,
              45.8945934
            ],
            [
              6.2403102,
              45.8946735
            ],
            [
              6.2392505,
              45.8946959
            ],
            [
              6.2381968,
              45.8947995
            ],
            [
              6.2363617,
              45.8951005
            ],
            [
              6.236178,
              45.8951344
            ],
            [
              6.2342889,
              45.895483
            ],
            [
              6.233467,
              45.8957106
            ],
            [
              6.2330526,
              45.8959139
            ],
            [
              6.2326449,
              45.895895
            ],
            [
              6.2321597,
              45.8958685
            ],
            [
              6.2319324,
              45.8959743
            ],
            [
              6.2317881,
              45.8959246
            ],
            [
              6.2313492,
              45.8959678
            ],
            [
              6.2284946,
              45.8964772
            ],
            [
              6.2282227,
              45.8966012
            ],
            [
              6.2234634,
              45.8974376
            ],
            [
              6.2217247,
              45.8977608
            ],
            [
              6.221406,
              45.8979205
            ],
            [
              6.2210564,
              45.897948
            ],
            [
              6.2207086,
              45.898026
            ],
            [
              6.2205413,
              45.8979988
            ],
            [
              6.2206006,
              45.8979606
            ],
            [
              6.2208122,
              45.8978841
            ],
            [
              6.2210733,
              45.8978534
            ],
            [
              6.2212671,
              45.8978355
            ],
            [
              6.2213354,
              45.8977794
            ],
            [
              6.221335,
              45.8977712
            ],
            [
              6.2213192,
              45.8977335
            ],
            [
              6.2213089,
              45.8977556
            ],
            [
              6.2212814,
              45.897742
            ],
            [
              6.2212935,
              45.8977716
            ],
            [
              6.2212447,
              45.8978114
            ],
            [
              6.2210671,
              45.8978268
            ],
            [
              6.2208002,
              45.8978577
            ],
            [
              6.220581,
              45.8979375
            ],
            [
              6.2204947,
              45.897991
            ],
            [
              6.2203767,
              45.8979725
            ],
            [
              6.2174072,
              45.8985341
            ],
            [
              6.2173882,
              45.8985998
            ],
            [
              6.2170442,
              45.8987098
            ],
            [
              6.2168735,
              45.8986579
            ],
            [
              6.2168609,
              45.898648
            ],
            [
              6.2168298,
              45.8986449
            ],
            [
              6.2167556,
              45.8986216
            ],
            [
              6.2160369,
              45.8987611
            ],
            [
              6.2142977,
              45.8990841
            ],
            [
              6.2136124,
              45.8993864
            ],
            [
              6.2129554,
              45.9000654
            ],
            [
              6.2126978,
              45.9004963
            ],
            [
              6.2122047,
              45.9009066
            ],
            [
              6.2118514,
              45.9011571
            ],
            [
              6.2115688,
              45.9015703
            ],
            [
              6.2112903,
              45.902
            ],
            [
              6.2115234,
              45.9021602
            ],
            [
              6.2124515,
              45.9011575
            ],
            [
              6.2127194,
              45.9010682
            ],
            [
              6.2130028,
              45.9010653
            ],
            [
              6.2159936,
              45.9018933
            ],
            [
              6.2170623,
              45.9020983
            ],
            [
              6.2175134,
              45.9020827
            ],
            [
              6.218048,
              45.9021189
            ],
            [
              6.2185122,
              45.9020368
            ],
            [
              6.2187495,
              45.901876
            ],
            [
              6.2188993,
              45.9017624
            ],
            [
              6.2191237,
              45.9016339
            ],
            [
              6.2194373,
              45.901427
            ],
            [
              6.2197383,
              45.9014816
            ],
            [
              6.2201099,
              45.9014255
            ],
            [
              6.2206849,
              45.9013839
            ],
            [
              6.2211707,
              45.9014002
            ],
            [
              6.2214728,
              45.9014661
            ],
            [
              6.2215693,
              45.9014949
            ],
            [
              6.2218596,
              45.9014198
            ],
            [
              6.2220251,
              45.901316
            ],
            [
              6.2221296,
              45.9010172
            ],
            [
              6.2226244,
              45.9009681
            ],
            [
              6.2227872,
              45.9010378
            ],
            [
              6.223104,
              45.9011044
            ],
            [
              6.2233793,
              45.9012362
            ],
            [
              6.2237648,
              45.9011465
            ],
            [
              6.2242444,
              45.9010968
            ],
            [
              6.2243567,
              45.9011147
            ],
            [
              6.2246247,
              45.9009311
            ],
            [
              6.2248638,
              45.9007814
            ],
            [
              6.2248592,
              45.9007165
            ],
            [
              6.2249457,
              45.9006248
            ],
            [
              6.2252454,
              45.9006588
            ],
            [
              6.2255942,
              45.9007231
            ],
            [
              6.2257056,
              45.9007523
            ],
            [
              6.2260787,
              45.9007167
            ],
            [
              6.2261825,
              45.9006367
            ],
            [
              6.2263807,
              45.9005763
            ],
            [
              6.2264587,
              45.9005735
            ],
            [
              6.2269516,
              45.9004584
            ],
            [
              6.2274841,
              45.9002542
            ],
            [
              6.2280413,
              45.8999626
            ],
            [
              6.2279957,
              45.8992088
            ],
            [
              6.2293472,
              45.8978812
            ],
            [
              6.2304573,
              45.8977487
            ],
            [
              6.2314443,
              45.8973246
            ]
          ]
        ]
      }
    },
    {
      "type": "Feature",
      "properties": {
        "fid": 57,
        "id": 458466938,
        "description": null,
        "layer": null,
        "name:es": null,
        "tourism": null,
        "note": null,
        "wetland": null,
        "name:nl": null,
        "amenity": null,
        "ele": null,
        "golf": null,
        "swimming": null,
        "boat": null,
        "landuse": null,
        "wheelchair": null,
        "artist_name": null,
        "intermittent": null,
        "type": null,
        "basin": null,
        "wikimedia_commons": null,
        "toilets:wheelchair": null,
        "wikidata": null,
        "source": null,
        "drinking_water": null,
        "level": null,
        "fountain": null,
        "tidal": null,
        "salt": null,
        "artwork_type": null,
        "name:en": null,
        "wikipedia": null,
        "water": null,
        "name": null,
        "natural": "wetland",
        "name:de": null,
        "name:it": null,
        "surface": null,
        "website": null
      },
      "geometry": {
        "type": "Polygon",
        "coordinates": [
          [
            [
              6.1515152,
              45.9048955
            ],
            [
              6.151623,
              45.9048398
            ],
            [
              6.1517524,
              45.9048526
            ],
            [
              6.1520236,
              45.9050242
            ],
            [
              6.1523132,
              45.905052
            ],
            [
              6.1529571,
              45.9050627
            ],
            [
              6.1531636,
              45.9051121
            ],
            [
              6.1534921,
              45.9051742
            ],
            [
              6.1541545,
              45.9052257
            ],
            [
              6.1542162,
              45.9052771
            ],
            [
              6.1541916,
              45.9056315
            ],
            [
              6.1518019,
              45.9052664
            ],
            [
              6.1516506,
              45.9050292
            ],
            [
              6.1515635,
              45.9049509
            ],
            [
              6.1515152,
              45.9048955
            ]
          ]
        ]
      }
    },
    {
      "type": "Feature",
      "properties": {
        "fid": 58,
        "id": 458466941,
        "description": null,
        "layer": null,
        "name:es": null,
        "tourism": null,
        "note": null,
        "wetland": null,
        "name:nl": null,
        "amenity": null,
        "ele": null,
        "golf": null,
        "swimming": null,
        "boat": null,
        "landuse": null,
        "wheelchair": null,
        "artist_name": null,
        "intermittent": null,
        "type": null,
        "basin": null,
        "wikimedia_commons": null,
        "toilets:wheelchair": null,
        "wikidata": null,
        "source": null,
        "drinking_water": null,
        "level": null,
        "fountain": null,
        "tidal": "no",
        "salt": "no",
        "artwork_type": null,
        "name:en": null,
        "wikipedia": null,
        "water": null,
        "name": null,
        "natural": "wetland",
        "name:de": null,
        "name:it": null,
        "surface": null,
        "website": null
      },
      "geometry": {
        "type": "Polygon",
        "coordinates": [
          [
            [
              6.155181,
              45.9057727
            ],
            [
              6.1551175,
              45.9055864
            ],
            [
              6.1550682,
              45.9054749
            ],
            [
              6.1551329,
              45.9053656
            ],
            [
              6.1553177,
              45.9053013
            ],
            [
              6.1561773,
              45.9053763
            ],
            [
              6.1564947,
              45.9054985
            ],
            [
              6.1565521,
              45.9055481
            ],
            [
              6.1566916,
              45.9057273
            ],
            [
              6.1566657,
              45.9058146
            ],
            [
              6.1562629,
              45.9058518
            ],
            [
              6.1561217,
              45.9058518
            ],
            [
              6.1560097,
              45.9058514
            ],
            [
              6.1558471,
              45.9058508
            ],
            [
              6.1555013,
              45.9058135
            ],
            [
              6.155181,
              45.9057727
            ]
          ]
        ]
      }
    },
    {
      "type": "Feature",
      "properties": {
        "fid": 59,
        "id": 480511464,
        "description": null,
        "layer": null,
        "name:es": null,
        "tourism": null,
        "note": null,
        "wetland": null,
        "name:nl": null,
        "amenity": null,
        "ele": null,
        "golf": null,
        "swimming": null,
        "boat": null,
        "landuse": null,
        "wheelchair": null,
        "artist_name": null,
        "intermittent": null,
        "type": null,
        "basin": null,
        "wikimedia_commons": null,
        "toilets:wheelchair": null,
        "wikidata": null,
        "source": null,
        "drinking_water": null,
        "level": null,
        "fountain": null,
        "tidal": null,
        "salt": null,
        "artwork_type": null,
        "name:en": null,
        "wikipedia": null,
        "water": null,
        "name": null,
        "natural": "wetland",
        "name:de": null,
        "name:it": null,
        "surface": null,
        "website": null
      },
      "geometry": {
        "type": "Polygon",
        "coordinates": [
          [
            [
              6.0494089,
              45.8562065
            ],
            [
              6.0495711,
              45.8561165
            ],
            [
              6.0496188,
              45.856056
            ],
            [
              6.0495816,
              45.8560057
            ],
            [
              6.0494325,
              45.8559405
            ],
            [
              6.0493136,
              45.8559093
            ],
            [
              6.0492371,
              45.8559325
            ],
            [
              6.0492118,
              45.8559095
            ],
            [
              6.0491947,
              45.8559008
            ],
            [
              6.0491845,
              45.8559197
            ],
            [
              6.0492066,
              45.8559406
            ],
            [
              6.048929,
              45.8560984
            ],
            [
              6.0486538,
              45.8561313
            ],
            [
              6.0483851,
              45.8561566
            ],
            [
              6.0483399,
              45.8561643
            ],
            [
              6.0482506,
              45.8561735
            ],
            [
              6.0480011,
              45.856223
            ],
            [
              6.0479685,
              45.8563479
            ],
            [
              6.0479529,
              45.8565135
            ],
            [
              6.0479794,
              45.8566416
            ],
            [
              6.0480214,
              45.8567589
            ],
            [
              6.0481894,
              45.8567533
            ],
            [
              6.0483117,
              45.8566843
            ],
            [
              6.0484354,
              45.8567019
            ],
            [
              6.0484555,
              45.8566734
            ],
            [
              6.0484826,
              45.8566817
            ],
            [
              6.0484744,
              45.8566458
            ],
            [
              6.0486598,
              45.8565903
            ],
            [
              6.0489228,
              45.8565052
            ],
            [
              6.0491035,
              45.856428
            ],
            [
              6.0493258,
              45.8563062
            ],
            [
              6.0493945,
              45.8563647
            ],
            [
              6.0494573,
              45.8564164
            ],
            [
              6.0496463,
              45.8564627
            ],
            [
              6.0498247,
              45.8564755
            ],
            [
              6.0501224,
              45.8565358
            ],
            [
              6.0501546,
              45.8564883
            ],
            [
              6.0500018,
              45.8563694
            ],
            [
              6.0497598,
              45.8562826
            ],
            [
              6.0495693,
              45.8562177
            ],
            [
              6.0494164,
              45.8562092
            ],
            [
              6.0494089,
              45.8562065
            ]
          ]
        ]
      }
    },
    {
      "type": "Feature",
      "properties": {
        "fid": 60,
        "id": 480511465,
        "description": null,
        "layer": null,
        "name:es": null,
        "tourism": null,
        "note": null,
        "wetland": null,
        "name:nl": null,
        "amenity": null,
        "ele": null,
        "golf": null,
        "swimming": null,
        "boat": null,
        "landuse": null,
        "wheelchair": null,
        "artist_name": null,
        "intermittent": null,
        "type": null,
        "basin": null,
        "wikimedia_commons": null,
        "toilets:wheelchair": null,
        "wikidata": null,
        "source": null,
        "drinking_water": null,
        "level": null,
        "fountain": null,
        "tidal": null,
        "salt": null,
        "artwork_type": null,
        "name:en": null,
        "wikipedia": null,
        "water": null,
        "name": "Marais des Creules et Marais de Lesse",
        "natural": "wetland",
        "name:de": null,
        "name:it": null,
        "surface": null,
        "website": null
      },
      "geometry": {
        "type": "Polygon",
        "coordinates": [
          [
            [
              6.0665276,
              45.8553952
            ],
            [
              6.0664987,
              45.855167
            ],
            [
              6.0664087,
              45.8551009
            ],
            [
              6.0661973,
              45.8551183
            ],
            [
              6.065998,
              45.8551249
            ],
            [
              6.0657451,
              45.8551622
            ],
            [
              6.0657184,
              45.8552032
            ],
            [
              6.0654838,
              45.8552915
            ],
            [
              6.065203,
              45.8554598
            ],
            [
              6.0650302,
              45.8556574
            ],
            [
              6.0649067,
              45.8557956
            ],
            [
              6.0648426,
              45.8558969
            ],
            [
              6.0646918,
              45.8560442
            ],
            [
              6.0647346,
              45.8561109
            ],
            [
              6.0649861,
              45.8565081
            ],
            [
              6.0651598,
              45.8567861
            ],
            [
              6.0652064,
              45.8568578
            ],
            [
              6.0653895,
              45.8566237
            ],
            [
              6.0655044,
              45.8564424
            ],
            [
              6.0656769,
              45.8562674
            ],
            [
              6.0658531,
              45.8562482
            ],
            [
              6.0659085,
              45.8561102
            ],
            [
              6.066138,
              45.855924
            ],
            [
              6.066304,
              45.8558896
            ],
            [
              6.0664129,
              45.8557952
            ],
            [
              6.0665723,
              45.8556413
            ],
            [
              6.0665276,
              45.8553952
            ]
          ]
        ]
      }
    },
    {
      "type": "Feature",
      "properties": {
        "fid": 61,
        "id": 480511466,
        "description": null,
        "layer": null,
        "name:es": null,
        "tourism": null,
        "note": null,
        "wetland": null,
        "name:nl": null,
        "amenity": null,
        "ele": null,
        "golf": null,
        "swimming": null,
        "boat": null,
        "landuse": null,
        "wheelchair": null,
        "artist_name": null,
        "intermittent": null,
        "type": null,
        "basin": null,
        "wikimedia_commons": null,
        "toilets:wheelchair": null,
        "wikidata": null,
        "source": null,
        "drinking_water": null,
        "level": null,
        "fountain": null,
        "tidal": null,
        "salt": null,
        "artwork_type": null,
        "name:en": null,
        "wikipedia": null,
        "water": null,
        "name": "Marais des Creules et Marais de Lesse",
        "natural": "wetland",
        "name:de": null,
        "name:it": null,
        "surface": null,
        "website": null
      },
      "geometry": {
        "type": "Polygon",
        "coordinates": [
          [
            [
              6.064829,
              45.856632
            ],
            [
              6.064472,
              45.8560712
            ],
            [
              6.0641869,
              45.8563984
            ],
            [
              6.063785,
              45.8568256
            ],
            [
              6.0638382,
              45.8570239
            ],
            [
              6.0641249,
              45.8572466
            ],
            [
              6.0642913,
              45.8575393
            ],
            [
              6.0645519,
              45.8577041
            ],
            [
              6.0649138,
              45.8578386
            ],
            [
              6.0653454,
              45.8579522
            ],
            [
              6.0656695,
              45.8580478
            ],
            [
              6.0656978,
              45.8580489
            ],
            [
              6.064829,
              45.856632
            ]
          ]
        ]
      }
    },
    {
      "type": "Feature",
      "properties": {
        "fid": 62,
        "id": 480511467,
        "description": null,
        "layer": null,
        "name:es": null,
        "tourism": null,
        "note": null,
        "wetland": null,
        "name:nl": null,
        "amenity": null,
        "ele": null,
        "golf": null,
        "swimming": null,
        "boat": null,
        "landuse": null,
        "wheelchair": null,
        "artist_name": null,
        "intermittent": null,
        "type": null,
        "basin": null,
        "wikimedia_commons": null,
        "toilets:wheelchair": null,
        "wikidata": null,
        "source": null,
        "drinking_water": null,
        "level": null,
        "fountain": null,
        "tidal": null,
        "salt": null,
        "artwork_type": null,
        "name:en": null,
        "wikipedia": null,
        "water": null,
        "name": null,
        "natural": "wetland",
        "name:de": null,
        "name:it": null,
        "surface": null,
        "website": null
      },
      "geometry": {
        "type": "Polygon",
        "coordinates": [
          [
            [
              6.0740185,
              45.8469892
            ],
            [
              6.0738482,
              45.8470072
            ],
            [
              6.073609,
              45.8472411
            ],
            [
              6.0734806,
              45.8473527
            ],
            [
              6.0734348,
              45.8476762
            ],
            [
              6.0733833,
              45.84794
            ],
            [
              6.073343,
              45.8480837
            ],
            [
              6.0732067,
              45.848339
            ],
            [
              6.0730503,
              45.8485589
            ],
            [
              6.0728278,
              45.8487799
            ],
            [
              6.0727525,
              45.8489145
            ],
            [
              6.0730168,
              45.8490615
            ],
            [
              6.0735539,
              45.8494245
            ],
            [
              6.0738079,
              45.8496657
            ],
            [
              6.0739116,
              45.8499284
            ],
            [
              6.0738727,
              45.8499885
            ],
            [
              6.0738558,
              45.8502615
            ],
            [
              6.074092,
              45.8503476
            ],
            [
              6.0745572,
              45.8506489
            ],
            [
              6.074741,
              45.8508379
            ],
            [
              6.0747981,
              45.8511321
            ],
            [
              6.0751076,
              45.8512302
            ],
            [
              6.075231,
              45.8512859
            ],
            [
              6.0754162,
              45.851256
            ],
            [
              6.0755041,
              45.8510272
            ],
            [
              6.0753891,
              45.8508524
            ],
            [
              6.0751817,
              45.8505611
            ],
            [
              6.075158,
              45.8504545
            ],
            [
              6.0748772,
              45.850082
            ],
            [
              6.0747982,
              45.8499423
            ],
            [
              6.0744918,
              45.8496915
            ],
            [
              6.0744054,
              45.8493574
            ],
            [
              6.0743296,
              45.8490643
            ],
            [
              6.0742446,
              45.8485542
            ],
            [
              6.0742494,
              45.8481258
            ],
            [
              6.0742894,
              45.8477189
            ],
            [
              6.0742864,
              45.847497
            ],
            [
              6.0742811,
              45.8470991
            ],
            [
              6.0740185,
              45.8469892
            ]
          ]
        ]
      }
    },
    {
      "type": "Feature",
      "properties": {
        "fid": 63,
        "id": 480511468,
        "description": null,
        "layer": null,
        "name:es": null,
        "tourism": null,
        "note": null,
        "wetland": null,
        "name:nl": null,
        "amenity": null,
        "ele": null,
        "golf": null,
        "swimming": null,
        "boat": null,
        "landuse": null,
        "wheelchair": null,
        "artist_name": null,
        "intermittent": null,
        "type": null,
        "basin": null,
        "wikimedia_commons": null,
        "toilets:wheelchair": null,
        "wikidata": null,
        "source": null,
        "drinking_water": null,
        "level": null,
        "fountain": null,
        "tidal": null,
        "salt": null,
        "artwork_type": null,
        "name:en": null,
        "wikipedia": null,
        "water": null,
        "name": null,
        "natural": "wetland",
        "name:de": null,
        "name:it": null,
        "surface": null,
        "website": null
      },
      "geometry": {
        "type": "Polygon",
        "coordinates": [
          [
            [
              6.0606544,
              45.855981
            ],
            [
              6.0606973,
              45.8559187
            ],
            [
              6.0607652,
              45.855872
            ],
            [
              6.0606445,
              45.8558369
            ],
            [
              6.0605302,
              45.8558077
            ],
            [
              6.0604882,
              45.8557749
            ],
            [
              6.0603485,
              45.8557186
            ],
            [
              6.0602078,
              45.8556232
            ],
            [
              6.0601415,
              45.8555862
            ],
            [
              6.0601389,
              45.8555471
            ],
            [
              6.0601361,
              45.8555028
            ],
            [
              6.0601828,
              45.8553898
            ],
            [
              6.0603066,
              45.8553196
            ],
            [
              6.0604469,
              45.8552758
            ],
            [
              6.0607583,
              45.8552944
            ],
            [
              6.0609655,
              45.8552979
            ],
            [
              6.0610551,
              45.8553165
            ],
            [
              6.0611904,
              45.8553286
            ],
            [
              6.0612445,
              45.8551885
            ],
            [
              6.0613965,
              45.8550823
            ],
            [
              6.0614424,
              45.8550374
            ],
            [
              6.0614468,
              45.8549919
            ],
            [
              6.0614738,
              45.8549137
            ],
            [
              6.0614789,
              45.8548805
            ],
            [
              6.0614378,
              45.8547311
            ],
            [
              6.0612692,
              45.8547265
            ],
            [
              6.0610813,
              45.8547647
            ],
            [
              6.0608353,
              45.8547729
            ],
            [
              6.0605445,
              45.8547329
            ],
            [
              6.0602784,
              45.854686
            ],
            [
              6.0600117,
              45.8546278
            ],
            [
              6.0598233,
              45.8545514
            ],
            [
              6.059601,
              45.8544298
            ],
            [
              6.0594661,
              45.8544457
            ],
            [
              6.0593526,
              45.854533
            ],
            [
              6.0591756,
              45.8546276
            ],
            [
              6.0590993,
              45.8546755
            ],
            [
              6.0590207,
              45.8547999
            ],
            [
              6.0590447,
              45.8550436
            ],
            [
              6.0590514,
              45.8551436
            ],
            [
              6.0591288,
              45.8552204
            ],
            [
              6.0593401,
              45.8553961
            ],
            [
              6.0595865,
              45.855521
            ],
            [
              6.059844,
              45.8556631
            ],
            [
              6.0601976,
              45.8558238
            ],
            [
              6.0603446,
              45.8558797
            ],
            [
              6.0605392,
              45.8559415
            ],
            [
              6.0606544,
              45.855981
            ]
          ]
        ]
      }
    },
    {
      "type": "Feature",
      "properties": {
        "fid": 64,
        "id": 480511469,
        "description": null,
        "layer": null,
        "name:es": null,
        "tourism": null,
        "note": null,
        "wetland": null,
        "name:nl": null,
        "amenity": null,
        "ele": null,
        "golf": null,
        "swimming": null,
        "boat": null,
        "landuse": null,
        "wheelchair": null,
        "artist_name": null,
        "intermittent": null,
        "type": null,
        "basin": null,
        "wikimedia_commons": null,
        "toilets:wheelchair": null,
        "wikidata": null,
        "source": null,
        "drinking_water": null,
        "level": null,
        "fountain": null,
        "tidal": null,
        "salt": null,
        "artwork_type": null,
        "name:en": null,
        "wikipedia": null,
        "water": null,
        "name": null,
        "natural": "wetland",
        "name:de": null,
        "name:it": null,
        "surface": null,
        "website": null
      },
      "geometry": {
        "type": "Polygon",
        "coordinates": [
          [
            [
              6.053262,
              45.8485927
            ],
            [
              6.0531595,
              45.8486291
            ],
            [
              6.0531449,
              45.8487845
            ],
            [
              6.0530246,
              45.8489525
            ],
            [
              6.0530234,
              45.8490835
            ],
            [
              6.0528927,
              45.8492457
            ],
            [
              6.0527857,
              45.8495424
            ],
            [
              6.0527003,
              45.8496557
            ],
            [
              6.0526653,
              45.8497507
            ],
            [
              6.0527106,
              45.8498069
            ],
            [
              6.0525579,
              45.8497521
            ],
            [
              6.0523705,
              45.8496036
            ],
            [
              6.0522136,
              45.8494467
            ],
            [
              6.0520296,
              45.8493011
            ],
            [
              6.0519515,
              45.8493016
            ],
            [
              6.0517704,
              45.8493572
            ],
            [
              6.0514778,
              45.8494597
            ],
            [
              6.0512575,
              45.8495207
            ],
            [
              6.0510643,
              45.8495942
            ],
            [
              6.0507535,
              45.84969
            ],
            [
              6.050752,
              45.84969
            ],
            [
              6.0505895,
              45.8497532
            ],
            [
              6.050588,
              45.8497544
            ],
            [
              6.0504782,
              45.8498106
            ],
            [
              6.0502674,
              45.8499021
            ],
            [
              6.0501185,
              45.8499514
            ],
            [
              6.0499814,
              45.8499766
            ],
            [
              6.0500125,
              45.8499797
            ],
            [
              6.0499886,
              45.8499949
            ],
            [
              6.0501271,
              45.8499677
            ],
            [
              6.0502787,
              45.8499183
            ],
            [
              6.0504926,
              45.8498256
            ],
            [
              6.0506024,
              45.8497693
            ],
            [
              6.0508733,
              45.8496737
            ],
            [
              6.0508986,
              45.8497183
            ],
            [
              6.0509424,
              45.8498168
            ],
            [
              6.0509452,
              45.8498611
            ],
            [
              6.050941,
              45.8499315
            ],
            [
              6.0509037,
              45.8499925
            ],
            [
              6.0508851,
              45.8500397
            ],
            [
              6.0508662,
              45.8500907
            ],
            [
              6.0509071,
              45.8501719
            ],
            [
              6.0509909,
              45.8502105
            ],
            [
              6.0511661,
              45.8502036
            ],
            [
              6.0512394,
              45.8501919
            ],
            [
              6.0513154,
              45.8501812
            ],
            [
              6.051063,
              45.850269
            ],
            [
              6.0507453,
              45.8504425
            ],
            [
              6.0503946,
              45.8506697
            ],
            [
              6.0505732,
              45.8507588
            ],
            [
              6.050678,
              45.8508637
            ],
            [
              6.0510164,
              45.8510011
            ],
            [
              6.0513069,
              45.8507346
            ],
            [
              6.051644,
              45.8505624
            ],
            [
              6.0519075,
              45.8504443
            ],
            [
              6.0522438,
              45.8502846
            ],
            [
              6.0525679,
              45.8502059
            ],
            [
              6.0528871,
              45.85006
            ],
            [
              6.0529383,
              45.8501194
            ],
            [
              6.0531442,
              45.8500641
            ],
            [
              6.0534079,
              45.8499634
            ],
            [
              6.0535733,
              45.8498135
            ],
            [
              6.0536211,
              45.8496912
            ],
            [
              6.0537415,
              45.8494426
            ],
            [
              6.0538768,
              45.8492379
            ],
            [
              6.0539808,
              45.8491375
            ],
            [
              6.0540895,
              45.8490194
            ],
            [
              6.0540075,
              45.848922
            ],
            [
              6.0539576,
              45.8488587
            ],
            [
              6.0538949,
              45.8487814
            ],
            [
              6.0538865,
              45.8486587
            ],
            [
              6.0537775,
              45.8485973
            ],
            [
              6.0536476,
              45.8485985
            ],
            [
              6.053498,
              45.8485942
            ],
            [
              6.0533745,
              45.8485983
            ],
            [
              6.0533018,
              45.8485925
            ],
            [
              6.0532846,
              45.8485827
            ],
            [
              6.0532339,
              45.8484843
            ],
            [
              6.0532156,
              45.8484746
            ],
            [
              6.0532106,
              45.8484902
            ],
            [
              6.053262,
              45.8485927
            ]
          ]
        ]
      }
    },
    {
      "type": "Feature",
      "properties": {
        "fid": 65,
        "id": 480511470,
        "description": null,
        "layer": null,
        "name:es": null,
        "tourism": null,
        "note": null,
        "wetland": null,
        "name:nl": null,
        "amenity": null,
        "ele": null,
        "golf": null,
        "swimming": null,
        "boat": null,
        "landuse": null,
        "wheelchair": null,
        "artist_name": null,
        "intermittent": null,
        "type": null,
        "basin": null,
        "wikimedia_commons": null,
        "toilets:wheelchair": null,
        "wikidata": null,
        "source": null,
        "drinking_water": null,
        "level": null,
        "fountain": null,
        "tidal": null,
        "salt": null,
        "artwork_type": null,
        "name:en": null,
        "wikipedia": null,
        "water": null,
        "name": null,
        "natural": "wetland",
        "name:de": null,
        "name:it": null,
        "surface": null,
        "website": null
      },
      "geometry": {
        "type": "Polygon",
        "coordinates": [
          [
            [
              6.0539908,
              45.8504859
            ],
            [
              6.0535124,
              45.8502231
            ],
            [
              6.0532113,
              45.8501794
            ],
            [
              6.0528973,
              45.8502094
            ],
            [
              6.052429,
              45.8503806
            ],
            [
              6.0522239,
              45.8504504
            ],
            [
              6.0517163,
              45.8506725
            ],
            [
              6.0513845,
              45.8508073
            ],
            [
              6.0512052,
              45.8509516
            ],
            [
              6.0511167,
              45.8510649
            ],
            [
              6.0515518,
              45.8513631
            ],
            [
              6.052019,
              45.851522
            ],
            [
              6.0528085,
              45.8515135
            ],
            [
              6.0530474,
              45.8515098
            ],
            [
              6.053865,
              45.8516798
            ],
            [
              6.0542691,
              45.8518646
            ],
            [
              6.0543456,
              45.8518425
            ],
            [
              6.0543867,
              45.8517741
            ],
            [
              6.0542785,
              45.8516786
            ],
            [
              6.0542948,
              45.8515943
            ],
            [
              6.0543327,
              45.8515367
            ],
            [
              6.0544703,
              45.8513275
            ],
            [
              6.0547051,
              45.8511722
            ],
            [
              6.0549436,
              45.851058
            ],
            [
              6.0554434,
              45.8508887
            ],
            [
              6.0552212,
              45.8507743
            ],
            [
              6.0545966,
              45.8505752
            ],
            [
              6.0539908,
              45.8504859
            ]
          ]
        ]
      }
    },
    {
      "type": "Feature",
      "properties": {
        "fid": 66,
        "id": 480511471,
        "description": null,
        "layer": null,
        "name:es": null,
        "tourism": null,
        "note": null,
        "wetland": null,
        "name:nl": null,
        "amenity": null,
        "ele": null,
        "golf": null,
        "swimming": null,
        "boat": null,
        "landuse": null,
        "wheelchair": null,
        "artist_name": null,
        "intermittent": null,
        "type": null,
        "basin": null,
        "wikimedia_commons": null,
        "toilets:wheelchair": null,
        "wikidata": null,
        "source": null,
        "drinking_water": null,
        "level": null,
        "fountain": null,
        "tidal": null,
        "salt": null,
        "artwork_type": null,
        "name:en": null,
        "wikipedia": null,
        "water": null,
        "name": null,
        "natural": "wetland",
        "name:de": null,
        "name:it": null,
        "surface": null,
        "website": null
      },
      "geometry": {
        "type": "Polygon",
        "coordinates": [
          [
            [
              6.060089,
              45.8500663
            ],
            [
              6.0599084,
              45.8502353
            ],
            [
              6.0598429,
              45.8503098
            ],
            [
              6.0597858,
              45.8503818
            ],
            [
              6.0596904,
              45.8504345
            ],
            [
              6.0595893,
              45.8504461
            ],
            [
              6.0593595,
              45.850368
            ],
            [
              6.0591492,
              45.8502945
            ],
            [
              6.0590127,
              45.8501979
            ],
            [
              6.0588982,
              45.8501212
            ],
            [
              6.0587989,
              45.8500481
            ],
            [
              6.058725,
              45.8500692
            ],
            [
              6.0586537,
              45.8501294
            ],
            [
              6.0585826,
              45.8501936
            ],
            [
              6.0585828,
              45.8501976
            ],
            [
              6.0588131,
              45.8503459
            ],
            [
              6.0591216,
              45.8504946
            ],
            [
              6.0592226,
              45.8505727
            ],
            [
              6.0594237,
              45.8506188
            ],
            [
              6.0595294,
              45.8506772
            ],
            [
              6.059635,
              45.8507315
            ],
            [
              6.0599045,
              45.8508691
            ],
            [
              6.0601905,
              45.8510598
            ],
            [
              6.0602413,
              45.8511107
            ],
            [
              6.0603407,
              45.8511652
            ],
            [
              6.060458,
              45.8511943
            ],
            [
              6.0605243,
              45.8512592
            ],
            [
              6.060584,
              45.8513326
            ],
            [
              6.0606522,
              45.8514448
            ],
            [
              6.0608232,
              45.8514392
            ],
            [
              6.0609175,
              45.851436
            ],
            [
              6.0609315,
              45.8513406
            ],
            [
              6.0609897,
              45.8512809
            ],
            [
              6.0609878,
              45.8512531
            ],
            [
              6.0609585,
              45.8511716
            ],
            [
              6.060925,
              45.8510478
            ],
            [
              6.0609218,
              45.8508932
            ],
            [
              6.0609498,
              45.8507353
            ],
            [
              6.0608622,
              45.8506217
            ],
            [
              6.0607632,
              45.8505104
            ],
            [
              6.0606813,
              45.8504563
            ],
            [
              6.0605206,
              45.8503781
            ],
            [
              6.0602718,
              45.8501883
            ],
            [
              6.060089,
              45.8500663
            ]
          ]
        ]
      }
    },
    {
      "type": "Feature",
      "properties": {
        "fid": 67,
        "id": 480511472,
        "description": null,
        "layer": null,
        "name:es": null,
        "tourism": null,
        "note": null,
        "wetland": null,
        "name:nl": null,
        "amenity": null,
        "ele": null,
        "golf": null,
        "swimming": null,
        "boat": null,
        "landuse": null,
        "wheelchair": null,
        "artist_name": null,
        "intermittent": null,
        "type": null,
        "basin": null,
        "wikimedia_commons": null,
        "toilets:wheelchair": null,
        "wikidata": null,
        "source": null,
        "drinking_water": null,
        "level": null,
        "fountain": null,
        "tidal": null,
        "salt": null,
        "artwork_type": null,
        "name:en": null,
        "wikipedia": null,
        "water": null,
        "name": "Marais des Verduns",
        "natural": "wetland",
        "name:de": null,
        "name:it": null,
        "surface": null,
        "website": null
      },
      "geometry": {
        "type": "Polygon",
        "coordinates": [
          [
            [
              6.0637169,
              45.859069
            ],
            [
              6.0638198,
              45.8590811
            ],
            [
              6.0639837,
              45.8590994
            ],
            [
              6.0640442,
              45.8591015
            ],
            [
              6.0640927,
              45.8590988
            ],
            [
              6.0641637,
              45.8590315
            ],
            [
              6.0642247,
              45.8589728
            ],
            [
              6.0642982,
              45.858925
            ],
            [
              6.0643378,
              45.8588782
            ],
            [
              6.0643347,
              45.8588371
            ],
            [
              6.0642728,
              45.8587937
            ],
            [
              6.0642173,
              45.8586944
            ],
            [
              6.0641782,
              45.8586183
            ],
            [
              6.0640779,
              45.8585731
            ],
            [
              6.0640419,
              45.8585248
            ],
            [
              6.0640027,
              45.8584878
            ],
            [
              6.0639762,
              45.858429
            ],
            [
              6.0639735,
              45.8583867
            ],
            [
              6.0639652,
              45.8583499
            ],
            [
              6.0637865,
              45.8581133
            ],
            [
              6.0637127,
              45.8579826
            ],
            [
              6.0636507,
              45.8579393
            ],
            [
              6.0635946,
              45.8578276
            ],
            [
              6.0634961,
              45.8578175
            ],
            [
              6.063287,
              45.8579328
            ],
            [
              6.0631753,
              45.8579632
            ],
            [
              6.0630141,
              45.8579799
            ],
            [
              6.0629338,
              45.8579971
            ],
            [
              6.0628852,
              45.8579987
            ],
            [
              6.0628451,
              45.8579742
            ],
            [
              6.0627492,
              45.857996
            ],
            [
              6.062572,
              45.8580173
            ],
            [
              6.0624547,
              45.8580512
            ],
            [
              6.0623252,
              45.8580596
            ],
            [
              6.0621235,
              45.8580435
            ],
            [
              6.0620085,
              45.8580277
            ],
            [
              6.061795,
              45.8580585
            ],
            [
              6.0616067,
              45.8580875
            ],
            [
              6.0615377,
              45.8581836
            ],
            [
              6.0615466,
              45.8583165
            ],
            [
              6.0615708,
              45.8583683
            ],
            [
              6.0617763,
              45.8585018
            ],
            [
              6.0619102,
              45.8585573
            ],
            [
              6.0620143,
              45.8585921
            ],
            [
              6.0621878,
              45.8586658
            ],
            [
              6.0623516,
              45.8587511
            ],
            [
              6.0624865,
              45.8588261
            ],
            [
              6.0625637,
              45.8588504
            ],
            [
              6.0628184,
              45.8589286
            ],
            [
              6.0630221,
              45.8589673
            ],
            [
              6.0631482,
              45.8590012
            ],
            [
              6.0633405,
              45.8590485
            ],
            [
              6.0635277,
              45.8590836
            ],
            [
              6.063593,
              45.8590886
            ],
            [
              6.0637169,
              45.859069
            ]
          ]
        ]
      }
    },
    {
      "type": "Feature",
      "properties": {
        "fid": 68,
        "id": 480511473,
        "description": null,
        "layer": null,
        "name:es": null,
        "tourism": null,
        "note": null,
        "wetland": null,
        "name:nl": null,
        "amenity": null,
        "ele": null,
        "golf": null,
        "swimming": null,
        "boat": null,
        "landuse": null,
        "wheelchair": null,
        "artist_name": null,
        "intermittent": null,
        "type": null,
        "basin": null,
        "wikimedia_commons": null,
        "toilets:wheelchair": null,
        "wikidata": null,
        "source": null,
        "drinking_water": null,
        "level": null,
        "fountain": null,
        "tidal": null,
        "salt": null,
        "artwork_type": null,
        "name:en": null,
        "wikipedia": null,
        "water": null,
        "name": null,
        "natural": "wetland",
        "name:de": null,
        "name:it": null,
        "surface": null,
        "website": null
      },
      "geometry": {
        "type": "Polygon",
        "coordinates": [
          [
            [
              6.0706468,
              45.8540563
            ],
            [
              6.0707997,
              45.8539191
            ],
            [
              6.0708687,
              45.8538663
            ],
            [
              6.0709536,
              45.8537933
            ],
            [
              6.0710714,
              45.8536572
            ],
            [
              6.0711489,
              45.853471
            ],
            [
              6.0710763,
              45.8533351
            ],
            [
              6.0710706,
              45.8531207
            ],
            [
              6.0711235,
              45.8529672
            ],
            [
              6.0710762,
              45.8527913
            ],
            [
              6.0709662,
              45.8527826
            ],
            [
              6.0708961,
              45.8526838
            ],
            [
              6.0707859,
              45.8525172
            ],
            [
              6.070646,
              45.8524589
            ],
            [
              6.0704529,
              45.8524024
            ],
            [
              6.0702861,
              45.8523377
            ],
            [
              6.070116,
              45.8523753
            ],
            [
              6.0696174,
              45.8524673
            ],
            [
              6.0694243,
              45.8525634
            ],
            [
              6.0692489,
              45.8526311
            ],
            [
              6.0692247,
              45.8528218
            ],
            [
              6.0692428,
              45.8529533
            ],
            [
              6.0693397,
              45.8531844
            ],
            [
              6.0694703,
              45.8533689
            ],
            [
              6.0697012,
              45.8535697
            ],
            [
              6.0698029,
              45.8536106
            ],
            [
              6.0698585,
              45.8536295
            ],
            [
              6.0699485,
              45.8536265
            ],
            [
              6.0700796,
              45.8535571
            ],
            [
              6.0701469,
              45.8536116
            ],
            [
              6.070196,
              45.8536802
            ],
            [
              6.0702184,
              45.8537496
            ],
            [
              6.0702441,
              45.8538488
            ],
            [
              6.0703124,
              45.8539156
            ],
            [
              6.0706468,
              45.8540563
            ]
          ]
        ]
      }
    },
    {
      "type": "Feature",
      "properties": {
        "fid": 69,
        "id": 480511474,
        "description": null,
        "layer": null,
        "name:es": null,
        "tourism": null,
        "note": null,
        "wetland": null,
        "name:nl": null,
        "amenity": null,
        "ele": null,
        "golf": null,
        "swimming": null,
        "boat": null,
        "landuse": null,
        "wheelchair": null,
        "artist_name": null,
        "intermittent": null,
        "type": null,
        "basin": null,
        "wikimedia_commons": null,
        "toilets:wheelchair": null,
        "wikidata": null,
        "source": null,
        "drinking_water": null,
        "level": null,
        "fountain": null,
        "tidal": null,
        "salt": null,
        "artwork_type": null,
        "name:en": null,
        "wikipedia": null,
        "water": null,
        "name": "Marais de Mathonex",
        "natural": "wetland",
        "name:de": null,
        "name:it": null,
        "surface": null,
        "website": null
      },
      "geometry": {
        "type": "Polygon",
        "coordinates": [
          [
            [
              6.0653934,
              45.8519191
            ],
            [
              6.065573,
              45.8519968
            ],
            [
              6.0658971,
              45.852051
            ],
            [
              6.0661377,
              45.852071
            ],
            [
              6.0662968,
              45.8520656
            ],
            [
              6.0664298,
              45.8520417
            ],
            [
              6.0667845,
              45.8519845
            ],
            [
              6.0667731,
              45.8516206
            ],
            [
              6.0667594,
              45.8512206
            ],
            [
              6.0666827,
              45.8508785
            ],
            [
              6.0665748,
              45.8504621
            ],
            [
              6.0664346,
              45.8501592
            ],
            [
              6.0663948,
              45.8497706
            ],
            [
              6.0664383,
              45.8494327
            ],
            [
              6.0665838,
              45.849204
            ],
            [
              6.0669184,
              45.8488481
            ],
            [
              6.0672735,
              45.8485773
            ],
            [
              6.0671946,
              45.8483392
            ],
            [
              6.0671234,
              45.8481243
            ],
            [
              6.0668807,
              45.8477041
            ],
            [
              6.0666727,
              45.847776
            ],
            [
              6.0664791,
              45.8478567
            ],
            [
              6.0661207,
              45.8480832
            ],
            [
              6.0657346,
              45.8484871
            ],
            [
              6.065446,
              45.8487578
            ],
            [
              6.0652157,
              45.8492772
            ],
            [
              6.0652604,
              45.8495461
            ],
            [
              6.0652687,
              45.8500587
            ],
            [
              6.0653354,
              45.8504569
            ],
            [
              6.0654491,
              45.8511517
            ],
            [
              6.0654966,
              45.8514575
            ],
            [
              6.0653507,
              45.8518731
            ],
            [
              6.0653934,
              45.8519191
            ]
          ]
        ]
      }
    },
    {
      "type": "Feature",
      "properties": {
        "fid": 70,
        "id": 480511475,
        "description": null,
        "layer": null,
        "name:es": null,
        "tourism": null,
        "note": null,
        "wetland": null,
        "name:nl": null,
        "amenity": null,
        "ele": null,
        "golf": null,
        "swimming": null,
        "boat": null,
        "landuse": null,
        "wheelchair": null,
        "artist_name": null,
        "intermittent": null,
        "type": null,
        "basin": null,
        "wikimedia_commons": null,
        "toilets:wheelchair": null,
        "wikidata": null,
        "source": null,
        "drinking_water": null,
        "level": null,
        "fountain": null,
        "tidal": null,
        "salt": null,
        "artwork_type": null,
        "name:en": null,
        "wikipedia": null,
        "water": null,
        "name": "Marais de Mathonex",
        "natural": "wetland",
        "name:de": null,
        "name:it": null,
        "surface": null,
        "website": null
      },
      "geometry": {
        "type": "Polygon",
        "coordinates": [
          [
            [
              6.0652362,
              45.8519512
            ],
            [
              6.0652363,
              45.8519523
            ],
            [
              6.0651155,
              45.8521317
            ],
            [
              6.0651471,
              45.8524009
            ],
            [
              6.065396,
              45.8525423
            ],
            [
              6.0655906,
              45.8526474
            ],
            [
              6.0657212,
              45.8528112
            ],
            [
              6.0657222,
              45.8530165
            ],
            [
              6.0658919,
              45.8531688
            ],
            [
              6.0662026,
              45.8534195
            ],
            [
              6.0664068,
              45.8536821
            ],
            [
              6.0664453,
              45.8538583
            ],
            [
              6.0666417,
              45.8535999
            ],
            [
              6.0665359,
              45.8532135
            ],
            [
              6.0663897,
              45.8528448
            ],
            [
              6.0663765,
              45.8524541
            ],
            [
              6.066134,
              45.8523615
            ],
            [
              6.0660931,
              45.8521941
            ],
            [
              6.0657966,
              45.8521565
            ],
            [
              6.0655939,
              45.8521075
            ],
            [
              6.0653605,
              45.8520234
            ],
            [
              6.0652362,
              45.8519512
            ]
          ]
        ]
      }
    },
    {
      "type": "Feature",
      "properties": {
        "fid": 71,
        "id": 480517515,
        "description": null,
        "layer": null,
        "name:es": null,
        "tourism": null,
        "note": null,
        "wetland": null,
        "name:nl": null,
        "amenity": null,
        "ele": null,
        "golf": null,
        "swimming": null,
        "boat": null,
        "landuse": null,
        "wheelchair": null,
        "artist_name": null,
        "intermittent": null,
        "type": null,
        "basin": null,
        "wikimedia_commons": null,
        "toilets:wheelchair": null,
        "wikidata": null,
        "source": null,
        "drinking_water": null,
        "level": null,
        "fountain": null,
        "tidal": null,
        "salt": null,
        "artwork_type": null,
        "name:en": null,
        "wikipedia": null,
        "water": null,
        "name": null,
        "natural": "water",
        "name:de": null,
        "name:it": null,
        "surface": null,
        "website": null
      },
      "geometry": {
        "type": "Polygon",
        "coordinates": [
          [
            [
              6.0750201,
              45.864361
            ],
            [
              6.0749643,
              45.8643548
            ],
            [
              6.0749269,
              45.8643345
            ],
            [
              6.0749138,
              45.8643023
            ],
            [
              6.074904,
              45.8642182
            ],
            [
              6.0748897,
              45.8641271
            ],
            [
              6.0748922,
              45.8640972
            ],
            [
              6.0749621,
              45.8640753
            ],
            [
              6.0750616,
              45.8640742
            ],
            [
              6.0751942,
              45.8640729
            ],
            [
              6.075249,
              45.864078
            ],
            [
              6.0752742,
              45.8641314
            ],
            [
              6.0752913,
              45.8642565
            ],
            [
              6.0752719,
              45.8643123
            ],
            [
              6.0752606,
              45.8643395
            ],
            [
              6.0752211,
              45.86436
            ],
            [
              6.0751059,
              45.8643623
            ],
            [
              6.0750201,
              45.864361
            ]
          ]
        ]
      }
    },
    {
      "type": "Feature",
      "properties": {
        "fid": 72,
        "id": 480517519,
        "description": null,
        "layer": null,
        "name:es": null,
        "tourism": null,
        "note": null,
        "wetland": null,
        "name:nl": null,
        "amenity": null,
        "ele": null,
        "golf": null,
        "swimming": null,
        "boat": null,
        "landuse": "forest",
        "wheelchair": null,
        "artist_name": null,
        "intermittent": null,
        "type": null,
        "basin": null,
        "wikimedia_commons": null,
        "toilets:wheelchair": null,
        "wikidata": null,
        "source": null,
        "drinking_water": null,
        "level": null,
        "fountain": null,
        "tidal": null,
        "salt": null,
        "artwork_type": null,
        "name:en": null,
        "wikipedia": null,
        "water": null,
        "name": null,
        "natural": "wetland",
        "name:de": null,
        "name:it": null,
        "surface": null,
        "website": null
      },
      "geometry": {
        "type": "Polygon",
        "coordinates": [
          [
            [
              6.0688915,
              45.8779969
            ],
            [
              6.0686343,
              45.8782158
            ],
            [
              6.0681788,
              45.878682
            ],
            [
              6.0680683,
              45.8787558
            ],
            [
              6.0676803,
              45.8787387
            ],
            [
              6.0673638,
              45.8789298
            ],
            [
              6.0674323,
              45.8791293
            ],
            [
              6.0667635,
              45.8799445
            ],
            [
              6.0667426,
              45.8801026
            ],
            [
              6.0670134,
              45.880124
            ],
            [
              6.0669196,
              45.8805656
            ],
            [
              6.0667054,
              45.8809036
            ],
            [
              6.0668429,
              45.8813308
            ],
            [
              6.0669507,
              45.8809177
            ],
            [
              6.0672432,
              45.8802969
            ],
            [
              6.0674967,
              45.8800367
            ],
            [
              6.0676487,
              45.8799719
            ],
            [
              6.0677048,
              45.8799503
            ],
            [
              6.0679168,
              45.8798928
            ],
            [
              6.068144,
              45.8798657
            ],
            [
              6.0684079,
              45.8799467
            ],
            [
              6.0687923,
              45.8798994
            ],
            [
              6.0689551,
              45.8793476
            ],
            [
              6.0690879,
              45.8789726
            ],
            [
              6.0692044,
              45.8787986
            ],
            [
              6.0693748,
              45.8785422
            ],
            [
              6.0694813,
              45.8784395
            ],
            [
              6.0696745,
              45.8783216
            ],
            [
              6.0700808,
              45.8783887
            ],
            [
              6.0706012,
              45.8784622
            ],
            [
              6.0708796,
              45.8785325
            ],
            [
              6.0712884,
              45.8786386
            ],
            [
              6.0718486,
              45.8786405
            ],
            [
              6.0721774,
              45.8786297
            ],
            [
              6.0722875,
              45.8785559
            ],
            [
              6.0721897,
              45.8783992
            ],
            [
              6.0720804,
              45.8782717
            ],
            [
              6.0718741,
              45.8781887
            ],
            [
              6.0716634,
              45.8780462
            ],
            [
              6.0712934,
              45.8778882
            ],
            [
              6.0708394,
              45.8779435
            ],
            [
              6.0706373,
              45.8779285
            ],
            [
              6.0705881,
              45.8778311
            ],
            [
              6.0704396,
              45.8777556
            ],
            [
              6.0701765,
              45.8776914
            ],
            [
              6.0698645,
              45.8777473
            ],
            [
              6.0693097,
              45.8778034
            ],
            [
              6.0688915,
              45.8779969
            ]
          ]
        ]
      }
    },
    {
      "type": "Feature",
      "properties": {
        "fid": 73,
        "id": 480517520,
        "description": null,
        "layer": null,
        "name:es": null,
        "tourism": null,
        "note": null,
        "wetland": "marsh",
        "name:nl": null,
        "amenity": null,
        "ele": null,
        "golf": null,
        "swimming": null,
        "boat": null,
        "landuse": null,
        "wheelchair": null,
        "artist_name": null,
        "intermittent": null,
        "type": null,
        "basin": null,
        "wikimedia_commons": null,
        "toilets:wheelchair": null,
        "wikidata": null,
        "source": null,
        "drinking_water": null,
        "level": null,
        "fountain": null,
        "tidal": null,
        "salt": null,
        "artwork_type": null,
        "name:en": null,
        "wikipedia": null,
        "water": null,
        "name": null,
        "natural": "wetland",
        "name:de": null,
        "name:it": null,
        "surface": null,
        "website": null
      },
      "geometry": {
        "type": "Polygon",
        "coordinates": [
          [
            [
              6.0638819,
              45.8775882
            ],
            [
              6.0639676,
              45.8776122
            ],
            [
              6.0640724,
              45.8776314
            ],
            [
              6.0641442,
              45.8776424
            ],
            [
              6.0641994,
              45.8776541
            ],
            [
              6.0642902,
              45.8776851
            ],
            [
              6.0643749,
              45.8776905
            ],
            [
              6.0644146,
              45.8776882
            ],
            [
              6.0644892,
              45.8776795
            ],
            [
              6.0645539,
              45.8776939
            ],
            [
              6.0646984,
              45.8776891
            ],
            [
              6.0647825,
              45.8776904
            ],
            [
              6.0648589,
              45.8777013
            ],
            [
              6.0650081,
              45.8777036
            ],
            [
              6.0652151,
              45.8776823
            ],
            [
              6.0653785,
              45.8776768
            ],
            [
              6.0654958,
              45.877642
            ],
            [
              6.0656418,
              45.8775949
            ],
            [
              6.0658207,
              45.8775528
            ],
            [
              6.0660336,
              45.8775128
            ],
            [
              6.0662231,
              45.8775167
            ],
            [
              6.0662774,
              45.8775119
            ],
            [
              6.066369,
              45.8774881
            ],
            [
              6.0664572,
              45.8774584
            ],
            [
              6.0665326,
              45.8773961
            ],
            [
              6.0666037,
              45.8773586
            ],
            [
              6.0666151,
              45.8773067
            ],
            [
              6.0666787,
              45.877287
            ],
            [
              6.0666163,
              45.8772374
            ],
            [
              6.0666414,
              45.8771738
            ],
            [
              6.0666624,
              45.8771132
            ],
            [
              6.0667538,
              45.8770658
            ],
            [
              6.0667956,
              45.8770293
            ],
            [
              6.0667932,
              45.8769943
            ],
            [
              6.0667357,
              45.8770179
            ],
            [
              6.0666428,
              45.8770386
            ],
            [
              6.0665659,
              45.8770204
            ],
            [
              6.0663748,
              45.8769876
            ],
            [
              6.066245,
              45.8769712
            ],
            [
              6.0661765,
              45.8769478
            ],
            [
              6.0661073,
              45.8769241
            ],
            [
              6.0659709,
              45.8768936
            ],
            [
              6.0658792,
              45.876845
            ],
            [
              6.0658123,
              45.8768886
            ],
            [
              6.0656257,
              45.8768596
            ],
            [
              6.0655348,
              45.8768256
            ],
            [
              6.0654486,
              45.876814
            ],
            [
              6.0652831,
              45.8767947
            ],
            [
              6.0651739,
              45.8767952
            ],
            [
              6.0650093,
              45.8767862
            ],
            [
              6.0649059,
              45.8767845
            ],
            [
              6.0647202,
              45.8767721
            ],
            [
              6.0646,
              45.8767616
            ],
            [
              6.0644971,
              45.8767691
            ],
            [
              6.0643887,
              45.876783
            ],
            [
              6.0642747,
              45.8768003
            ],
            [
              6.0642504,
              45.8767247
            ],
            [
              6.0642533,
              45.8767081
            ],
            [
              6.0642086,
              45.8766983
            ],
            [
              6.0640885,
              45.876696
            ],
            [
              6.063985,
              45.8766922
            ],
            [
              6.0639359,
              45.8767073
            ],
            [
              6.063897,
              45.876726
            ],
            [
              6.0638967,
              45.8767817
            ],
            [
              6.063904,
              45.8768931
            ],
            [
              6.0638974,
              45.8769489
            ],
            [
              6.0638741,
              45.8769744
            ],
            [
              6.063773,
              45.8770077
            ],
            [
              6.0637185,
              45.8770096
            ],
            [
              6.0636853,
              45.8770881
            ],
            [
              6.0635582,
              45.8770644
            ],
            [
              6.0635236,
              45.8770129
            ],
            [
              6.0634886,
              45.8769965
            ],
            [
              6.0634436,
              45.8769877
            ],
            [
              6.0634097,
              45.8770106
            ],
            [
              6.0634117,
              45.8771034
            ],
            [
              6.0633824,
              45.8771951
            ],
            [
              6.0633476,
              45.8772726
            ],
            [
              6.0633534,
              45.877355
            ],
            [
              6.0633953,
              45.8773855
            ],
            [
              6.0635278,
              45.8774235
            ],
            [
              6.0636644,
              45.8774767
            ],
            [
              6.0637005,
              45.8774859
            ],
            [
              6.063777,
              45.8775256
            ],
            [
              6.0638819,
              45.8775882
            ]
          ]
        ]
      }
    },
    {
      "type": "Feature",
      "properties": {
        "fid": 74,
        "id": 480517521,
        "description": null,
        "layer": null,
        "name:es": null,
        "tourism": null,
        "note": null,
        "wetland": null,
        "name:nl": null,
        "amenity": null,
        "ele": null,
        "golf": null,
        "swimming": null,
        "boat": null,
        "landuse": null,
        "wheelchair": null,
        "artist_name": null,
        "intermittent": null,
        "type": null,
        "basin": null,
        "wikimedia_commons": null,
        "toilets:wheelchair": null,
        "wikidata": null,
        "source": null,
        "drinking_water": null,
        "level": null,
        "fountain": null,
        "tidal": null,
        "salt": null,
        "artwork_type": null,
        "name:en": null,
        "wikipedia": null,
        "water": null,
        "name": "Marais de Château Vieux",
        "natural": "wetland",
        "name:de": null,
        "name:it": null,
        "surface": null,
        "website": null
      },
      "geometry": {
        "type": "Polygon",
        "coordinates": [
          [
            [
              6.0849983,
              45.8659357
            ],
            [
              6.0847766,
              45.8660185
            ],
            [
              6.0846645,
              45.8661326
            ],
            [
              6.0843679,
              45.8658731
            ],
            [
              6.0834156,
              45.8665941
            ],
            [
              6.0831202,
              45.8673315
            ],
            [
              6.0832857,
              45.867614
            ],
            [
              6.0834164,
              45.8679728
            ],
            [
              6.083519,
              45.8683047
            ],
            [
              6.0835919,
              45.8685913
            ],
            [
              6.0837815,
              45.8688181
            ],
            [
              6.0837679,
              45.8690043
            ],
            [
              6.0837228,
              45.8691461
            ],
            [
              6.0827145,
              45.869608
            ],
            [
              6.0823007,
              45.8697993
            ],
            [
              6.0822562,
              45.8699309
            ],
            [
              6.0828132,
              45.8698854
            ],
            [
              6.0833247,
              45.8697652
            ],
            [
              6.0837449,
              45.8694725
            ],
            [
              6.0842024,
              45.8691209
            ],
            [
              6.0847909,
              45.8673955
            ],
            [
              6.084998,
              45.8670996
            ],
            [
              6.0853195,
              45.8667443
            ],
            [
              6.0852215,
              45.8666733
            ],
            [
              6.0851355,
              45.8665833
            ],
            [
              6.0850548,
              45.8663714
            ],
            [
              6.085013,
              45.8661499
            ],
            [
              6.0849983,
              45.8659357
            ]
          ]
        ]
      }
    },
    {
      "type": "Feature",
      "properties": {
        "fid": 75,
        "id": 480517522,
        "description": null,
        "layer": null,
        "name:es": null,
        "tourism": null,
        "note": null,
        "wetland": null,
        "name:nl": null,
        "amenity": null,
        "ele": null,
        "golf": null,
        "swimming": null,
        "boat": null,
        "landuse": null,
        "wheelchair": null,
        "artist_name": null,
        "intermittent": null,
        "type": null,
        "basin": null,
        "wikimedia_commons": null,
        "toilets:wheelchair": null,
        "wikidata": null,
        "source": null,
        "drinking_water": null,
        "level": null,
        "fountain": null,
        "tidal": null,
        "salt": null,
        "artwork_type": null,
        "name:en": null,
        "wikipedia": null,
        "water": null,
        "name": "Marais de Château Vieux",
        "natural": "wetland",
        "name:de": null,
        "name:it": null,
        "surface": null,
        "website": null
      },
      "geometry": {
        "type": "Polygon",
        "coordinates": [
          [
            [
              6.0854752,
              45.8666648
            ],
            [
              6.0867358,
              45.8667631
            ],
            [
              6.0871833,
              45.8670836
            ],
            [
              6.0877076,
              45.8673457
            ],
            [
              6.0880363,
              45.8674647
            ],
            [
              6.0882739,
              45.8672237
            ],
            [
              6.0877293,
              45.8670561
            ],
            [
              6.0872424,
              45.8667648
            ],
            [
              6.0870431,
              45.866399
            ],
            [
              6.0852243,
              45.8657424
            ],
            [
              6.0851851,
              45.8659481
            ],
            [
              6.085205,
              45.8660403
            ],
            [
              6.085243,
              45.8662071
            ],
            [
              6.0852455,
              45.8664393
            ],
            [
              6.0854752,
              45.8666648
            ]
          ]
        ]
      }
    },
    {
      "type": "Feature",
      "properties": {
        "fid": 76,
        "id": 480517523,
        "description": null,
        "layer": null,
        "name:es": null,
        "tourism": null,
        "note": null,
        "wetland": null,
        "name:nl": null,
        "amenity": null,
        "ele": null,
        "golf": null,
        "swimming": null,
        "boat": null,
        "landuse": null,
        "wheelchair": null,
        "artist_name": null,
        "intermittent": null,
        "type": null,
        "basin": null,
        "wikimedia_commons": null,
        "toilets:wheelchair": null,
        "wikidata": null,
        "source": null,
        "drinking_water": null,
        "level": null,
        "fountain": null,
        "tidal": null,
        "salt": null,
        "artwork_type": null,
        "name:en": null,
        "wikipedia": null,
        "water": null,
        "name": null,
        "natural": "wetland",
        "name:de": null,
        "name:it": null,
        "surface": null,
        "website": null
      },
      "geometry": {
        "type": "Polygon",
        "coordinates": [
          [
            [
              6.0700331,
              45.8650201
            ],
            [
              6.0699081,
              45.865058
            ],
            [
              6.0701262,
              45.8653119
            ],
            [
              6.0704432,
              45.865674
            ],
            [
              6.0708544,
              45.8660328
            ],
            [
              6.0712049,
              45.8662729
            ],
            [
              6.0715859,
              45.8663821
            ],
            [
              6.0721469,
              45.8664006
            ],
            [
              6.0725973,
              45.8665527
            ],
            [
              6.0722967,
              45.8662553
            ],
            [
              6.0718892,
              45.8659345
            ],
            [
              6.0716424,
              45.8656527
            ],
            [
              6.0715559,
              45.8653573
            ],
            [
              6.0713598,
              45.8652025
            ],
            [
              6.0711399,
              45.8649842
            ],
            [
              6.070779,
              45.8648046
            ],
            [
              6.0706376,
              45.8646191
            ],
            [
              6.0706371,
              45.8645475
            ],
            [
              6.0704409,
              45.8645325
            ],
            [
              6.0702692,
              45.8646683
            ],
            [
              6.0701478,
              45.8648736
            ],
            [
              6.0700331,
              45.8650201
            ]
          ]
        ]
      }
    },
    {
      "type": "Feature",
      "properties": {
        "fid": 77,
        "id": 480517524,
        "description": null,
        "layer": null,
        "name:es": null,
        "tourism": null,
        "note": null,
        "wetland": null,
        "name:nl": null,
        "amenity": null,
        "ele": null,
        "golf": null,
        "swimming": null,
        "boat": null,
        "landuse": null,
        "wheelchair": null,
        "artist_name": null,
        "intermittent": null,
        "type": null,
        "basin": null,
        "wikimedia_commons": null,
        "toilets:wheelchair": null,
        "wikidata": null,
        "source": null,
        "drinking_water": null,
        "level": null,
        "fountain": null,
        "tidal": null,
        "salt": null,
        "artwork_type": null,
        "name:en": null,
        "wikipedia": null,
        "water": null,
        "name": "Marais du Treige",
        "natural": "wetland",
        "name:de": null,
        "name:it": null,
        "surface": null,
        "website": null
      },
      "geometry": {
        "type": "Polygon",
        "coordinates": [
          [
            [
              6.0669986,
              45.8604694
            ],
            [
              6.0668458,
              45.8604068
            ],
            [
              6.0667833,
              45.8603336
            ],
            [
              6.0666684,
              45.8602713
            ],
            [
              6.0666389,
              45.8602063
            ],
            [
              6.0665672,
              45.8602407
            ],
            [
              6.0664919,
              45.8602844
            ],
            [
              6.0663683,
              45.8603308
            ],
            [
              6.0662605,
              45.8603746
            ],
            [
              6.0663301,
              45.8604435
            ],
            [
              6.0664793,
              45.8605314
            ],
            [
              6.0665649,
              45.860637
            ],
            [
              6.0664703,
              45.8606401
            ],
            [
              6.0664467,
              45.8606408
            ],
            [
              6.0664099,
              45.860639
            ],
            [
              6.0663606,
              45.860652
            ],
            [
              6.066352,
              45.8605935
            ],
            [
              6.0663155,
              45.8605359
            ],
            [
              6.0662406,
              45.8605187
            ],
            [
              6.0662008,
              45.8605397
            ],
            [
              6.06614,
              45.8605593
            ],
            [
              6.0660895,
              45.8605981
            ],
            [
              6.066029,
              45.8607009
            ],
            [
              6.0661188,
              45.8607682
            ],
            [
              6.0663414,
              45.8609915
            ],
            [
              6.0668958,
              45.8615073
            ],
            [
              6.0669841,
              45.8614816
            ],
            [
              6.0669888,
              45.8614196
            ],
            [
              6.0669505,
              45.8613992
            ],
            [
              6.0668826,
              45.8613818
            ],
            [
              6.0668391,
              45.8613512
            ],
            [
              6.0669116,
              45.8613045
            ],
            [
              6.0669648,
              45.8612656
            ],
            [
              6.0669773,
              45.8612549
            ],
            [
              6.0670411,
              45.8612331
            ],
            [
              6.0670853,
              45.8612141
            ],
            [
              6.0671615,
              45.8611785
            ],
            [
              6.067204,
              45.8611565
            ],
            [
              6.0672795,
              45.8611158
            ],
            [
              6.0673122,
              45.8610487
            ],
            [
              6.067309,
              45.8610065
            ],
            [
              6.067294,
              45.8609585
            ],
            [
              6.0672669,
              45.8609304
            ],
            [
              6.0672215,
              45.8609145
            ],
            [
              6.0672619,
              45.8608553
            ],
            [
              6.0673064,
              45.8608333
            ],
            [
              6.0672956,
              45.8608057
            ],
            [
              6.0672722,
              45.8607683
            ],
            [
              6.0672535,
              45.8607318
            ],
            [
              6.0672203,
              45.8606565
            ],
            [
              6.0672091,
              45.8606218
            ],
            [
              6.0671629,
              45.8605914
            ],
            [
              6.0671029,
              45.8605562
            ],
            [
              6.067052,
              45.8605238
            ],
            [
              6.0669986,
              45.8604694
            ]
          ]
        ]
      }
    },
    {
      "type": "Feature",
      "properties": {
        "fid": 78,
        "id": 492113106,
        "description": null,
        "layer": null,
        "name:es": null,
        "tourism": null,
        "note": null,
        "wetland": null,
        "name:nl": null,
        "amenity": "fountain",
        "ele": null,
        "golf": null,
        "swimming": null,
        "boat": null,
        "landuse": null,
        "wheelchair": null,
        "artist_name": null,
        "intermittent": null,
        "type": null,
        "basin": null,
        "wikimedia_commons": null,
        "toilets:wheelchair": null,
        "wikidata": null,
        "source": null,
        "drinking_water": null,
        "level": null,
        "fountain": null,
        "tidal": null,
        "salt": null,
        "artwork_type": null,
        "name:en": null,
        "wikipedia": null,
        "water": null,
        "name": null,
        "natural": null,
        "name:de": null,
        "name:it": null,
        "surface": null,
        "website": null
      },
      "geometry": {
        "type": "Polygon",
        "coordinates": [
          [
            [
              6.1217612,
              45.9005884
            ],
            [
              6.1218202,
              45.9006014
            ],
            [
              6.1218397,
              45.900559
            ],
            [
              6.1217806,
              45.9005455
            ],
            [
              6.1217612,
              45.9005884
            ]
          ]
        ]
      }
    },
    {
      "type": "Feature",
      "properties": {
        "fid": 79,
        "id": 492113107,
        "description": null,
        "layer": null,
        "name:es": null,
        "tourism": null,
        "note": null,
        "wetland": null,
        "name:nl": null,
        "amenity": "fountain",
        "ele": null,
        "golf": null,
        "swimming": null,
        "boat": null,
        "landuse": null,
        "wheelchair": null,
        "artist_name": null,
        "intermittent": null,
        "type": null,
        "basin": null,
        "wikimedia_commons": null,
        "toilets:wheelchair": null,
        "wikidata": null,
        "source": null,
        "drinking_water": null,
        "level": null,
        "fountain": null,
        "tidal": null,
        "salt": null,
        "artwork_type": null,
        "name:en": null,
        "wikipedia": null,
        "water": null,
        "name": null,
        "natural": null,
        "name:de": null,
        "name:it": null,
        "surface": null,
        "website": null
      },
      "geometry": {
        "type": "Polygon",
        "coordinates": [
          [
            [
              6.1216888,
              45.9007979
            ],
            [
              6.1217123,
              45.9008026
            ],
            [
              6.121786,
              45.900636
            ],
            [
              6.1217639,
              45.9006308
            ],
            [
              6.1216888,
              45.9007979
            ]
          ]
        ]
      }
    },
    {
      "type": "Feature",
      "properties": {
        "fid": 80,
        "id": 528882865,
        "description": null,
        "layer": null,
        "name:es": null,
        "tourism": null,
        "note": null,
        "wetland": null,
        "name:nl": null,
        "amenity": null,
        "ele": null,
        "golf": null,
        "swimming": null,
        "boat": null,
        "landuse": null,
        "wheelchair": null,
        "artist_name": null,
        "intermittent": null,
        "type": null,
        "basin": null,
        "wikimedia_commons": null,
        "toilets:wheelchair": null,
        "wikidata": null,
        "source": null,
        "drinking_water": null,
        "level": null,
        "fountain": null,
        "tidal": null,
        "salt": null,
        "artwork_type": null,
        "name:en": null,
        "wikipedia": null,
        "water": "pond",
        "name": null,
        "natural": "water",
        "name:de": null,
        "name:it": null,
        "surface": null,
        "website": null
      },
      "geometry": {
        "type": "Polygon",
        "coordinates": [
          [
            [
              6.115922,
              45.9336013
            ],
            [
              6.1159556,
              45.9336153
            ],
            [
              6.1159851,
              45.9336209
            ],
            [
              6.1160025,
              45.9336191
            ],
            [
              6.1160105,
              45.933606
            ],
            [
              6.1161433,
              45.9325716
            ],
            [
              6.1161326,
              45.9325613
            ],
            [
              6.1161071,
              45.9325632
            ],
            [
              6.116091,
              45.9325884
            ],
            [
              6.1160374,
              45.9326975
            ],
            [
              6.1159435,
              45.9328085
            ],
            [
              6.1159489,
              45.9328412
            ],
            [
              6.1159234,
              45.9328925
            ],
            [
              6.1158483,
              45.9329466
            ],
            [
              6.1157812,
              45.9330025
            ],
            [
              6.115745,
              45.9330613
            ],
            [
              6.1157316,
              45.9331359
            ],
            [
              6.1157356,
              45.9332506
            ],
            [
              6.1157611,
              45.9333374
            ],
            [
              6.1157826,
              45.9334036
            ],
            [
              6.1157691,
              45.933439
            ],
            [
              6.1157571,
              45.9334577
            ],
            [
              6.1157665,
              45.9334857
            ],
            [
              6.1158147,
              45.9335053
            ],
            [
              6.1158496,
              45.9335463
            ],
            [
              6.115922,
              45.9336013
            ]
          ]
        ]
      }
    },
    {
      "type": "Feature",
      "properties": {
        "fid": 81,
        "id": 528882878,
        "description": null,
        "layer": null,
        "name:es": null,
        "tourism": null,
        "note": null,
        "wetland": null,
        "name:nl": null,
        "amenity": null,
        "ele": null,
        "golf": null,
        "swimming": null,
        "boat": null,
        "landuse": null,
        "wheelchair": null,
        "artist_name": null,
        "intermittent": null,
        "type": null,
        "basin": "retention",
        "wikimedia_commons": null,
        "toilets:wheelchair": null,
        "wikidata": null,
        "source": null,
        "drinking_water": null,
        "level": null,
        "fountain": null,
        "tidal": null,
        "salt": null,
        "artwork_type": null,
        "name:en": null,
        "wikipedia": null,
        "water": "basin",
        "name": null,
        "natural": "water",
        "name:de": null,
        "name:it": null,
        "surface": null,
        "website": null
      },
      "geometry": {
        "type": "Polygon",
        "coordinates": [
          [
            [
              6.1050276,
              45.9220437
            ],
            [
              6.1049572,
              45.9217288
            ],
            [
              6.1048016,
              45.9217461
            ],
            [
              6.1048707,
              45.92206
            ],
            [
              6.1050276,
              45.9220437
            ]
          ]
        ]
      }
    },
    {
      "type": "Feature",
      "properties": {
        "fid": 82,
        "id": 529090223,
        "description": null,
        "layer": null,
        "name:es": null,
        "tourism": null,
        "note": null,
        "wetland": null,
        "name:nl": null,
        "amenity": null,
        "ele": null,
        "golf": null,
        "swimming": null,
        "boat": null,
        "landuse": null,
        "wheelchair": null,
        "artist_name": null,
        "intermittent": null,
        "type": null,
        "basin": "retention",
        "wikimedia_commons": null,
        "toilets:wheelchair": null,
        "wikidata": null,
        "source": null,
        "drinking_water": null,
        "level": null,
        "fountain": null,
        "tidal": null,
        "salt": null,
        "artwork_type": null,
        "name:en": null,
        "wikipedia": null,
        "water": "basin",
        "name": null,
        "natural": "water",
        "name:de": null,
        "name:it": null,
        "surface": null,
        "website": null
      },
      "geometry": {
        "type": "Polygon",
        "coordinates": [
          [
            [
              6.1205193,
              45.9284133
            ],
            [
              6.1205529,
              45.9284021
            ],
            [
              6.1205716,
              45.9283816
            ],
            [
              6.1205824,
              45.9283545
            ],
            [
              6.1205851,
              45.9283079
            ],
            [
              6.1205234,
              45.9281847
            ],
            [
              6.1205153,
              45.92814
            ],
            [
              6.1205234,
              45.9280607
            ],
            [
              6.1205126,
              45.9280234
            ],
            [
              6.1204791,
              45.9279954
            ],
            [
              6.1204281,
              45.9279832
            ],
            [
              6.1203691,
              45.928001
            ],
            [
              6.1203061,
              45.9280448
            ],
            [
              6.1202712,
              45.9280905
            ],
            [
              6.1202578,
              45.9281446
            ],
            [
              6.1202753,
              45.9282183
            ],
            [
              6.1203396,
              45.9283107
            ],
            [
              6.1204107,
              45.9283816
            ],
            [
              6.120463,
              45.9284086
            ],
            [
              6.1205193,
              45.9284133
            ]
          ]
        ]
      }
    },
    {
      "type": "Feature",
      "properties": {
        "fid": 83,
        "id": 529090224,
        "description": null,
        "layer": null,
        "name:es": null,
        "tourism": null,
        "note": null,
        "wetland": null,
        "name:nl": null,
        "amenity": null,
        "ele": null,
        "golf": null,
        "swimming": null,
        "boat": null,
        "landuse": null,
        "wheelchair": null,
        "artist_name": null,
        "intermittent": null,
        "type": null,
        "basin": "retention",
        "wikimedia_commons": null,
        "toilets:wheelchair": null,
        "wikidata": null,
        "source": null,
        "drinking_water": null,
        "level": null,
        "fountain": null,
        "tidal": null,
        "salt": null,
        "artwork_type": null,
        "name:en": null,
        "wikipedia": null,
        "water": "basin",
        "name": null,
        "natural": "water",
        "name:de": null,
        "name:it": null,
        "surface": null,
        "website": null
      },
      "geometry": {
        "type": "Polygon",
        "coordinates": [
          [
            [
              6.1310041,
              45.9351217
            ],
            [
              6.1311235,
              45.9350797
            ],
            [
              6.1312897,
              45.9350293
            ],
            [
              6.1313984,
              45.9350004
            ],
            [
              6.1315526,
              45.9349827
            ],
            [
              6.1316478,
              45.9349659
            ],
            [
              6.131684,
              45.9349519
            ],
            [
              6.1317042,
              45.9349249
            ],
            [
              6.1317095,
              45.9348932
            ],
            [
              6.1317001,
              45.9348605
            ],
            [
              6.1315607,
              45.9346954
            ],
            [
              6.1315258,
              45.9346814
            ],
            [
              6.1314695,
              45.934688
            ],
            [
              6.1313823,
              45.9347365
            ],
            [
              6.1313045,
              45.9347467
            ],
            [
              6.1312602,
              45.9347271
            ],
            [
              6.1311905,
              45.9347523
            ],
            [
              6.1310872,
              45.9348297
            ],
            [
              6.1310121,
              45.9348922
            ],
            [
              6.1309491,
              45.9349734
            ],
            [
              6.1309022,
              45.9350275
            ],
            [
              6.1308901,
              45.9350648
            ],
            [
              6.1309035,
              45.9351002
            ],
            [
              6.1309384,
              45.9351226
            ],
            [
              6.1309732,
              45.9351301
            ],
            [
              6.1310041,
              45.9351217
            ]
          ]
        ]
      }
    },
    {
      "type": "Feature",
      "properties": {
        "fid": 84,
        "id": 529090226,
        "description": null,
        "layer": null,
        "name:es": null,
        "tourism": null,
        "note": null,
        "wetland": null,
        "name:nl": null,
        "amenity": null,
        "ele": null,
        "golf": null,
        "swimming": null,
        "boat": null,
        "landuse": "basin",
        "wheelchair": null,
        "artist_name": null,
        "intermittent": null,
        "type": null,
        "basin": "retention",
        "wikimedia_commons": null,
        "toilets:wheelchair": null,
        "wikidata": null,
        "source": null,
        "drinking_water": null,
        "level": null,
        "fountain": null,
        "tidal": null,
        "salt": null,
        "artwork_type": null,
        "name:en": null,
        "wikipedia": null,
        "water": null,
        "name": null,
        "natural": null,
        "name:de": null,
        "name:it": null,
        "surface": null,
        "website": null
      },
      "geometry": {
        "type": "Polygon",
        "coordinates": [
          [
            [
              6.1197442,
              45.9305195
            ],
            [
              6.1197442,
              45.9305512
            ],
            [
              6.1197643,
              45.9305783
            ],
            [
              6.1198233,
              45.9305951
            ],
            [
              6.1199145,
              45.9305997
            ],
            [
              6.1200486,
              45.9305969
            ],
            [
              6.1201197,
              45.9305811
            ],
            [
              6.1201398,
              45.9305559
            ],
            [
              6.1200634,
              45.9302779
            ],
            [
              6.1200432,
              45.930263
            ],
            [
              6.119999,
              45.9302723
            ],
            [
              6.1199333,
              45.9303031
            ],
            [
              6.1198474,
              45.9303777
            ],
            [
              6.119779,
              45.930457
            ],
            [
              6.1197442,
              45.9305195
            ]
          ]
        ]
      }
    },
    {
      "type": "Feature",
      "properties": {
        "fid": 85,
        "id": 578642975,
        "description": null,
        "layer": null,
        "name:es": null,
        "tourism": null,
        "note": null,
        "wetland": null,
        "name:nl": null,
        "amenity": null,
        "ele": null,
        "golf": null,
        "swimming": null,
        "boat": null,
        "landuse": null,
        "wheelchair": null,
        "artist_name": null,
        "intermittent": null,
        "type": null,
        "basin": null,
        "wikimedia_commons": null,
        "toilets:wheelchair": null,
        "wikidata": null,
        "source": null,
        "drinking_water": null,
        "level": null,
        "fountain": null,
        "tidal": null,
        "salt": null,
        "artwork_type": null,
        "name:en": null,
        "wikipedia": null,
        "water": "pond",
        "name": null,
        "natural": "water",
        "name:de": null,
        "name:it": null,
        "surface": null,
        "website": null
      },
      "geometry": {
        "type": "Polygon",
        "coordinates": [
          [
            [
              6.0652551,
              45.9253358
            ],
            [
              6.0651478,
              45.9253172
            ],
            [
              6.0651076,
              45.9252929
            ],
            [
              6.0651022,
              45.9252556
            ],
            [
              6.0651639,
              45.9251586
            ],
            [
              6.0652953,
              45.925097
            ],
            [
              6.0653973,
              45.9250746
            ],
            [
              6.0655582,
              45.9250896
            ],
            [
              6.0656574,
              45.9250616
            ],
            [
              6.0657862,
              45.9249925
            ],
            [
              6.0661751,
              45.924875
            ],
            [
              6.0662824,
              45.9248862
            ],
            [
              6.0663789,
              45.9249272
            ],
            [
              6.0664836,
              45.9250187
            ],
            [
              6.0665077,
              45.9250952
            ],
            [
              6.0664889,
              45.9251717
            ],
            [
              6.0662422,
              45.9252649
            ],
            [
              6.0661751,
              45.9253284
            ],
            [
              6.0660598,
              45.9255019
            ],
            [
              6.0659632,
              45.9255448
            ],
            [
              6.0659096,
              45.9255504
            ],
            [
              6.0658586,
              45.9255336
            ],
            [
              6.0657647,
              45.9254385
            ],
            [
              6.0656226,
              45.9253843
            ],
            [
              6.0654107,
              45.9253396
            ],
            [
              6.0652551,
              45.9253358
            ]
          ]
        ]
      }
    },
    {
      "type": "Feature",
      "properties": {
        "fid": 86,
        "id": 581914206,
        "description": null,
        "layer": null,
        "name:es": null,
        "tourism": null,
        "note": null,
        "wetland": null,
        "name:nl": null,
        "amenity": null,
        "ele": null,
        "golf": null,
        "swimming": null,
        "boat": null,
        "landuse": null,
        "wheelchair": null,
        "artist_name": null,
        "intermittent": null,
        "type": null,
        "basin": null,
        "wikimedia_commons": null,
        "toilets:wheelchair": null,
        "wikidata": null,
        "source": null,
        "drinking_water": null,
        "level": null,
        "fountain": null,
        "tidal": null,
        "salt": null,
        "artwork_type": null,
        "name:en": null,
        "wikipedia": null,
        "water": "reservoir",
        "name": null,
        "natural": "water",
        "name:de": null,
        "name:it": null,
        "surface": null,
        "website": null
      },
      "geometry": {
        "type": "Polygon",
        "coordinates": [
          [
            [
              6.1503965,
              45.9416405
            ],
            [
              6.1504103,
              45.9416598
            ],
            [
              6.1504143,
              45.9416811
            ],
            [
              6.1504083,
              45.9417022
            ],
            [
              6.1503928,
              45.9417208
            ],
            [
              6.1503695,
              45.9417349
            ],
            [
              6.1503408,
              45.941743
            ],
            [
              6.15031,
              45.9417443
            ],
            [
              6.1502798,
              45.9417384
            ],
            [
              6.150254,
              45.941726
            ],
            [
              6.1502355,
              45.9417084
            ],
            [
              6.1502263,
              45.9416876
            ],
            [
              6.1502274,
              45.9416658
            ],
            [
              6.1502387,
              45.9416455
            ],
            [
              6.1502589,
              45.9416289
            ],
            [
              6.1502858,
              45.9416177
            ],
            [
              6.1503161,
              45.9416133
            ],
            [
              6.1503468,
              45.941616
            ],
            [
              6.1503746,
              45.9416254
            ],
            [
              6.1503965,
              45.9416405
            ]
          ]
        ]
      }
    },
    {
      "type": "Feature",
      "properties": {
        "fid": 87,
        "id": 591899559,
        "description": null,
        "layer": null,
        "name:es": null,
        "tourism": null,
        "note": null,
        "wetland": null,
        "name:nl": null,
        "amenity": "fountain",
        "ele": null,
        "golf": null,
        "swimming": null,
        "boat": null,
        "landuse": null,
        "wheelchair": null,
        "artist_name": null,
        "intermittent": null,
        "type": null,
        "basin": null,
        "wikimedia_commons": null,
        "toilets:wheelchair": null,
        "wikidata": null,
        "source": null,
        "drinking_water": null,
        "level": "0",
        "fountain": null,
        "tidal": null,
        "salt": null,
        "artwork_type": null,
        "name:en": null,
        "wikipedia": null,
        "water": "basin",
        "name": null,
        "natural": "water",
        "name:de": null,
        "name:it": null,
        "surface": null,
        "website": null
      },
      "geometry": {
        "type": "Polygon",
        "coordinates": [
          [
            [
              6.1224993,
              45.9018802
            ],
            [
              6.1225042,
              45.9018854
            ],
            [
              6.1225091,
              45.9018946
            ],
            [
              6.12251,
              45.9019076
            ],
            [
              6.1225062,
              45.9019173
            ],
            [
              6.1224942,
              45.9019295
            ],
            [
              6.122471,
              45.9019386
            ],
            [
              6.1224517,
              45.9019397
            ],
            [
              6.1224301,
              45.9019347
            ],
            [
              6.1224168,
              45.9019269
            ],
            [
              6.122409,
              45.9019185
            ],
            [
              6.1224041,
              45.9019045
            ],
            [
              6.1224047,
              45.9018965
            ],
            [
              6.1223909,
              45.901896
            ],
            [
              6.1223764,
              45.9018928
            ],
            [
              6.1223628,
              45.9018861
            ],
            [
              6.122353,
              45.9018772
            ],
            [
              6.1223468,
              45.901864
            ],
            [
              6.122348,
              45.9018498
            ],
            [
              6.1223542,
              45.9018397
            ],
            [
              6.122365,
              45.9018307
            ],
            [
              6.1223815,
              45.901824
            ],
            [
              6.1223979,
              45.9018217
            ],
            [
              6.1224172,
              45.9018236
            ],
            [
              6.1224349,
              45.9018304
            ],
            [
              6.1224416,
              45.9018217
            ],
            [
              6.1224531,
              45.9018141
            ],
            [
              6.1224703,
              45.9018085
            ],
            [
              6.1224824,
              45.9018073
            ],
            [
              6.1224987,
              45.9018087
            ],
            [
              6.1225111,
              45.9018124
            ],
            [
              6.1225242,
              45.90182
            ],
            [
              6.1225346,
              45.9018329
            ],
            [
              6.1225372,
              45.901846
            ],
            [
              6.1225349,
              45.9018553
            ],
            [
              6.1225244,
              45.9018685
            ],
            [
              6.1225103,
              45.9018766
            ],
            [
              6.1224993,
              45.9018802
            ]
          ]
        ]
      }
    },
    {
      "type": "Feature",
      "properties": {
        "fid": 88,
        "id": 606829996,
        "description": null,
        "layer": null,
        "name:es": null,
        "tourism": null,
        "note": null,
        "wetland": null,
        "name:nl": null,
        "amenity": "fountain",
        "ele": null,
        "golf": null,
        "swimming": null,
        "boat": null,
        "landuse": null,
        "wheelchair": null,
        "artist_name": null,
        "intermittent": null,
        "type": null,
        "basin": null,
        "wikimedia_commons": null,
        "toilets:wheelchair": null,
        "wikidata": null,
        "source": null,
        "drinking_water": "no",
        "level": null,
        "fountain": null,
        "tidal": null,
        "salt": null,
        "artwork_type": null,
        "name:en": null,
        "wikipedia": null,
        "water": null,
        "name": null,
        "natural": null,
        "name:de": null,
        "name:it": null,
        "surface": null,
        "website": null
      },
      "geometry": {
        "type": "Polygon",
        "coordinates": [
          [
            [
              6.12715,
              45.9020764
            ],
            [
              6.127177,
              45.9020643
            ],
            [
              6.1272086,
              45.9020603
            ],
            [
              6.12724,
              45.902065
            ],
            [
              6.1272665,
              45.9020777
            ],
            [
              6.1272839,
              45.9020965
            ],
            [
              6.1272896,
              45.9021185
            ],
            [
              6.1272828,
              45.9021404
            ],
            [
              6.1272646,
              45.9021587
            ],
            [
              6.1272376,
              45.9021709
            ],
            [
              6.127206,
              45.9021749
            ],
            [
              6.1271746,
              45.9021702
            ],
            [
              6.1271481,
              45.9021574
            ],
            [
              6.1271307,
              45.9021386
            ],
            [
              6.127125,
              45.9021166
            ],
            [
              6.1271317,
              45.9020948
            ],
            [
              6.12715,
              45.9020764
            ]
          ]
        ]
      }
    },
    {
      "type": "Feature",
      "properties": {
        "fid": 89,
        "id": 614004263,
        "description": null,
        "layer": null,
        "name:es": null,
        "tourism": null,
        "note": null,
        "wetland": null,
        "name:nl": null,
        "amenity": null,
        "ele": null,
        "golf": null,
        "swimming": null,
        "boat": null,
        "landuse": null,
        "wheelchair": null,
        "artist_name": null,
        "intermittent": null,
        "type": null,
        "basin": null,
        "wikimedia_commons": null,
        "toilets:wheelchair": null,
        "wikidata": null,
        "source": null,
        "drinking_water": null,
        "level": null,
        "fountain": null,
        "tidal": null,
        "salt": null,
        "artwork_type": null,
        "name:en": null,
        "wikipedia": null,
        "water": "basin",
        "name": null,
        "natural": "water",
        "name:de": null,
        "name:it": null,
        "surface": null,
        "website": null
      },
      "geometry": {
        "type": "Polygon",
        "coordinates": [
          [
            [
              6.123798,
              45.9033317
            ],
            [
              6.123842,
              45.9032357
            ],
            [
              6.1237872,
              45.9031663
            ],
            [
              6.1237745,
              45.9032804
            ],
            [
              6.1237967,
              45.9033014
            ],
            [
              6.1237846,
              45.9033296
            ],
            [
              6.123798,
              45.9033317
            ]
          ]
        ]
      }
    },
    {
      "type": "Feature",
      "properties": {
        "fid": 90,
        "id": 615761627,
        "description": null,
        "layer": null,
        "name:es": null,
        "tourism": null,
        "note": null,
        "wetland": null,
        "name:nl": null,
        "amenity": null,
        "ele": null,
        "golf": null,
        "swimming": null,
        "boat": null,
        "landuse": null,
        "wheelchair": null,
        "artist_name": null,
        "intermittent": null,
        "type": null,
        "basin": null,
        "wikimedia_commons": null,
        "toilets:wheelchair": null,
        "wikidata": null,
        "source": null,
        "drinking_water": null,
        "level": null,
        "fountain": null,
        "tidal": null,
        "salt": null,
        "artwork_type": null,
        "name:en": null,
        "wikipedia": null,
        "water": "basin",
        "name": null,
        "natural": "water",
        "name:de": null,
        "name:it": null,
        "surface": null,
        "website": null
      },
      "geometry": {
        "type": "Polygon",
        "coordinates": [
          [
            [
              6.2020317,
              45.8496326
            ],
            [
              6.2022784,
              45.8491842
            ],
            [
              6.2023187,
              45.8491655
            ],
            [
              6.2023455,
              45.8492103
            ],
            [
              6.2023643,
              45.8493168
            ],
            [
              6.2025681,
              45.8494962
            ],
            [
              6.2025171,
              45.8495298
            ],
            [
              6.2022865,
              45.8496681
            ],
            [
              6.2022141,
              45.8497054
            ],
            [
              6.2020317,
              45.8496326
            ]
          ]
        ]
      }
    },
    {
      "type": "Feature",
      "properties": {
        "fid": 91,
        "id": 690148161,
        "description": null,
        "layer": null,
        "name:es": null,
        "tourism": null,
        "note": null,
        "wetland": null,
        "name:nl": null,
        "amenity": null,
        "ele": null,
        "golf": null,
        "swimming": null,
        "boat": null,
        "landuse": null,
        "wheelchair": null,
        "artist_name": null,
        "intermittent": null,
        "type": null,
        "basin": null,
        "wikimedia_commons": null,
        "toilets:wheelchair": null,
        "wikidata": null,
        "source": null,
        "drinking_water": null,
        "level": null,
        "fountain": null,
        "tidal": null,
        "salt": null,
        "artwork_type": null,
        "name:en": null,
        "wikipedia": null,
        "water": "pond",
        "name": null,
        "natural": "water",
        "name:de": null,
        "name:it": null,
        "surface": null,
        "website": null
      },
      "geometry": {
        "type": "Polygon",
        "coordinates": [
          [
            [
              6.0466017,
              45.8593075
            ],
            [
              6.0469758,
              45.8594028
            ],
            [
              6.0473675,
              45.8595233
            ],
            [
              6.0475284,
              45.8596596
            ],
            [
              6.0477778,
              45.8597568
            ],
            [
              6.0479575,
              45.8598184
            ],
            [
              6.0480273,
              45.8597848
            ],
            [
              6.0481855,
              45.8595158
            ],
            [
              6.0481936,
              45.8594233
            ],
            [
              6.0476075,
              45.8591786
            ],
            [
              6.0473098,
              45.8590787
            ],
            [
              6.0469718,
              45.8590096
            ],
            [
              6.0468498,
              45.8589788
            ],
            [
              6.0466848,
              45.8590199
            ],
            [
              6.046591,
              45.8590983
            ],
            [
              6.0465682,
              45.8592001
            ],
            [
              6.0466017,
              45.8593075
            ]
          ]
        ]
      }
    },
    {
      "type": "Feature",
      "properties": {
        "fid": 92,
        "id": 691101947,
        "description": null,
        "layer": null,
        "name:es": null,
        "tourism": null,
        "note": null,
        "wetland": null,
        "name:nl": null,
        "amenity": null,
        "ele": null,
        "golf": null,
        "swimming": null,
        "boat": "no",
        "landuse": null,
        "wheelchair": null,
        "artist_name": null,
        "intermittent": "no",
        "type": null,
        "basin": null,
        "wikimedia_commons": null,
        "toilets:wheelchair": null,
        "wikidata": null,
        "source": "cadastre-dgi-fr source : Direction Générale des Impôts - Cadastre. Mise à jour : 2009",
        "drinking_water": null,
        "level": null,
        "fountain": null,
        "tidal": "no",
        "salt": null,
        "artwork_type": null,
        "name:en": null,
        "wikipedia": null,
        "water": "river",
        "name": "Le Fier",
        "natural": "water",
        "name:de": null,
        "name:it": null,
        "surface": null,
        "website": null
      },
      "geometry": {
        "type": "Polygon",
        "coordinates": [
          [
            [
              6.0865804,
              45.9083075
            ],
            [
              6.0863212,
              45.9082655
            ],
            [
              6.085656,
              45.9081946
            ],
            [
              6.0850883,
              45.9081336
            ],
            [
              6.0847976,
              45.9080462
            ],
            [
              6.0847371,
              45.9079911
            ],
            [
              6.0845536,
              45.9077187
            ],
            [
              6.0843316,
              45.9075662
            ],
            [
              6.0842103,
              45.9074462
            ],
            [
              6.0840681,
              45.9072763
            ],
            [
              6.0839816,
              45.9071288
            ],
            [
              6.0838002,
              45.907057
            ],
            [
              6.0837337,
              45.9069215
            ],
            [
              6.083711,
              45.9067992
            ],
            [
              6.0837098,
              45.9067034
            ],
            [
              6.0837255,
              45.9066356
            ],
            [
              6.0839581,
              45.9065223
            ],
            [
              6.0840237,
              45.9064978
            ],
            [
              6.0840923,
              45.9064682
            ],
            [
              6.0846281,
              45.906722
            ],
            [
              6.0845951,
              45.9067768
            ],
            [
              6.0845907,
              45.9068318
            ],
            [
              6.0846705,
              45.907083
            ],
            [
              6.0847762,
              45.907184
            ],
            [
              6.0848404,
              45.9072436
            ],
            [
              6.0848457,
              45.9072496
            ],
            [
              6.0848922,
              45.9073025
            ],
            [
              6.0849073,
              45.9073583
            ],
            [
              6.0849098,
              45.9073675
            ],
            [
              6.0849465,
              45.907514
            ],
            [
              6.0855904,
              45.9078351
            ],
            [
              6.0859957,
              45.9079434
            ],
            [
              6.0863007,
              45.9080279
            ],
            [
              6.0867346,
              45.9080546
            ],
            [
              6.0869723,
              45.9081095
            ],
            [
              6.0871434,
              45.9081083
            ],
            [
              6.0874932,
              45.9081316
            ],
            [
              6.0883165,
              45.9083141
            ],
            [
              6.0887286,
              45.9084299
            ],
            [
              6.0895895,
              45.9084272
            ],
            [
              6.0899688,
              45.9084008
            ],
            [
              6.090965,
              45.9082963
            ],
            [
              6.091195,
              45.9081487
            ],
            [
              6.0918282,
              45.9080052
            ],
            [
              6.0922414,
              45.9077365
            ],
            [
              6.0931703,
              45.9074713
            ],
            [
              6.0938111,
              45.9074537
            ],
            [
              6.0939024,
              45.9075238
            ],
            [
              6.0944838,
              45.9074118
            ],
            [
              6.0944576,
              45.9072993
            ],
            [
              6.0945504,
              45.9073066
            ],
            [
              6.0948037,
              45.9073265
            ],
            [
              6.0953173,
              45.9073669
            ],
            [
              6.0960541,
              45.9075176
            ],
            [
              6.0962797,
              45.9076339
            ],
            [
              6.0966811,
              45.9079372
            ],
            [
              6.096707,
              45.9080774
            ],
            [
              6.0970114,
              45.9081741
            ],
            [
              6.0973018,
              45.9084173
            ],
            [
              6.097396,
              45.9087274
            ],
            [
              6.0974945,
              45.9088379
            ],
            [
              6.097093,
              45.9089758
            ],
            [
              6.0970126,
              45.9088711
            ],
            [
              6.0969098,
              45.908491
            ],
            [
              6.0966442,
              45.9083596
            ],
            [
              6.0963354,
              45.9080935
            ],
            [
              6.0953,
              45.9076654
            ],
            [
              6.094818,
              45.9076713
            ],
            [
              6.0939791,
              45.907768
            ],
            [
              6.0935807,
              45.9077367
            ],
            [
              6.0932925,
              45.9078715
            ],
            [
              6.0931604,
              45.9078406
            ],
            [
              6.0923582,
              45.9081234
            ],
            [
              6.0918578,
              45.9082936
            ],
            [
              6.0908512,
              45.9086133
            ],
            [
              6.0903371,
              45.9085654
            ],
            [
              6.0898507,
              45.9086395
            ],
            [
              6.0896008,
              45.9087748
            ],
            [
              6.0892396,
              45.9087883
            ],
            [
              6.0887947,
              45.9086639
            ],
            [
              6.0884112,
              45.9086808
            ],
            [
              6.0881408,
              45.9087334
            ],
            [
              6.087874,
              45.9086282
            ],
            [
              6.0875202,
              45.9085177
            ],
            [
              6.0872311,
              45.9084586
            ],
            [
              6.0870059,
              45.9083899
            ],
            [
              6.0865804,
              45.9083075
            ]
          ]
        ]
      }
    },
    {
      "type": "Feature",
      "properties": {
        "fid": 93,
        "id": 728864685,
        "description": null,
        "layer": null,
        "name:es": null,
        "tourism": null,
        "note": null,
        "wetland": "marsh",
        "name:nl": null,
        "amenity": null,
        "ele": null,
        "golf": null,
        "swimming": null,
        "boat": null,
        "landuse": null,
        "wheelchair": null,
        "artist_name": null,
        "intermittent": null,
        "type": null,
        "basin": null,
        "wikimedia_commons": null,
        "toilets:wheelchair": null,
        "wikidata": null,
        "source": null,
        "drinking_water": null,
        "level": null,
        "fountain": null,
        "tidal": null,
        "salt": null,
        "artwork_type": null,
        "name:en": null,
        "wikipedia": null,
        "water": null,
        "name": "Marais de l'Enfer",
        "natural": "wetland",
        "name:de": null,
        "name:it": null,
        "surface": null,
        "website": null
      },
      "geometry": {
        "type": "Polygon",
        "coordinates": [
          [
            [
              6.1688092,
              45.844129
            ],
            [
              6.1687494,
              45.8441289
            ],
            [
              6.1686628,
              45.8440759
            ],
            [
              6.1685844,
              45.8440006
            ],
            [
              6.1685364,
              45.8438495
            ],
            [
              6.1684695,
              45.8437972
            ],
            [
              6.1683813,
              45.8437424
            ],
            [
              6.1682176,
              45.8437222
            ],
            [
              6.1681174,
              45.8437315
            ],
            [
              6.1679328,
              45.8437783
            ],
            [
              6.167696,
              45.8437486
            ],
            [
              6.1674818,
              45.8437923
            ],
            [
              6.1674401,
              45.8438156
            ],
            [
              6.1672649,
              45.8438903
            ],
            [
              6.1670985,
              45.8438848
            ],
            [
              6.1668807,
              45.8438634
            ],
            [
              6.1666438,
              45.8438328
            ],
            [
              6.1665565,
              45.8438192
            ],
            [
              6.1663432,
              45.8438351
            ],
            [
              6.1659957,
              45.8438309
            ],
            [
              6.1657997,
              45.8437933
            ],
            [
              6.1656147,
              45.8437579
            ],
            [
              6.165502,
              45.8437731
            ],
            [
              6.1653182,
              45.8438217
            ],
            [
              6.1650498,
              45.843913
            ],
            [
              6.1648983,
              45.8439333
            ],
            [
              6.1646741,
              45.8439564
            ],
            [
              6.1644363,
              45.8440006
            ],
            [
              6.1643529,
              45.8440767
            ],
            [
              6.1643605,
              45.8441828
            ],
            [
              6.1643974,
              45.8442652
            ],
            [
              6.1644303,
              45.84436
            ],
            [
              6.1645346,
              45.8444988
            ],
            [
              6.1645265,
              45.8445538
            ],
            [
              6.1644488,
              45.8446225
            ],
            [
              6.164344,
              45.8447107
            ],
            [
              6.164228,
              45.8447579
            ],
            [
              6.1641612,
              45.8447747
            ],
            [
              6.1640427,
              45.8447312
            ],
            [
              6.1639906,
              45.8446598
            ],
            [
              6.163884,
              45.8445684
            ],
            [
              6.1638365,
              45.8444823
            ],
            [
              6.1637334,
              45.8444239
            ],
            [
              6.1636008,
              45.8444058
            ],
            [
              6.1634786,
              45.8444543
            ],
            [
              6.1634092,
              45.8445186
            ],
            [
              6.1633588,
              45.8444697
            ],
            [
              6.16323,
              45.8444225
            ],
            [
              6.1630906,
              45.8444138
            ],
            [
              6.16301,
              45.8443846
            ],
            [
              6.1629245,
              45.8443648
            ],
            [
              6.1628494,
              45.8443219
            ],
            [
              6.1627279,
              45.8442745
            ],
            [
              6.1625453,
              45.8442807
            ],
            [
              6.1624545,
              45.8442693
            ],
            [
              6.1623506,
              45.8442657
            ],
            [
              6.1622034,
              45.8443368
            ],
            [
              6.1621438,
              45.8443903
            ],
            [
              6.1620662,
              45.8444002
            ],
            [
              6.161973,
              45.8444209
            ],
            [
              6.1619163,
              45.8444301
            ],
            [
              6.1617663,
              45.8443774
            ],
            [
              6.1615853,
              45.8444929
            ],
            [
              6.1615013,
              45.8444927
            ],
            [
              6.1614172,
              45.8445575
            ],
            [
              6.1613865,
              45.8445616
            ],
            [
              6.1612984,
              45.8445697
            ],
            [
              6.1612276,
              45.8445093
            ],
            [
              6.1611768,
              45.8444326
            ],
            [
              6.1611453,
              45.8443015
            ],
            [
              6.1610635,
              45.8442052
            ],
            [
              6.1610426,
              45.8441162
            ],
            [
              6.1609558,
              45.843952
            ],
            [
              6.1609262,
              45.8438477
            ],
            [
              6.1608915,
              45.8437756
            ],
            [
              6.1608681,
              45.8436712
            ],
            [
              6.1608872,
              45.8436055
            ],
            [
              6.1607913,
              45.8434983
            ],
            [
              6.1606868,
              45.8432749
            ],
            [
              6.1605536,
              45.8431835
            ],
            [
              6.1604691,
              45.8431141
            ],
            [
              6.1604606,
              45.8429936
            ],
            [
              6.1603752,
              45.8429335
            ],
            [
              6.1604376,
              45.8428344
            ],
            [
              6.1603277,
              45.8427794
            ],
            [
              6.1601337,
              45.8426002
            ],
            [
              6.1600001,
              45.8424014
            ],
            [
              6.1598622,
              45.842243
            ],
            [
              6.1597307,
              45.8419865
            ],
            [
              6.15962,
              45.8418386
            ],
            [
              6.1595089,
              45.8417933
            ],
            [
              6.1594375,
              45.8417642
            ],
            [
              6.159276,
              45.8418636
            ],
            [
              6.1590965,
              45.8419575
            ],
            [
              6.1589709,
              45.8420598
            ],
            [
              6.1587232,
              45.8421941
            ],
            [
              6.1585054,
              45.8422676
            ],
            [
              6.1579961,
              45.8425006
            ],
            [
              6.1576974,
              45.8426201
            ],
            [
              6.1571868,
              45.8428376
            ],
            [
              6.1565974,
              45.8431095
            ],
            [
              6.1560656,
              45.8433423
            ],
            [
              6.1561063,
              45.8433966
            ],
            [
              6.156116,
              45.8434727
            ],
            [
              6.1563915,
              45.8437016
            ],
            [
              6.156716,
              45.8439651
            ],
            [
              6.1570223,
              45.8441993
            ],
            [
              6.1574951,
              45.8445852
            ],
            [
              6.1580477,
              45.845023
            ],
            [
              6.1581656,
              45.8451696
            ],
            [
              6.1581601,
              45.8452844
            ],
            [
              6.1580944,
              45.8452711
            ],
            [
              6.1578948,
              45.8452242
            ],
            [
              6.1577465,
              45.8452355
            ],
            [
              6.1576858,
              45.8452974
            ],
            [
              6.1576485,
              45.8453132
            ],
            [
              6.1575363,
              45.8453139
            ],
            [
              6.1574279,
              45.8453454
            ],
            [
              6.1573123,
              45.8454092
            ],
            [
              6.1571745,
              45.8454613
            ],
            [
              6.1570886,
              45.845521
            ],
            [
              6.1570115,
              45.8456189
            ],
            [
              6.1566466,
              45.8458424
            ],
            [
              6.1569631,
              45.845904
            ],
            [
              6.1570235,
              45.8459856
            ],
            [
              6.1571715,
              45.846058
            ],
            [
              6.1572979,
              45.8460897
            ],
            [
              6.1573974,
              45.8461183
            ],
            [
              6.1574968,
              45.8461243
            ],
            [
              6.1576218,
              45.846118
            ],
            [
              6.157693,
              45.8461867
            ],
            [
              6.1576314,
              45.8462796
            ],
            [
              6.1576949,
              45.8463414
            ],
            [
              6.1578249,
              45.8463412
            ],
            [
              6.1579894,
              45.846349
            ],
            [
              6.1580416,
              45.8462749
            ],
            [
              6.1581186,
              45.8462537
            ],
            [
              6.1581349,
              45.846215
            ],
            [
              6.1584002,
              45.846206
            ],
            [
              6.1584838,
              45.8462413
            ],
            [
              6.1585431,
              45.8462435
            ],
            [
              6.1586269,
              45.8462406
            ],
            [
              6.1586318,
              45.8462043
            ],
            [
              6.1586622,
              45.8461331
            ],
            [
              6.1588277,
              45.8461739
            ],
            [
              6.158881,
              45.8462186
            ],
            [
              6.1588968,
              45.8462593
            ],
            [
              6.1589973,
              45.8462971
            ],
            [
              6.1590736,
              45.8462719
            ],
            [
              6.1591032,
              45.8463162
            ],
            [
              6.1591124,
              45.8463614
            ],
            [
              6.1592245,
              45.8463803
            ],
            [
              6.1593185,
              45.8464141
            ],
            [
              6.1594088,
              45.8463966
            ],
            [
              6.1594393,
              45.8463689
            ],
            [
              6.1594279,
              45.8462919
            ],
            [
              6.1594128,
              45.8462644
            ],
            [
              6.1593592,
              45.8462394
            ],
            [
              6.1594804,
              45.846194
            ],
            [
              6.1594942,
              45.8462255
            ],
            [
              6.1595562,
              45.8462688
            ],
            [
              6.1596477,
              45.8462657
            ],
            [
              6.1597158,
              45.8462036
            ],
            [
              6.1597695,
              45.8461295
            ],
            [
              6.1596168,
              45.8460976
            ],
            [
              6.1596591,
              45.8459641
            ],
            [
              6.1596695,
              45.8459224
            ],
            [
              6.1598082,
              45.8458589
            ],
            [
              6.159804,
              45.8457991
            ],
            [
              6.1598458,
              45.8457389
            ],
            [
              6.1599023,
              45.845705
            ],
            [
              6.1598726,
              45.8456605
            ],
            [
              6.1599082,
              45.8455995
            ],
            [
              6.1598655,
              45.8455556
            ],
            [
              6.1597813,
              45.8455585
            ],
            [
              6.159728,
              45.8455324
            ],
            [
              6.1597506,
              45.8454955
            ],
            [
              6.1598873,
              45.8454909
            ],
            [
              6.1599618,
              45.8454336
            ],
            [
              6.1600114,
              45.8453813
            ],
            [
              6.1599881,
              45.845346
            ],
            [
              6.1599801,
              45.8453143
            ],
            [
              6.1599475,
              45.8452721
            ],
            [
              6.1600105,
              45.8452236
            ],
            [
              6.1600094,
              45.8452049
            ],
            [
              6.1600771,
              45.8452254
            ],
            [
              6.1601582,
              45.8452225
            ],
            [
              6.1602078,
              45.8452374
            ],
            [
              6.1602726,
              45.8452351
            ],
            [
              6.160366,
              45.8452371
            ],
            [
              6.1603911,
              45.8453044
            ],
            [
              6.1605116,
              45.845355
            ],
            [
              6.1606435,
              45.8452803
            ],
            [
              6.1607587,
              45.8452991
            ],
            [
              6.160848,
              45.8452899
            ],
            [
              6.1609195,
              45.8452761
            ],
            [
              6.1610329,
              45.8452496
            ],
            [
              6.1610554,
              45.8452375
            ],
            [
              6.1610527,
              45.8451974
            ],
            [
              6.1610356,
              45.8451814
            ],
            [
              6.1610921,
              45.8451682
            ],
            [
              6.1612052,
              45.8451581
            ],
            [
              6.1615307,
              45.8451469
            ],
            [
              6.1616173,
              45.8450987
            ],
            [
              6.1619177,
              45.8450884
            ],
            [
              6.1620775,
              45.8450489
            ],
            [
              6.1622101,
              45.8450671
            ],
            [
              6.1623546,
              45.8450447
            ],
            [
              6.1624013,
              45.8450152
            ],
            [
              6.1625001,
              45.8450118
            ],
            [
              6.162567,
              45.8450375
            ],
            [
              6.1627274,
              45.8450092
            ],
            [
              6.1630132,
              45.8449996
            ],
            [
              6.163133,
              45.8449841
            ],
            [
              6.1633202,
              45.8449777
            ],
            [
              6.1632601,
              45.8450489
            ],
            [
              6.1632145,
              45.8450897
            ],
            [
              6.1632429,
              45.8451404
            ],
            [
              6.1632962,
              45.8452066
            ],
            [
              6.1634274,
              45.8452197
            ],
            [
              6.1635494,
              45.8452156
            ],
            [
              6.1636025,
              45.8451508
            ],
            [
              6.1636872,
              45.8450963
            ],
            [
              6.1637138,
              45.8449665
            ],
            [
              6.1637444,
              45.8449809
            ],
            [
              6.1638192,
              45.8450372
            ],
            [
              6.1639051,
              45.845126
            ],
            [
              6.1639436,
              45.8451289
            ],
            [
              6.1639992,
              45.8451868
            ],
            [
              6.1640808,
              45.8452336
            ],
            [
              6.1641292,
              45.8452691
            ],
            [
              6.1642237,
              45.8453615
            ],
            [
              6.1642756,
              45.8453364
            ],
            [
              6.1642618,
              45.8453192
            ],
            [
              6.1643081,
              45.8452924
            ],
            [
              6.1642026,
              45.8451799
            ],
            [
              6.1641428,
              45.8450725
            ],
            [
              6.1642206,
              45.8449741
            ],
            [
              6.1643309,
              45.8449315
            ],
            [
              6.1643895,
              45.8448762
            ],
            [
              6.164528,
              45.8448064
            ],
            [
              6.1646104,
              45.8447907
            ],
            [
              6.1646713,
              45.8447852
            ],
            [
              6.164766,
              45.8448315
            ],
            [
              6.1648205,
              45.8448709
            ],
            [
              6.1648668,
              45.8448828
            ],
            [
              6.164954,
              45.8448168
            ],
            [
              6.1649357,
              45.8447483
            ],
            [
              6.1650233,
              45.8446906
            ],
            [
              6.1653033,
              45.8445944
            ],
            [
              6.1656578,
              45.8444079
            ],
            [
              6.1657417,
              45.8443194
            ],
            [
              6.1658706,
              45.8442005
            ],
            [
              6.1658778,
              45.8441094
            ],
            [
              6.1658991,
              45.8440757
            ],
            [
              6.166024,
              45.8440477
            ],
            [
              6.1660646,
              45.8440814
            ],
            [
              6.1660434,
              45.8441162
            ],
            [
              6.1660294,
              45.8442105
            ],
            [
              6.1660197,
              45.8443038
            ],
            [
              6.1660627,
              45.8443714
            ],
            [
              6.166136,
              45.84447
            ],
            [
              6.166193,
              45.8444795
            ],
            [
              6.1663153,
              45.8445599
            ],
            [
              6.1664709,
              45.8445082
            ],
            [
              6.1665877,
              45.8444268
            ],
            [
              6.1666663,
              45.8443664
            ],
            [
              6.1666857,
              45.8443275
            ],
            [
              6.1668571,
              45.8442401
            ],
            [
              6.1669436,
              45.8442104
            ],
            [
              6.1670181,
              45.8442418
            ],
            [
              6.1670521,
              45.8442686
            ],
            [
              6.1671108,
              45.8443006
            ],
            [
              6.1671619,
              45.8443143
            ],
            [
              6.1672442,
              45.8443116
            ],
            [
              6.1673116,
              45.8443216
            ],
            [
              6.1673071,
              45.8443445
            ],
            [
              6.1672526,
              45.844432
            ],
            [
              6.1672611,
              45.8444658
            ],
            [
              6.1673131,
              45.8445146
            ],
            [
              6.1675156,
              45.8445583
            ],
            [
              6.1675878,
              45.8445557
            ],
            [
              6.1676743,
              45.844526
            ],
            [
              6.1677076,
              45.8445207
            ],
            [
              6.1676473,
              45.8444609
            ],
            [
              6.1675746,
              45.8444551
            ],
            [
              6.1675251,
              45.8444413
            ],
            [
              6.1674583,
              45.8444363
            ],
            [
              6.1674888,
              45.8444084
            ],
            [
              6.1675424,
              45.8443715
            ],
            [
              6.1675383,
              45.8443139
            ],
            [
              6.1675782,
              45.8442744
            ],
            [
              6.167676,
              45.8442535
            ],
            [
              6.1677678,
              45.8441544
            ],
            [
              6.1679162,
              45.8441453
            ],
            [
              6.1680584,
              45.8441084
            ],
            [
              6.1681845,
              45.8441361
            ],
            [
              6.1681218,
              45.8441878
            ],
            [
              6.1680675,
              45.8442401
            ],
            [
              6.168072,
              45.8443039
            ],
            [
              6.1681274,
              45.8443527
            ],
            [
              6.1682144,
              45.8443724
            ],
            [
              6.1682987,
              45.8443788
            ],
            [
              6.1684551,
              45.8443735
            ],
            [
              6.1685261,
              45.8443566
            ],
            [
              6.168556,
              45.8443194
            ],
            [
              6.1685543,
              45.8442968
            ],
            [
              6.1686371,
              45.8442754
            ],
            [
              6.1687376,
              45.8442947
            ],
            [
              6.168848,
              45.844291
            ],
            [
              6.1688394,
              45.8442551
            ],
            [
              6.1688456,
              45.8442419
            ],
            [
              6.1688827,
              45.8442198
            ],
            [
              6.1688092,
              45.844129
            ]
          ]
        ]
      }
    },
    {
      "type": "Feature",
      "properties": {
        "fid": 94,
        "id": 756327689,
        "description": null,
        "layer": null,
        "name:es": null,
        "tourism": null,
        "note": null,
        "wetland": null,
        "name:nl": null,
        "amenity": null,
        "ele": null,
        "golf": null,
        "swimming": null,
        "boat": null,
        "landuse": null,
        "wheelchair": null,
        "artist_name": null,
        "intermittent": null,
        "type": null,
        "basin": null,
        "wikimedia_commons": null,
        "toilets:wheelchair": null,
        "wikidata": null,
        "source": null,
        "drinking_water": null,
        "level": null,
        "fountain": null,
        "tidal": null,
        "salt": null,
        "artwork_type": null,
        "name:en": null,
        "wikipedia": null,
        "water": "pond",
        "name": null,
        "natural": "water",
        "name:de": null,
        "name:it": null,
        "surface": null,
        "website": null
      },
      "geometry": {
        "type": "Polygon",
        "coordinates": [
          [
            [
              6.1017984,
              45.9483066
            ],
            [
              6.1017875,
              45.9483038
            ],
            [
              6.1017704,
              45.948297
            ],
            [
              6.1017549,
              45.9482898
            ],
            [
              6.1017411,
              45.9482807
            ],
            [
              6.101728,
              45.9482675
            ],
            [
              6.1017211,
              45.9482568
            ],
            [
              6.1017148,
              45.9482452
            ],
            [
              6.1017085,
              45.9482221
            ],
            [
              6.1017028,
              45.948195
            ],
            [
              6.101693,
              45.9481568
            ],
            [
              6.1016907,
              45.9481372
            ],
            [
              6.1016833,
              45.9481169
            ],
            [
              6.1016833,
              45.948103
            ],
            [
              6.101689,
              45.9480349
            ],
            [
              6.1017028,
              45.9480237
            ],
            [
              6.1017274,
              45.9480181
            ],
            [
              6.1017451,
              45.9480154
            ],
            [
              6.1017767,
              45.9480209
            ],
            [
              6.1018047,
              45.9480277
            ],
            [
              6.1018219,
              45.9480389
            ],
            [
              6.101846,
              45.948054
            ],
            [
              6.1018855,
              45.9481046
            ],
            [
              6.1019216,
              45.9481568
            ],
            [
              6.1019554,
              45.9481986
            ],
            [
              6.101968,
              45.9482229
            ],
            [
              6.1019732,
              45.9482508
            ],
            [
              6.1019657,
              45.9482679
            ],
            [
              6.1019239,
              45.9482942
            ],
            [
              6.101889,
              45.9483046
            ],
            [
              6.1018471,
              45.9483081
            ],
            [
              6.1018322,
              45.9483085
            ],
            [
              6.1017984,
              45.9483066
            ]
          ]
        ]
      }
    },
    {
      "type": "Feature",
      "properties": {
        "fid": 95,
        "id": 760395069,
        "description": null,
        "layer": null,
        "name:es": null,
        "tourism": null,
        "note": null,
        "wetland": null,
        "name:nl": null,
        "amenity": null,
        "ele": null,
        "golf": null,
        "swimming": null,
        "boat": null,
        "landuse": null,
        "wheelchair": null,
        "artist_name": null,
        "intermittent": null,
        "type": null,
        "basin": "retention",
        "wikimedia_commons": null,
        "toilets:wheelchair": null,
        "wikidata": null,
        "source": null,
        "drinking_water": null,
        "level": null,
        "fountain": null,
        "tidal": null,
        "salt": null,
        "artwork_type": null,
        "name:en": null,
        "wikipedia": null,
        "water": "basin",
        "name": null,
        "natural": "water",
        "name:de": null,
        "name:it": null,
        "surface": null,
        "website": null
      },
      "geometry": {
        "type": "Polygon",
        "coordinates": [
          [
            [
              6.1220938,
              45.9303059
            ],
            [
              6.1221662,
              45.9302854
            ],
            [
              6.1222011,
              45.9302481
            ],
            [
              6.1221796,
              45.9302033
            ],
            [
              6.1219624,
              45.9300112
            ],
            [
              6.1217666,
              45.9298619
            ],
            [
              6.1217129,
              45.9298619
            ],
            [
              6.1216325,
              45.9299365
            ],
            [
              6.1216539,
              45.9299701
            ],
            [
              6.1220643,
              45.9302947
            ],
            [
              6.1220938,
              45.9303059
            ]
          ]
        ]
      }
    },
    {
      "type": "Feature",
      "properties": {
        "fid": 96,
        "id": 768631691,
        "description": null,
        "layer": null,
        "name:es": null,
        "tourism": null,
        "note": null,
        "wetland": "reedbed",
        "name:nl": null,
        "amenity": null,
        "ele": null,
        "golf": null,
        "swimming": null,
        "boat": null,
        "landuse": null,
        "wheelchair": null,
        "artist_name": null,
        "intermittent": null,
        "type": null,
        "basin": null,
        "wikimedia_commons": null,
        "toilets:wheelchair": null,
        "wikidata": null,
        "source": null,
        "drinking_water": null,
        "level": null,
        "fountain": null,
        "tidal": null,
        "salt": null,
        "artwork_type": null,
        "name:en": null,
        "wikipedia": null,
        "water": null,
        "name": "Roselière du parc d'activités économiques Altaïs",
        "natural": "wetland",
        "name:de": null,
        "name:it": null,
        "surface": null,
        "website": null
      },
      "geometry": {
        "type": "Polygon",
        "coordinates": [
          [
            [
              6.0800734,
              45.8924391
            ],
            [
              6.0801968,
              45.892454
            ],
            [
              6.0800412,
              45.8927303
            ],
            [
              6.0798266,
              45.8928423
            ],
            [
              6.07995,
              45.8931858
            ],
            [
              6.0801968,
              45.8933875
            ],
            [
              6.0802504,
              45.8935965
            ],
            [
              6.0801914,
              45.8937197
            ],
            [
              6.0797515,
              45.8933725
            ],
            [
              6.0795262,
              45.8933165
            ],
            [
              6.0791239,
              45.8930178
            ],
            [
              6.0797998,
              45.8927527
            ],
            [
              6.0799822,
              45.8926557
            ],
            [
              6.0800734,
              45.8924391
            ]
          ]
        ]
      }
    },
    {
      "type": "Feature",
      "properties": {
        "fid": 97,
        "id": 776462937,
        "description": null,
        "layer": null,
        "name:es": null,
        "tourism": null,
        "note": null,
        "wetland": null,
        "name:nl": null,
        "amenity": null,
        "ele": null,
        "golf": null,
        "swimming": null,
        "boat": null,
        "landuse": null,
        "wheelchair": null,
        "artist_name": null,
        "intermittent": null,
        "type": null,
        "basin": null,
        "wikimedia_commons": null,
        "toilets:wheelchair": null,
        "wikidata": null,
        "source": "BDOrtho IGN - available 2020 at the latest",
        "drinking_water": null,
        "level": null,
        "fountain": null,
        "tidal": null,
        "salt": null,
        "artwork_type": null,
        "name:en": null,
        "wikipedia": null,
        "water": "river",
        "name": null,
        "natural": "water",
        "name:de": null,
        "name:it": null,
        "surface": null,
        "website": null
      },
      "geometry": {
        "type": "Polygon",
        "coordinates": [
          [
            [
              6.1739453,
              45.8445097
            ],
            [
              6.1738913,
              45.8444479
            ],
            [
              6.1737196,
              45.8442643
            ],
            [
              6.1736237,
              45.8441083
            ],
            [
              6.1734822,
              45.8439546
            ],
            [
              6.1733582,
              45.843863
            ],
            [
              6.173267,
              45.8438107
            ],
            [
              6.172723,
              45.8435679
            ],
            [
              6.1730305,
              45.8436468
            ],
            [
              6.1733029,
              45.8437291
            ],
            [
              6.1733567,
              45.8437453
            ],
            [
              6.1734702,
              45.8438115
            ],
            [
              6.173525,
              45.8438482
            ],
            [
              6.1736394,
              45.8439322
            ],
            [
              6.1737169,
              45.8440031
            ],
            [
              6.1737824,
              45.844062
            ],
            [
              6.173834,
              45.8441309
            ],
            [
              6.1738759,
              45.8442064
            ],
            [
              6.1739032,
              45.8442372
            ],
            [
              6.1741032,
              45.8444633
            ],
            [
              6.1740317,
              45.8444836
            ],
            [
              6.1739453,
              45.8445097
            ]
          ]
        ]
      }
    },
    {
      "type": "Feature",
      "properties": {
        "fid": 98,
        "id": 781376744,
        "description": null,
        "layer": null,
        "name:es": null,
        "tourism": null,
        "note": null,
        "wetland": null,
        "name:nl": null,
        "amenity": null,
        "ele": null,
        "golf": null,
        "swimming": null,
        "boat": null,
        "landuse": null,
        "wheelchair": null,
        "artist_name": null,
        "intermittent": null,
        "type": null,
        "basin": null,
        "wikimedia_commons": null,
        "toilets:wheelchair": null,
        "wikidata": null,
        "source": null,
        "drinking_water": null,
        "level": null,
        "fountain": null,
        "tidal": null,
        "salt": null,
        "artwork_type": null,
        "name:en": null,
        "wikipedia": null,
        "water": "reservoir",
        "name": null,
        "natural": "water",
        "name:de": null,
        "name:it": null,
        "surface": null,
        "website": null
      },
      "geometry": {
        "type": "Polygon",
        "coordinates": [
          [
            [
              6.1508627,
              45.9379518
            ],
            [
              6.1508305,
              45.9378585
            ],
            [
              6.1516888,
              45.9377503
            ],
            [
              6.1517156,
              45.9378473
            ],
            [
              6.1508627,
              45.9379518
            ]
          ]
        ]
      }
    },
    {
      "type": "Feature",
      "properties": {
        "fid": 99,
        "id": 781376745,
        "description": null,
        "layer": null,
        "name:es": null,
        "tourism": null,
        "note": null,
        "wetland": null,
        "name:nl": null,
        "amenity": null,
        "ele": null,
        "golf": null,
        "swimming": null,
        "boat": null,
        "landuse": null,
        "wheelchair": null,
        "artist_name": null,
        "intermittent": null,
        "type": null,
        "basin": null,
        "wikimedia_commons": null,
        "toilets:wheelchair": null,
        "wikidata": null,
        "source": null,
        "drinking_water": null,
        "level": null,
        "fountain": null,
        "tidal": null,
        "salt": null,
        "artwork_type": null,
        "name:en": null,
        "wikipedia": null,
        "water": null,
        "name": null,
        "natural": "water",
        "name:de": null,
        "name:it": null,
        "surface": null,
        "website": null
      },
      "geometry": {
        "type": "Polygon",
        "coordinates": [
          [
            [
              6.1458416,
              45.9376366
            ],
            [
              6.1458711,
              45.9375769
            ],
            [
              6.14637,
              45.9376869
            ],
            [
              6.1463378,
              45.9377503
            ],
            [
              6.1458416,
              45.9376366
            ]
          ]
        ]
      }
    },
    {
      "type": "Feature",
      "properties": {
        "fid": 100,
        "id": 785939258,
        "description": null,
        "layer": null,
        "name:es": null,
        "tourism": null,
        "note": null,
        "wetland": null,
        "name:nl": null,
        "amenity": null,
        "ele": null,
        "golf": null,
        "swimming": null,
        "boat": null,
        "landuse": null,
        "wheelchair": null,
        "artist_name": null,
        "intermittent": "yes",
        "type": null,
        "basin": null,
        "wikimedia_commons": null,
        "toilets:wheelchair": null,
        "wikidata": null,
        "source": null,
        "drinking_water": null,
        "level": null,
        "fountain": null,
        "tidal": null,
        "salt": null,
        "artwork_type": null,
        "name:en": null,
        "wikipedia": null,
        "water": "basin",
        "name": null,
        "natural": "water",
        "name:de": null,
        "name:it": null,
        "surface": null,
        "website": null
      },
      "geometry": {
        "type": "Polygon",
        "coordinates": [
          [
            [
              6.1130317,
              45.9455458
            ],
            [
              6.1129085,
              45.9452802
            ],
            [
              6.1128284,
              45.9452587
            ],
            [
              6.1127482,
              45.9454258
            ],
            [
              6.1126989,
              45.9454344
            ],
            [
              6.1126681,
              45.9456058
            ],
            [
              6.1126743,
              45.9456529
            ],
            [
              6.1127544,
              45.9456529
            ],
            [
              6.1130317,
              45.9455458
            ]
          ]
        ]
      }
    },
    {
      "type": "Feature",
      "properties": {
        "fid": 101,
        "id": 788209334,
        "description": null,
        "layer": null,
        "name:es": null,
        "tourism": null,
        "note": null,
        "wetland": null,
        "name:nl": null,
        "amenity": null,
        "ele": null,
        "golf": null,
        "swimming": null,
        "boat": null,
        "landuse": null,
        "wheelchair": null,
        "artist_name": null,
        "intermittent": "yes",
        "type": null,
        "basin": null,
        "wikimedia_commons": null,
        "toilets:wheelchair": null,
        "wikidata": null,
        "source": null,
        "drinking_water": null,
        "level": null,
        "fountain": null,
        "tidal": null,
        "salt": null,
        "artwork_type": null,
        "name:en": null,
        "wikipedia": null,
        "water": "basin",
        "name": null,
        "natural": "water",
        "name:de": null,
        "name:it": null,
        "surface": null,
        "website": null
      },
      "geometry": {
        "type": "Polygon",
        "coordinates": [
          [
            [
              6.0959242,
              45.8690937
            ],
            [
              6.0960844,
              45.869173
            ],
            [
              6.0961295,
              45.8691755
            ],
            [
              6.0963336,
              45.8690325
            ],
            [
              6.0963408,
              45.8689854
            ],
            [
              6.0961402,
              45.8688077
            ],
            [
              6.0960381,
              45.8688119
            ],
            [
              6.0959147,
              45.8690647
            ],
            [
              6.0959242,
              45.8690937
            ]
          ]
        ]
      }
    },
    {
      "type": "Feature",
      "properties": {
        "fid": 102,
        "id": 801393312,
        "description": null,
        "layer": null,
        "name:es": null,
        "tourism": null,
        "note": null,
        "wetland": null,
        "name:nl": null,
        "amenity": null,
        "ele": null,
        "golf": null,
        "swimming": null,
        "boat": null,
        "landuse": null,
        "wheelchair": null,
        "artist_name": null,
        "intermittent": "yes",
        "type": null,
        "basin": null,
        "wikimedia_commons": null,
        "toilets:wheelchair": null,
        "wikidata": null,
        "source": null,
        "drinking_water": null,
        "level": null,
        "fountain": null,
        "tidal": null,
        "salt": null,
        "artwork_type": null,
        "name:en": null,
        "wikipedia": null,
        "water": "reservoir",
        "name": null,
        "natural": "water",
        "name:de": null,
        "name:it": null,
        "surface": null,
        "website": null
      },
      "geometry": {
        "type": "Polygon",
        "coordinates": [
          [
            [
              6.1662507,
              45.9593843
            ],
            [
              6.166327,
              45.959344
            ],
            [
              6.1665618,
              45.9591892
            ],
            [
              6.1666839,
              45.9590959
            ],
            [
              6.1666869,
              45.9590429
            ],
            [
              6.1666412,
              45.9589962
            ],
            [
              6.1665191,
              45.9589602
            ],
            [
              6.166388,
              45.9589475
            ],
            [
              6.1662995,
              45.9589559
            ],
            [
              6.1662782,
              45.9589899
            ],
            [
              6.1662812,
              45.9591298
            ],
            [
              6.1662599,
              45.9592528
            ],
            [
              6.1662324,
              45.9593185
            ],
            [
              6.1662202,
              45.9593631
            ],
            [
              6.1662507,
              45.9593843
            ]
          ]
        ]
      }
    },
    {
      "type": "Feature",
      "properties": {
        "fid": 103,
        "id": 828129117,
        "description": null,
        "layer": null,
        "name:es": null,
        "tourism": null,
        "note": null,
        "wetland": null,
        "name:nl": null,
        "amenity": "fountain",
        "ele": null,
        "golf": null,
        "swimming": null,
        "boat": null,
        "landuse": null,
        "wheelchair": null,
        "artist_name": null,
        "intermittent": null,
        "type": null,
        "basin": null,
        "wikimedia_commons": null,
        "toilets:wheelchair": null,
        "wikidata": null,
        "source": null,
        "drinking_water": null,
        "level": null,
        "fountain": null,
        "tidal": null,
        "salt": null,
        "artwork_type": null,
        "name:en": null,
        "wikipedia": null,
        "water": null,
        "name": null,
        "natural": null,
        "name:de": null,
        "name:it": null,
        "surface": null,
        "website": null
      },
      "geometry": {
        "type": "Polygon",
        "coordinates": [
          [
            [
              6.2146187,
              45.8397967
            ],
            [
              6.214625,
              45.8398004
            ],
            [
              6.2146274,
              45.8398059
            ],
            [
              6.2146249,
              45.8398114
            ],
            [
              6.2146192,
              45.8398147
            ],
            [
              6.2146119,
              45.8398156
            ],
            [
              6.214605,
              45.8398138
            ],
            [
              6.2146187,
              45.8397967
            ]
          ]
        ]
      }
    },
    {
      "type": "Feature",
      "properties": {
        "fid": 104,
        "id": 840446213,
        "description": null,
        "layer": null,
        "name:es": null,
        "tourism": null,
        "note": null,
        "wetland": null,
        "name:nl": null,
        "amenity": "fountain",
        "ele": null,
        "golf": null,
        "swimming": null,
        "boat": null,
        "landuse": null,
        "wheelchair": null,
        "artist_name": null,
        "intermittent": null,
        "type": null,
        "basin": null,
        "wikimedia_commons": "File:Fontaine place Ste Claire Annecy 4.jpg",
        "toilets:wheelchair": null,
        "wikidata": null,
        "source": null,
        "drinking_water": null,
        "level": null,
        "fountain": null,
        "tidal": null,
        "salt": null,
        "artwork_type": null,
        "name:en": null,
        "wikipedia": null,
        "water": null,
        "name": null,
        "natural": null,
        "name:de": null,
        "name:it": null,
        "surface": null,
        "website": null
      },
      "geometry": {
        "type": "Polygon",
        "coordinates": [
          [
            [
              6.1236197,
              45.8983813
            ],
            [
              6.1236152,
              45.8983854
            ],
            [
              6.1236126,
              45.8983901
            ],
            [
              6.123612,
              45.8983952
            ],
            [
              6.1236136,
              45.8984002
            ],
            [
              6.1236171,
              45.8984047
            ],
            [
              6.1236224,
              45.8984083
            ],
            [
              6.1236289,
              45.8984107
            ],
            [
              6.123636,
              45.8984117
            ],
            [
              6.1236433,
              45.8984113
            ],
            [
              6.1236501,
              45.8984094
            ],
            [
              6.1236558,
              45.8984063
            ],
            [
              6.1236601,
              45.8984022
            ],
            [
              6.1236625,
              45.8983974
            ],
            [
              6.1236628,
              45.8983924
            ],
            [
              6.1236611,
              45.8983874
            ],
            [
              6.1236575,
              45.898383
            ],
            [
              6.1236522,
              45.8983795
            ],
            [
              6.1236459,
              45.8983773
            ],
            [
              6.123639,
              45.8983763
            ],
            [
              6.123632,
              45.8983767
            ],
            [
              6.1236254,
              45.8983784
            ],
            [
              6.1236197,
              45.8983813
            ]
          ]
        ]
      }
    },
    {
      "type": "Feature",
      "properties": {
        "fid": 105,
        "id": 842361004,
        "description": null,
        "layer": null,
        "name:es": null,
        "tourism": null,
        "note": null,
        "wetland": null,
        "name:nl": null,
        "amenity": "fountain",
        "ele": null,
        "golf": null,
        "swimming": null,
        "boat": null,
        "landuse": null,
        "wheelchair": null,
        "artist_name": null,
        "intermittent": null,
        "type": null,
        "basin": null,
        "wikimedia_commons": "File:Fontaine Jardins Europe Annecy 7.jpg",
        "toilets:wheelchair": null,
        "wikidata": null,
        "source": null,
        "drinking_water": null,
        "level": null,
        "fountain": null,
        "tidal": null,
        "salt": null,
        "artwork_type": null,
        "name:en": null,
        "wikipedia": null,
        "water": null,
        "name": null,
        "natural": null,
        "name:de": null,
        "name:it": null,
        "surface": null,
        "website": null
      },
      "geometry": {
        "type": "Polygon",
        "coordinates": [
          [
            [
              6.1314031,
              45.8992846
            ],
            [
              6.1313912,
              45.8992847
            ],
            [
              6.131391,
              45.8992757
            ],
            [
              6.1313872,
              45.8992742
            ],
            [
              6.1313834,
              45.8992719
            ],
            [
              6.1313801,
              45.8992688
            ],
            [
              6.131378,
              45.8992652
            ],
            [
              6.1313771,
              45.8992608
            ],
            [
              6.1313777,
              45.8992568
            ],
            [
              6.1313798,
              45.8992529
            ],
            [
              6.1313833,
              45.8992495
            ],
            [
              6.1313879,
              45.8992468
            ],
            [
              6.1313897,
              45.8992461
            ],
            [
              6.1313898,
              45.8992395
            ],
            [
              6.1314035,
              45.8992396
            ],
            [
              6.131408,
              45.8992357
            ],
            [
              6.1314127,
              45.8992332
            ],
            [
              6.1314184,
              45.8992315
            ],
            [
              6.1314241,
              45.8992308
            ],
            [
              6.1314295,
              45.899231
            ],
            [
              6.1314355,
              45.8992323
            ],
            [
              6.1314404,
              45.8992342
            ],
            [
              6.1314448,
              45.8992372
            ],
            [
              6.131447,
              45.8992393
            ],
            [
              6.131456,
              45.8992397
            ],
            [
              6.1314559,
              45.8992461
            ],
            [
              6.1314615,
              45.8992489
            ],
            [
              6.131465,
              45.899252
            ],
            [
              6.1314676,
              45.8992556
            ],
            [
              6.1314688,
              45.8992596
            ],
            [
              6.1314686,
              45.8992639
            ],
            [
              6.1314669,
              45.899268
            ],
            [
              6.1314639,
              45.8992716
            ],
            [
              6.1314595,
              45.8992747
            ],
            [
              6.131456,
              45.8992762
            ],
            [
              6.1314565,
              45.8992846
            ],
            [
              6.1314442,
              45.899285
            ],
            [
              6.1314431,
              45.899286
            ],
            [
              6.131439,
              45.8992888
            ],
            [
              6.1314335,
              45.8992911
            ],
            [
              6.1314282,
              45.8992922
            ],
            [
              6.1314225,
              45.8992924
            ],
            [
              6.1314196,
              45.8992922
            ],
            [
              6.1314163,
              45.8992916
            ],
            [
              6.1314113,
              45.89929
            ],
            [
              6.1314062,
              45.8992873
            ],
            [
              6.1314031,
              45.8992846
            ]
          ]
        ]
      }
    },
    {
      "type": "Feature",
      "properties": {
        "fid": 106,
        "id": 843046568,
        "description": null,
        "layer": null,
        "name:es": null,
        "tourism": null,
        "note": null,
        "wetland": null,
        "name:nl": null,
        "amenity": "fountain",
        "ele": null,
        "golf": null,
        "swimming": null,
        "boat": null,
        "landuse": null,
        "wheelchair": null,
        "artist_name": null,
        "intermittent": null,
        "type": null,
        "basin": null,
        "wikimedia_commons": null,
        "toilets:wheelchair": null,
        "wikidata": null,
        "source": null,
        "drinking_water": null,
        "level": null,
        "fountain": null,
        "tidal": null,
        "salt": null,
        "artwork_type": null,
        "name:en": null,
        "wikipedia": null,
        "water": null,
        "name": null,
        "natural": null,
        "name:de": null,
        "name:it": null,
        "surface": null,
        "website": null
      },
      "geometry": {
        "type": "Polygon",
        "coordinates": [
          [
            [
              6.0839091,
              45.8621143
            ],
            [
              6.0839333,
              45.8621264
            ],
            [
              6.0839628,
              45.8621231
            ],
            [
              6.0839802,
              45.8621062
            ],
            [
              6.0839754,
              45.8620856
            ],
            [
              6.0839511,
              45.8620735
            ],
            [
              6.0839216,
              45.8620769
            ],
            [
              6.0839042,
              45.8620938
            ],
            [
              6.0839091,
              45.8621143
            ]
          ]
        ]
      }
    },
    {
      "type": "Feature",
      "properties": {
        "fid": 107,
        "id": 877991589,
        "description": null,
        "layer": null,
        "name:es": null,
        "tourism": null,
        "note": null,
        "wetland": null,
        "name:nl": null,
        "amenity": null,
        "ele": null,
        "golf": null,
        "swimming": null,
        "boat": null,
        "landuse": null,
        "wheelchair": null,
        "artist_name": null,
        "intermittent": null,
        "type": null,
        "basin": "detention",
        "wikimedia_commons": null,
        "toilets:wheelchair": null,
        "wikidata": null,
        "source": null,
        "drinking_water": null,
        "level": null,
        "fountain": null,
        "tidal": null,
        "salt": null,
        "artwork_type": null,
        "name:en": null,
        "wikipedia": null,
        "water": "basin",
        "name": null,
        "natural": "water",
        "name:de": null,
        "name:it": null,
        "surface": null,
        "website": null
      },
      "geometry": {
        "type": "Polygon",
        "coordinates": [
          [
            [
              6.1148217,
              45.8845985
            ],
            [
              6.1150268,
              45.8848202
            ],
            [
              6.1152647,
              45.8847135
            ],
            [
              6.1150595,
              45.8844918
            ],
            [
              6.1148217,
              45.8845985
            ]
          ]
        ]
      }
    },
    {
      "type": "Feature",
      "properties": {
        "fid": 108,
        "id": 891362266,
        "description": null,
        "layer": null,
        "name:es": null,
        "tourism": null,
        "note": null,
        "wetland": null,
        "name:nl": null,
        "amenity": null,
        "ele": null,
        "golf": null,
        "swimming": null,
        "boat": null,
        "landuse": null,
        "wheelchair": null,
        "artist_name": null,
        "intermittent": "yes",
        "type": null,
        "basin": "retention",
        "wikimedia_commons": null,
        "toilets:wheelchair": null,
        "wikidata": null,
        "source": null,
        "drinking_water": null,
        "level": null,
        "fountain": null,
        "tidal": null,
        "salt": null,
        "artwork_type": null,
        "name:en": null,
        "wikipedia": null,
        "water": "basin",
        "name": null,
        "natural": "water",
        "name:de": null,
        "name:it": null,
        "surface": null,
        "website": null
      },
      "geometry": {
        "type": "Polygon",
        "coordinates": [
          [
            [
              6.0821619,
              45.9215785
            ],
            [
              6.0819353,
              45.9209742
            ],
            [
              6.0819493,
              45.9209263
            ],
            [
              6.0820054,
              45.9208946
            ],
            [
              6.0820684,
              45.9208703
            ],
            [
              6.0821502,
              45.9208589
            ],
            [
              6.0822179,
              45.9208752
            ],
            [
              6.0823159,
              45.920971
            ],
            [
              6.082435,
              45.9211123
            ],
            [
              6.0824957,
              45.9212276
            ],
            [
              6.082491,
              45.9213007
            ],
            [
              6.0824514,
              45.9214209
            ],
            [
              6.082414,
              45.921533
            ],
            [
              6.0822296,
              45.9215898
            ],
            [
              6.0821619,
              45.9215785
            ]
          ]
        ]
      }
    },
    {
      "type": "Feature",
      "properties": {
        "fid": 109,
        "id": 906870220,
        "description": null,
        "layer": null,
        "name:es": null,
        "tourism": null,
        "note": null,
        "wetland": null,
        "name:nl": null,
        "amenity": null,
        "ele": null,
        "golf": null,
        "swimming": null,
        "boat": null,
        "landuse": null,
        "wheelchair": null,
        "artist_name": null,
        "intermittent": null,
        "type": null,
        "basin": null,
        "wikimedia_commons": null,
        "toilets:wheelchair": null,
        "wikidata": null,
        "source": null,
        "drinking_water": null,
        "level": null,
        "fountain": null,
        "tidal": null,
        "salt": null,
        "artwork_type": null,
        "name:en": null,
        "wikipedia": null,
        "water": null,
        "name": null,
        "natural": "wetland",
        "name:de": null,
        "name:it": null,
        "surface": null,
        "website": null
      },
      "geometry": {
        "type": "Polygon",
        "coordinates": [
          [
            [
              6.0817748,
              45.8776179
            ],
            [
              6.0815701,
              45.8774105
            ],
            [
              6.081233,
              45.8770689
            ],
            [
              6.0803586,
              45.8762585
            ],
            [
              6.0802084,
              45.8753584
            ],
            [
              6.0799617,
              45.8745068
            ],
            [
              6.0800421,
              45.8744508
            ],
            [
              6.0810024,
              45.8753341
            ],
            [
              6.0813671,
              45.8757057
            ],
            [
              6.0817453,
              45.8761838
            ],
            [
              6.0815522,
              45.8765927
            ],
            [
              6.0816032,
              45.8768822
            ],
            [
              6.0819156,
              45.8772846
            ],
            [
              6.0820162,
              45.8773966
            ],
            [
              6.0823917,
              45.8778438
            ],
            [
              6.0827679,
              45.8785102
            ],
            [
              6.0825232,
              45.8785721
            ],
            [
              6.0821745,
              45.8780381
            ],
            [
              6.0817748,
              45.8776179
            ]
          ]
        ]
      }
    },
    {
      "type": "Feature",
      "properties": {
        "fid": 110,
        "id": 944315106,
        "description": null,
        "layer": null,
        "name:es": null,
        "tourism": null,
        "note": null,
        "wetland": null,
        "name:nl": null,
        "amenity": null,
        "ele": null,
        "golf": null,
        "swimming": null,
        "boat": null,
        "landuse": null,
        "wheelchair": null,
        "artist_name": null,
        "intermittent": null,
        "type": null,
        "basin": null,
        "wikimedia_commons": null,
        "toilets:wheelchair": null,
        "wikidata": null,
        "source": null,
        "drinking_water": null,
        "level": null,
        "fountain": null,
        "tidal": null,
        "salt": null,
        "artwork_type": null,
        "name:en": null,
        "wikipedia": null,
        "water": "pond",
        "name": "L'Étang",
        "natural": "water",
        "name:de": null,
        "name:it": null,
        "surface": null,
        "website": null
      },
      "geometry": {
        "type": "Polygon",
        "coordinates": [
          [
            [
              6.1363612,
              45.8578016
            ],
            [
              6.1363349,
              45.8576924
            ],
            [
              6.1363506,
              45.857573
            ],
            [
              6.1363623,
              45.857463
            ],
            [
              6.1365004,
              45.8574226
            ],
            [
              6.1365453,
              45.8574351
            ],
            [
              6.1365734,
              45.857563
            ],
            [
              6.1364668,
              45.8577035
            ],
            [
              6.1364296,
              45.8577559
            ],
            [
              6.1363612,
              45.8578016
            ]
          ]
        ]
      }
    },
    {
      "type": "Feature",
      "properties": {
        "fid": 111,
        "id": 946782116,
        "description": null,
        "layer": null,
        "name:es": null,
        "tourism": null,
        "note": null,
        "wetland": null,
        "name:nl": null,
        "amenity": null,
        "ele": null,
        "golf": null,
        "swimming": null,
        "boat": null,
        "landuse": null,
        "wheelchair": null,
        "artist_name": null,
        "intermittent": null,
        "type": null,
        "basin": null,
        "wikimedia_commons": null,
        "toilets:wheelchair": null,
        "wikidata": null,
        "source": null,
        "drinking_water": null,
        "level": null,
        "fountain": null,
        "tidal": null,
        "salt": null,
        "artwork_type": null,
        "name:en": null,
        "wikipedia": null,
        "water": "reservoir",
        "name": null,
        "natural": "water",
        "name:de": null,
        "name:it": null,
        "surface": null,
        "website": null
      },
      "geometry": {
        "type": "Polygon",
        "coordinates": [
          [
            [
              6.1438188,
              45.963026
            ],
            [
              6.143867,
              45.9630074
            ],
            [
              6.1438295,
              45.9629496
            ],
            [
              6.1437758,
              45.9629608
            ],
            [
              6.1438188,
              45.963026
            ]
          ]
        ]
      }
    },
    {
      "type": "Feature",
      "properties": {
        "fid": 112,
        "id": 961368178,
        "description": null,
        "layer": null,
        "name:es": null,
        "tourism": null,
        "note": null,
        "wetland": null,
        "name:nl": null,
        "amenity": "fountain",
        "ele": null,
        "golf": null,
        "swimming": null,
        "boat": null,
        "landuse": null,
        "wheelchair": null,
        "artist_name": null,
        "intermittent": null,
        "type": null,
        "basin": null,
        "wikimedia_commons": null,
        "toilets:wheelchair": null,
        "wikidata": null,
        "source": null,
        "drinking_water": null,
        "level": null,
        "fountain": null,
        "tidal": null,
        "salt": null,
        "artwork_type": null,
        "name:en": null,
        "wikipedia": null,
        "water": null,
        "name": null,
        "natural": null,
        "name:de": null,
        "name:it": null,
        "surface": null,
        "website": null
      },
      "geometry": {
        "type": "Polygon",
        "coordinates": [
          [
            [
              6.1312078,
              45.9178952
            ],
            [
              6.1312108,
              45.9179003
            ],
            [
              6.1312148,
              45.9179033
            ],
            [
              6.1312203,
              45.9179058
            ],
            [
              6.1312255,
              45.9179061
            ],
            [
              6.1312313,
              45.9179048
            ],
            [
              6.1312377,
              45.9179022
            ],
            [
              6.131241,
              45.9179003
            ],
            [
              6.131249,
              45.9179024
            ],
            [
              6.1312563,
              45.9179027
            ],
            [
              6.1312645,
              45.917902
            ],
            [
              6.1312691,
              45.9178982
            ],
            [
              6.1312731,
              45.9178937
            ],
            [
              6.131274,
              45.9178886
            ],
            [
              6.1312725,
              45.9178842
            ],
            [
              6.1312847,
              45.9178821
            ],
            [
              6.1312905,
              45.9178793
            ],
            [
              6.1312954,
              45.9178742
            ],
            [
              6.131296,
              45.9178689
            ],
            [
              6.1312954,
              45.9178634
            ],
            [
              6.1312917,
              45.9178585
            ],
            [
              6.131285,
              45.9178551
            ],
            [
              6.1312755,
              45.9178547
            ],
            [
              6.1312645,
              45.9178553
            ],
            [
              6.1312572,
              45.9178568
            ],
            [
              6.1312514,
              45.91786
            ],
            [
              6.1312493,
              45.917864
            ],
            [
              6.1312435,
              45.9178642
            ],
            [
              6.1312438,
              45.9178589
            ],
            [
              6.131242,
              45.9178566
            ],
            [
              6.1312386,
              45.917854
            ],
            [
              6.1312319,
              45.9178525
            ],
            [
              6.131224,
              45.9178528
            ],
            [
              6.1312175,
              45.9178538
            ],
            [
              6.1312059,
              45.9178591
            ],
            [
              6.1312023,
              45.9178617
            ],
            [
              6.1312008,
              45.9178661
            ],
            [
              6.1312008,
              45.9178697
            ],
            [
              6.1312008,
              45.9178731
            ],
            [
              6.131195,
              45.9178765
            ],
            [
              6.1311913,
              45.9178793
            ],
            [
              6.1311904,
              45.9178825
            ],
            [
              6.1311916,
              45.9178869
            ],
            [
              6.1311956,
              45.9178918
            ],
            [
              6.1312008,
              45.9178935
            ],
            [
              6.1312078,
              45.9178952
            ]
          ]
        ]
      }
    },
    {
      "type": "Feature",
      "properties": {
        "fid": 113,
        "id": 1009302876,
        "description": null,
        "layer": null,
        "name:es": null,
        "tourism": null,
        "note": null,
        "wetland": null,
        "name:nl": null,
        "amenity": null,
        "ele": null,
        "golf": null,
        "swimming": null,
        "boat": "no",
        "landuse": null,
        "wheelchair": null,
        "artist_name": null,
        "intermittent": null,
        "type": null,
        "basin": null,
        "wikimedia_commons": null,
        "toilets:wheelchair": null,
        "wikidata": null,
        "source": null,
        "drinking_water": null,
        "level": null,
        "fountain": null,
        "tidal": null,
        "salt": null,
        "artwork_type": null,
        "name:en": null,
        "wikipedia": null,
        "water": "river",
        "name": "Le Fier",
        "natural": "water",
        "name:de": null,
        "name:it": null,
        "surface": null,
        "website": null
      },
      "geometry": {
        "type": "Polygon",
        "coordinates": [
          [
            [
              6.0610561,
              45.904487
            ],
            [
              6.0610955,
              45.9045513
            ],
            [
              6.0611361,
              45.9046812
            ],
            [
              6.0615822,
              45.9046206
            ],
            [
              6.0615416,
              45.9044833
            ],
            [
              6.0615771,
              45.9044767
            ],
            [
              6.0615646,
              45.9044304
            ],
            [
              6.0616122,
              45.9044217
            ],
            [
              6.0616274,
              45.9043806
            ],
            [
              6.0616207,
              45.9042285
            ],
            [
              6.0616033,
              45.903998
            ],
            [
              6.0615778,
              45.903845
            ],
            [
              6.0615778,
              45.9037373
            ],
            [
              6.0615778,
              45.9035883
            ],
            [
              6.0617132,
              45.9033214
            ],
            [
              6.0618111,
              45.9031311
            ],
            [
              6.0619453,
              45.9028007
            ],
            [
              6.0621652,
              45.9023733
            ],
            [
              6.0622752,
              45.9021866
            ],
            [
              6.0622752,
              45.9019757
            ],
            [
              6.0622457,
              45.9017218
            ],
            [
              6.0621974,
              45.9014605
            ],
            [
              6.0620391,
              45.9012216
            ],
            [
              6.0617253,
              45.9009734
            ],
            [
              6.0613579,
              45.9008035
            ],
            [
              6.0609394,
              45.9006169
            ],
            [
              6.0604915,
              45.9002043
            ],
            [
              6.0602474,
              45.8999598
            ],
            [
              6.0596976,
              45.8996238
            ],
            [
              6.0590619,
              45.8993177
            ],
            [
              6.058512,
              45.899062
            ],
            [
              6.0580131,
              45.8989724
            ],
            [
              6.0574526,
              45.8989313
            ],
            [
              6.0567525,
              45.8988473
            ],
            [
              6.0561731,
              45.8987036
            ],
            [
              6.0556501,
              45.8985113
            ],
            [
              6.055052,
              45.8982855
            ],
            [
              6.0545719,
              45.8980073
            ],
            [
              6.0539013,
              45.8977777
            ],
            [
              6.0532656,
              45.8975537
            ],
            [
              6.0528955,
              45.8974268
            ],
            [
              6.0523295,
              45.8973596
            ],
            [
              6.0517877,
              45.8973111
            ],
            [
              6.0511574,
              45.8971916
            ],
            [
              6.0507336,
              45.8970889
            ],
            [
              6.0504708,
              45.8970497
            ],
            [
              6.0501462,
              45.8970143
            ],
            [
              6.0492584,
              45.8970385
            ],
            [
              6.0486978,
              45.8971449
            ],
            [
              6.0477161,
              45.8973745
            ],
            [
              6.0472763,
              45.8974119
            ],
            [
              6.0468015,
              45.8973447
            ],
            [
              6.0465494,
              45.8972084
            ],
            [
              6.0464179,
              45.8968967
            ],
            [
              6.0461363,
              45.8965943
            ],
            [
              6.04608,
              45.8962769
            ],
            [
              6.0460129,
              45.89601
            ],
            [
              6.0458386,
              45.8958009
            ],
            [
              6.0456374,
              45.8956124
            ],
            [
              6.0453746,
              45.8954537
            ],
            [
              6.045042,
              45.8953921
            ],
            [
              6.0446799,
              45.8954574
            ],
            [
              6.0444385,
              45.8955489
            ],
            [
              6.0443258,
              45.8956366
            ],
            [
              6.0441032,
              45.8957449
            ],
            [
              6.0439315,
              45.8960492
            ],
            [
              6.0438377,
              45.8961556
            ],
            [
              6.0436687,
              45.8961351
            ],
            [
              6.0434782,
              45.8961257
            ],
            [
              6.0431966,
              45.8961183
            ],
            [
              6.0430142,
              45.8961351
            ],
            [
              6.0427648,
              45.8961537
            ],
            [
              6.0425287,
              45.8962172
            ],
            [
              6.0423598,
              45.8962919
            ],
            [
              6.0422042,
              45.8963871
            ],
            [
              6.0418984,
              45.8965401
            ],
            [
              6.0416543,
              45.8966839
            ],
            [
              6.0414478,
              45.8966951
            ],
            [
              6.0410616,
              45.8966036
            ],
            [
              6.0408363,
              45.8965103
            ],
            [
              6.0403642,
              45.896318
            ],
            [
              6.0400128,
              45.8962284
            ],
            [
              6.0397258,
              45.8961873
            ],
            [
              6.0393986,
              45.896122
            ],
            [
              6.0390714,
              45.8960567
            ],
            [
              6.0387951,
              45.8960641
            ],
            [
              6.0385698,
              45.8960623
            ],
            [
              6.0382453,
              45.8960417
            ],
            [
              6.0379958,
              45.8960604
            ],
            [
              6.0380039,
              45.8961033
            ],
            [
              6.0384129,
              45.8961183
            ],
            [
              6.038602,
              45.8961369
            ],
            [
              6.038999,
              45.8961351
            ],
            [
              6.0393155,
              45.8961612
            ],
            [
              6.0396105,
              45.8962284
            ],
            [
              6.0399967,
              45.8963161
            ],
            [
              6.0404956,
              45.8964841
            ],
            [
              6.0408577,
              45.8966409
            ],
            [
              6.0411715,
              45.8967623
            ],
            [
              6.0414532,
              45.8968183
            ],
            [
              6.0417724,
              45.8968332
            ],
            [
              6.0421211,
              45.8967977
            ],
            [
              6.04229,
              45.8966857
            ],
            [
              6.0424027,
              45.8965159
            ],
            [
              6.0424376,
              45.8963815
            ],
            [
              6.0425475,
              45.8962751
            ],
            [
              6.0427541,
              45.8962079
            ],
            [
              6.0431376,
              45.8961668
            ],
            [
              6.0433173,
              45.8961743
            ],
            [
              6.0435507,
              45.8962116
            ],
            [
              6.0437974,
              45.8962377
            ],
            [
              6.0439825,
              45.8962041
            ],
            [
              6.0441703,
              45.8960623
            ],
            [
              6.0443097,
              45.8959521
            ],
            [
              6.0445645,
              45.8958494
            ],
            [
              6.0448328,
              45.895771
            ],
            [
              6.0450983,
              45.8957505
            ],
            [
              6.0452726,
              45.8958046
            ],
            [
              6.0455972,
              45.8960454
            ],
            [
              6.0457581,
              45.8962489
            ],
            [
              6.0458145,
              45.8964599
            ],
            [
              6.0458949,
              45.8968033
            ],
            [
              6.0462919,
              45.8972009
            ],
            [
              6.046662,
              45.8974361
            ],
            [
              6.0471395,
              45.8975388
            ],
            [
              6.0475311,
              45.8975836
            ],
            [
              6.047987,
              45.897522
            ],
            [
              6.0486174,
              45.8974268
            ],
            [
              6.04895,
              45.8973036
            ],
            [
              6.04954,
              45.8972009
            ],
            [
              6.0500792,
              45.8971879
            ],
            [
              6.0505941,
              45.8972756
            ],
            [
              6.0512379,
              45.8974604
            ],
            [
              6.051608,
              45.8974847
            ],
            [
              6.0523698,
              45.8975743
            ],
            [
              6.0532469,
              45.8977124
            ],
            [
              6.053912,
              45.8979327
            ],
            [
              6.0544914,
              45.8981809
            ],
            [
              6.0552478,
              45.8985468
            ],
            [
              6.0560149,
              45.8988679
            ],
            [
              6.0565916,
              45.8989911
            ],
            [
              6.0571602,
              45.8990825
            ],
            [
              6.0578307,
              45.8991665
            ],
            [
              6.0585496,
              45.8993532
            ],
            [
              6.0592362,
              45.8996276
            ],
            [
              6.0599416,
              45.8999785
            ],
            [
              6.0604003,
              45.9004731
            ],
            [
              6.0606283,
              45.9007382
            ],
            [
              6.0609743,
              45.9010387
            ],
            [
              6.0614195,
              45.9012011
            ],
            [
              6.061846,
              45.9015259
            ],
            [
              6.0619426,
              45.9017442
            ],
            [
              6.0620391,
              45.9019925
            ],
            [
              6.0620123,
              45.9022071
            ],
            [
              6.0619158,
              45.9025132
            ],
            [
              6.0617173,
              45.9029388
            ],
            [
              6.0616408,
              45.9031115
            ],
            [
              6.0613699,
              45.9037274
            ],
            [
              6.06115,
              45.9039252
            ],
            [
              6.0609622,
              45.9041865
            ],
            [
              6.0608871,
              45.9042761
            ],
            [
              6.0610132,
              45.9043993
            ],
            [
              6.0610561,
              45.904487
            ]
          ]
        ]
      }
    },
    {
      "type": "Feature",
      "properties": {
        "fid": 114,
        "id": 1014343029,
        "description": null,
        "layer": null,
        "name:es": null,
        "tourism": null,
        "note": null,
        "wetland": null,
        "name:nl": null,
        "amenity": null,
        "ele": null,
        "golf": null,
        "swimming": null,
        "boat": null,
        "landuse": null,
        "wheelchair": null,
        "artist_name": null,
        "intermittent": "yes",
        "type": null,
        "basin": null,
        "wikimedia_commons": null,
        "toilets:wheelchair": null,
        "wikidata": null,
        "source": null,
        "drinking_water": null,
        "level": null,
        "fountain": null,
        "tidal": null,
        "salt": null,
        "artwork_type": null,
        "name:en": null,
        "wikipedia": null,
        "water": "basin",
        "name": null,
        "natural": "water",
        "name:de": null,
        "name:it": null,
        "surface": null,
        "website": null
      },
      "geometry": {
        "type": "Polygon",
        "coordinates": [
          [
            [
              6.0903069,
              45.9302963
            ],
            [
              6.0906992,
              45.9300657
            ],
            [
              6.0920675,
              45.9301631
            ],
            [
              6.0920581,
              45.9302086
            ],
            [
              6.0909794,
              45.9302703
            ],
            [
              6.0909654,
              45.9302443
            ],
            [
              6.0907365,
              45.9302573
            ],
            [
              6.0903396,
              45.9303385
            ],
            [
              6.0903069,
              45.9302963
            ]
          ]
        ]
      }
    },
    {
      "type": "Feature",
      "properties": {
        "fid": 115,
        "id": 1014343030,
        "description": null,
        "layer": null,
        "name:es": null,
        "tourism": null,
        "note": null,
        "wetland": null,
        "name:nl": null,
        "amenity": null,
        "ele": null,
        "golf": null,
        "swimming": null,
        "boat": null,
        "landuse": null,
        "wheelchair": null,
        "artist_name": null,
        "intermittent": "yes",
        "type": null,
        "basin": null,
        "wikimedia_commons": null,
        "toilets:wheelchair": null,
        "wikidata": null,
        "source": null,
        "drinking_water": null,
        "level": null,
        "fountain": null,
        "tidal": null,
        "salt": null,
        "artwork_type": null,
        "name:en": null,
        "wikipedia": null,
        "water": "basin",
        "name": null,
        "natural": "water",
        "name:de": null,
        "name:it": null,
        "surface": null,
        "website": null
      },
      "geometry": {
        "type": "Polygon",
        "coordinates": [
          [
            [
              6.0893355,
              45.9290457
            ],
            [
              6.0893494,
              45.9289347
            ],
            [
              6.0893616,
              45.9288776
            ],
            [
              6.0893796,
              45.9288559
            ],
            [
              6.0893916,
              45.9288456
            ],
            [
              6.0894083,
              45.9288419
            ],
            [
              6.0894513,
              45.9288398
            ],
            [
              6.0894873,
              45.9288538
            ],
            [
              6.08951,
              45.9288785
            ],
            [
              6.089514,
              45.9289074
            ],
            [
              6.0895076,
              45.9289326
            ],
            [
              6.0894687,
              45.9289316
            ],
            [
              6.0894577,
              45.9290088
            ],
            [
              6.0894557,
              45.9290693
            ],
            [
              6.089441,
              45.9291027
            ],
            [
              6.0894242,
              45.9291187
            ],
            [
              6.0894064,
              45.9291227
            ],
            [
              6.0893843,
              45.9291196
            ],
            [
              6.0893497,
              45.9291019
            ],
            [
              6.0893368,
              45.929083
            ],
            [
              6.0893355,
              45.9290457
            ]
          ]
        ]
      }
    },
    {
      "type": "Feature",
      "properties": {
        "fid": 116,
        "id": 1015907540,
        "description": null,
        "layer": null,
        "name:es": null,
        "tourism": null,
        "note": null,
        "wetland": null,
        "name:nl": null,
        "amenity": null,
        "ele": null,
        "golf": null,
        "swimming": null,
        "boat": null,
        "landuse": null,
        "wheelchair": null,
        "artist_name": null,
        "intermittent": "yes",
        "type": null,
        "basin": null,
        "wikimedia_commons": null,
        "toilets:wheelchair": null,
        "wikidata": null,
        "source": null,
        "drinking_water": null,
        "level": null,
        "fountain": null,
        "tidal": null,
        "salt": null,
        "artwork_type": null,
        "name:en": null,
        "wikipedia": null,
        "water": "basin",
        "name": null,
        "natural": "water",
        "name:de": null,
        "name:it": null,
        "surface": null,
        "website": null
      },
      "geometry": {
        "type": "Polygon",
        "coordinates": [
          [
            [
              6.0561968,
              45.8476119
            ],
            [
              6.0561538,
              45.8475297
            ],
            [
              6.0561968,
              45.8467412
            ],
            [
              6.0562397,
              45.8466814
            ],
            [
              6.0562987,
              45.8466665
            ],
            [
              6.056406,
              45.8466665
            ],
            [
              6.0564864,
              45.8467151
            ],
            [
              6.0564543,
              45.8475708
            ],
            [
              6.0563845,
              45.8476193
            ],
            [
              6.056288,
              45.8476268
            ],
            [
              6.0561968,
              45.8476119
            ]
          ]
        ]
      }
    },
    {
      "type": "Feature",
      "properties": {
        "fid": 117,
        "id": 1028735282,
        "description": null,
        "layer": null,
        "name:es": null,
        "tourism": null,
        "note": null,
        "wetland": null,
        "name:nl": null,
        "amenity": null,
        "ele": null,
        "golf": null,
        "swimming": null,
        "boat": null,
        "landuse": null,
        "wheelchair": null,
        "artist_name": null,
        "intermittent": "yes",
        "type": null,
        "basin": null,
        "wikimedia_commons": null,
        "toilets:wheelchair": null,
        "wikidata": null,
        "source": null,
        "drinking_water": null,
        "level": null,
        "fountain": null,
        "tidal": null,
        "salt": null,
        "artwork_type": null,
        "name:en": null,
        "wikipedia": null,
        "water": "basin",
        "name": null,
        "natural": "water",
        "name:de": null,
        "name:it": null,
        "surface": null,
        "website": null
      },
      "geometry": {
        "type": "Polygon",
        "coordinates": [
          [
            [
              6.1182065,
              45.9287208
            ],
            [
              6.1185767,
              45.9285846
            ],
            [
              6.1186786,
              45.9286313
            ],
            [
              6.1187671,
              45.9287339
            ],
            [
              6.1187752,
              45.9288234
            ],
            [
              6.1188181,
              45.9288626
            ],
            [
              6.1188672,
              45.9289594
            ],
            [
              6.1188824,
              45.9289895
            ],
            [
              6.1191609,
              45.9294831
            ],
            [
              6.1192392,
              45.9296219
            ],
            [
              6.1193009,
              45.9297935
            ],
            [
              6.1192821,
              45.9299502
            ],
            [
              6.1191426,
              45.9300472
            ],
            [
              6.11892,
              45.9301144
            ],
            [
              6.1188985,
              45.9300976
            ],
            [
              6.118979,
              45.9300211
            ],
            [
              6.1191078,
              45.9299353
            ],
            [
              6.1191534,
              45.9298495
            ],
            [
              6.1191051,
              45.9297189
            ],
            [
              6.1189843,
              45.9295847
            ],
            [
              6.1185694,
              45.9291239
            ],
            [
              6.1184603,
              45.9290027
            ],
            [
              6.1182065,
              45.9287208
            ]
          ]
        ]
      }
    },
    {
      "type": "Feature",
      "properties": {
        "fid": 118,
        "id": 1030207890,
        "description": null,
        "layer": null,
        "name:es": null,
        "tourism": null,
        "note": null,
        "wetland": null,
        "name:nl": null,
        "amenity": null,
        "ele": null,
        "golf": null,
        "swimming": null,
        "boat": null,
        "landuse": null,
        "wheelchair": null,
        "artist_name": null,
        "intermittent": "yes",
        "type": null,
        "basin": null,
        "wikimedia_commons": null,
        "toilets:wheelchair": null,
        "wikidata": null,
        "source": null,
        "drinking_water": null,
        "level": null,
        "fountain": null,
        "tidal": null,
        "salt": null,
        "artwork_type": null,
        "name:en": null,
        "wikipedia": null,
        "water": "basin",
        "name": null,
        "natural": "water",
        "name:de": null,
        "name:it": null,
        "surface": null,
        "website": null
      },
      "geometry": {
        "type": "Polygon",
        "coordinates": [
          [
            [
              6.2108544,
              45.8489287
            ],
            [
              6.2108477,
              45.8490174
            ],
            [
              6.2108303,
              45.8490557
            ],
            [
              6.2105312,
              45.8492323
            ],
            [
              6.210318,
              45.8493799
            ],
            [
              6.2101906,
              45.84952
            ],
            [
              6.2101182,
              45.8495134
            ],
            [
              6.2100431,
              45.8494555
            ],
            [
              6.2100001,
              45.8494163
            ],
            [
              6.2099787,
              45.8493967
            ],
            [
              6.2103609,
              45.8491912
            ],
            [
              6.2106399,
              45.8490249
            ],
            [
              6.2108182,
              45.8489305
            ],
            [
              6.2108544,
              45.8489287
            ]
          ]
        ]
      }
    },
    {
      "type": "Feature",
      "properties": {
        "fid": 119,
        "id": 1032013980,
        "description": null,
        "layer": null,
        "name:es": null,
        "tourism": null,
        "note": null,
        "wetland": null,
        "name:nl": null,
        "amenity": null,
        "ele": null,
        "golf": null,
        "swimming": null,
        "boat": null,
        "landuse": null,
        "wheelchair": null,
        "artist_name": null,
        "intermittent": "yes",
        "type": null,
        "basin": null,
        "wikimedia_commons": null,
        "toilets:wheelchair": null,
        "wikidata": null,
        "source": null,
        "drinking_water": null,
        "level": null,
        "fountain": null,
        "tidal": null,
        "salt": null,
        "artwork_type": null,
        "name:en": null,
        "wikipedia": null,
        "water": "basin",
        "name": null,
        "natural": "water",
        "name:de": null,
        "name:it": null,
        "surface": null,
        "website": null
      },
      "geometry": {
        "type": "Polygon",
        "coordinates": [
          [
            [
              6.0423497,
              45.947693
            ],
            [
              6.0423012,
              45.9477132
            ],
            [
              6.0422649,
              45.9477434
            ],
            [
              6.0422448,
              45.9477801
            ],
            [
              6.0422429,
              45.9478193
            ],
            [
              6.0422596,
              45.9478569
            ],
            [
              6.0422926,
              45.9478884
            ],
            [
              6.0423385,
              45.9479107
            ],
            [
              6.0423923,
              45.9479216
            ],
            [
              6.0424482,
              45.9479197
            ],
            [
              6.0425003,
              45.9479054
            ],
            [
              6.042543,
              45.9478801
            ],
            [
              6.0425716,
              45.9478466
            ],
            [
              6.042583,
              45.9478085
            ],
            [
              6.0425762,
              45.9477698
            ],
            [
              6.0425517,
              45.9477348
            ],
            [
              6.0425118,
              45.9477069
            ],
            [
              6.0424611,
              45.9476897
            ],
            [
              6.042405,
              45.9476848
            ],
            [
              6.0423497,
              45.947693
            ]
          ]
        ]
      }
    },
    {
      "type": "Feature",
      "properties": {
        "fid": 120,
        "id": 1032066871,
        "description": null,
        "layer": null,
        "name:es": null,
        "tourism": null,
        "note": null,
        "wetland": null,
        "name:nl": null,
        "amenity": null,
        "ele": null,
        "golf": null,
        "swimming": null,
        "boat": null,
        "landuse": null,
        "wheelchair": null,
        "artist_name": null,
        "intermittent": "yes",
        "type": null,
        "basin": null,
        "wikimedia_commons": null,
        "toilets:wheelchair": null,
        "wikidata": null,
        "source": null,
        "drinking_water": null,
        "level": null,
        "fountain": null,
        "tidal": null,
        "salt": null,
        "artwork_type": null,
        "name:en": null,
        "wikipedia": null,
        "water": "basin",
        "name": null,
        "natural": "water",
        "name:de": null,
        "name:it": null,
        "surface": null,
        "website": null
      },
      "geometry": {
        "type": "Polygon",
        "coordinates": [
          [
            [
              6.0418197,
              45.9628843
            ],
            [
              6.0420441,
              45.9626193
            ],
            [
              6.0420369,
              45.9625893
            ],
            [
              6.0420081,
              45.9625903
            ],
            [
              6.0417723,
              45.9627653
            ],
            [
              6.0416773,
              45.9628253
            ],
            [
              6.0417248,
              45.9628653
            ],
            [
              6.0417723,
              45.9628833
            ],
            [
              6.0418197,
              45.9628843
            ]
          ]
        ]
      }
    },
    {
      "type": "Feature",
      "properties": {
        "fid": 121,
        "id": 1038754499,
        "description": null,
        "layer": null,
        "name:es": null,
        "tourism": null,
        "note": null,
        "wetland": null,
        "name:nl": null,
        "amenity": null,
        "ele": null,
        "golf": null,
        "swimming": null,
        "boat": null,
        "landuse": null,
        "wheelchair": null,
        "artist_name": null,
        "intermittent": null,
        "type": null,
        "basin": null,
        "wikimedia_commons": null,
        "toilets:wheelchair": null,
        "wikidata": null,
        "source": null,
        "drinking_water": null,
        "level": null,
        "fountain": null,
        "tidal": null,
        "salt": null,
        "artwork_type": null,
        "name:en": null,
        "wikipedia": null,
        "water": "reservoir",
        "name": null,
        "natural": "water",
        "name:de": null,
        "name:it": null,
        "surface": null,
        "website": null
      },
      "geometry": {
        "type": "Polygon",
        "coordinates": [
          [
            [
              6.1290744,
              45.9550645
            ],
            [
              6.1291562,
              45.9550755
            ],
            [
              6.1293145,
              45.9550169
            ],
            [
              6.1294305,
              45.9549453
            ],
            [
              6.1294569,
              45.9549178
            ],
            [
              6.1293593,
              45.9547803
            ],
            [
              6.1291773,
              45.9546207
            ],
            [
              6.1290929,
              45.9545437
            ],
            [
              6.1290084,
              45.9545217
            ],
            [
              6.1289451,
              45.954518
            ],
            [
              6.1288475,
              45.9545474
            ],
            [
              6.1287499,
              45.9546244
            ],
            [
              6.1287235,
              45.9546904
            ],
            [
              6.1287552,
              45.9547564
            ],
            [
              6.1290744,
              45.9550645
            ]
          ]
        ]
      }
    },
    {
      "type": "Feature",
      "properties": {
        "fid": 122,
        "id": 1062267903,
        "description": null,
        "layer": null,
        "name:es": null,
        "tourism": null,
        "note": null,
        "wetland": null,
        "name:nl": null,
        "amenity": null,
        "ele": null,
        "golf": null,
        "swimming": null,
        "boat": null,
        "landuse": null,
        "wheelchair": null,
        "artist_name": null,
        "intermittent": null,
        "type": null,
        "basin": null,
        "wikimedia_commons": null,
        "toilets:wheelchair": null,
        "wikidata": null,
        "source": null,
        "drinking_water": null,
        "level": null,
        "fountain": null,
        "tidal": null,
        "salt": null,
        "artwork_type": null,
        "name:en": null,
        "wikipedia": null,
        "water": "reservoir",
        "name": null,
        "natural": "water",
        "name:de": null,
        "name:it": null,
        "surface": null,
        "website": null
      },
      "geometry": {
        "type": "Polygon",
        "coordinates": [
          [
            [
              6.0502019,
              45.946004
            ],
            [
              6.0506299,
              45.9458403
            ],
            [
              6.0508429,
              45.9461105
            ],
            [
              6.0504194,
              45.9462742
            ],
            [
              6.0502019,
              45.946004
            ]
          ]
        ]
      }
    },
    {
      "type": "Feature",
      "properties": {
        "fid": 123,
        "id": 1069510362,
        "description": null,
        "layer": null,
        "name:es": null,
        "tourism": null,
        "note": null,
        "wetland": null,
        "name:nl": null,
        "amenity": null,
        "ele": null,
        "golf": null,
        "swimming": null,
        "boat": null,
        "landuse": null,
        "wheelchair": null,
        "artist_name": null,
        "intermittent": null,
        "type": null,
        "basin": null,
        "wikimedia_commons": null,
        "toilets:wheelchair": null,
        "wikidata": null,
        "source": null,
        "drinking_water": null,
        "level": null,
        "fountain": null,
        "tidal": null,
        "salt": null,
        "artwork_type": null,
        "name:en": null,
        "wikipedia": null,
        "water": "pond",
        "name": null,
        "natural": "water",
        "name:de": null,
        "name:it": null,
        "surface": null,
        "website": null
      },
      "geometry": {
        "type": "Polygon",
        "coordinates": [
          [
            [
              6.2040993,
              45.8636511
            ],
            [
              6.204092,
              45.8636395
            ],
            [
              6.2040928,
              45.8636289
            ],
            [
              6.2041017,
              45.8636179
            ],
            [
              6.2041167,
              45.8636115
            ],
            [
              6.204136,
              45.863611
            ],
            [
              6.2041544,
              45.8636186
            ],
            [
              6.204163,
              45.8636306
            ],
            [
              6.2041611,
              45.8636448
            ],
            [
              6.204151,
              45.8636546
            ],
            [
              6.2041361,
              45.8636599
            ],
            [
              6.2041154,
              45.8636591
            ],
            [
              6.2040993,
              45.8636511
            ]
          ]
        ]
      }
    },
    {
      "type": "Feature",
      "properties": {
        "fid": 124,
        "id": 1077552996,
        "description": null,
        "layer": null,
        "name:es": null,
        "tourism": null,
        "note": null,
        "wetland": null,
        "name:nl": null,
        "amenity": null,
        "ele": null,
        "golf": null,
        "swimming": null,
        "boat": "no",
        "landuse": null,
        "wheelchair": null,
        "artist_name": null,
        "intermittent": "no",
        "type": null,
        "basin": null,
        "wikimedia_commons": null,
        "toilets:wheelchair": null,
        "wikidata": null,
        "source": "cadastre-dgi-fr source : Direction Générale des Impôts - Cadastre;mise à jour : 2008",
        "drinking_water": null,
        "level": null,
        "fountain": null,
        "tidal": "no",
        "salt": null,
        "artwork_type": null,
        "name:en": null,
        "wikipedia": null,
        "water": "river",
        "name": null,
        "natural": "water",
        "name:de": null,
        "name:it": null,
        "surface": null,
        "website": null
      },
      "geometry": {
        "type": "Polygon",
        "coordinates": [
          [
            [
              6.1008507,
              45.9079706
            ],
            [
              6.1009269,
              45.9078814
            ],
            [
              6.1008775,
              45.9077961
            ],
            [
              6.1009268,
              45.9077502
            ],
            [
              6.1009779,
              45.9077336
            ],
            [
              6.1006043,
              45.9071312
            ],
            [
              6.1005629,
              45.9070664
            ],
            [
              6.1006213,
              45.9069455
            ],
            [
              6.1006779,
              45.9068821
            ],
            [
              6.1007831,
              45.906797
            ],
            [
              6.1008724,
              45.9067571
            ],
            [
              6.1010217,
              45.9067353
            ],
            [
              6.1014581,
              45.9067659
            ],
            [
              6.1018821,
              45.9067575
            ],
            [
              6.102145,
              45.9068055
            ],
            [
              6.1022576,
              45.9067851
            ],
            [
              6.102224,
              45.9068821
            ],
            [
              6.1022099,
              45.9068937
            ],
            [
              6.1021801,
              45.906995
            ],
            [
              6.1021408,
              45.9069773
            ],
            [
              6.1020361,
              45.9069635
            ],
            [
              6.1019533,
              45.9069595
            ],
            [
              6.1018781,
              45.9069505
            ],
            [
              6.1015763,
              45.906867
            ],
            [
              6.1014931,
              45.9068534
            ],
            [
              6.1013485,
              45.9068527
            ],
            [
              6.1012385,
              45.9068592
            ],
            [
              6.100983,
              45.9068651
            ],
            [
              6.1009173,
              45.9068751
            ],
            [
              6.1008863,
              45.9068924
            ],
            [
              6.1008456,
              45.9069177
            ],
            [
              6.1007816,
              45.9069988
            ],
            [
              6.1007226,
              45.9071374
            ],
            [
              6.1008394,
              45.9071579
            ],
            [
              6.1008999,
              45.9073176
            ],
            [
              6.1011152,
              45.907544
            ],
            [
              6.1011541,
              45.9075849
            ],
            [
              6.1011545,
              45.9076887
            ],
            [
              6.1011536,
              45.9077119
            ],
            [
              6.1010981,
              45.9077693
            ],
            [
              6.1011229,
              45.9077868
            ],
            [
              6.1011483,
              45.9078062
            ],
            [
              6.1011482,
              45.9078182
            ],
            [
              6.1011418,
              45.9078491
            ],
            [
              6.1011186,
              45.9078758
            ],
            [
              6.1010942,
              45.9079019
            ],
            [
              6.101097,
              45.9079939
            ],
            [
              6.1008507,
              45.9079706
            ]
          ]
        ]
      }
    },
    {
      "type": "Feature",
      "properties": {
        "fid": 125,
        "id": 1095745141,
        "description": null,
        "layer": null,
        "name:es": null,
        "tourism": null,
        "note": null,
        "wetland": null,
        "name:nl": null,
        "amenity": null,
        "ele": null,
        "golf": null,
        "swimming": null,
        "boat": null,
        "landuse": null,
        "wheelchair": null,
        "artist_name": null,
        "intermittent": null,
        "type": null,
        "basin": null,
        "wikimedia_commons": null,
        "toilets:wheelchair": null,
        "wikidata": null,
        "source": null,
        "drinking_water": null,
        "level": null,
        "fountain": null,
        "tidal": null,
        "salt": null,
        "artwork_type": null,
        "name:en": null,
        "wikipedia": null,
        "water": "canal",
        "name": null,
        "natural": "water",
        "name:de": null,
        "name:it": null,
        "surface": null,
        "website": null
      },
      "geometry": {
        "type": "Polygon",
        "coordinates": [
          [
            [
              6.0503876,
              45.9004688
            ],
            [
              6.0503564,
              45.9003831
            ],
            [
              6.0503261,
              45.9003379
            ],
            [
              6.0501372,
              45.9001143
            ],
            [
              6.0500846,
              45.9000599
            ],
            [
              6.050016,
              45.8999955
            ],
            [
              6.0499351,
              45.8999348
            ],
            [
              6.0498521,
              45.8998767
            ],
            [
              6.0497675,
              45.8998278
            ],
            [
              6.0496894,
              45.8997893
            ],
            [
              6.049559,
              45.8997323
            ],
            [
              6.0487659,
              45.8993866
            ],
            [
              6.0486649,
              45.8993403
            ],
            [
              6.0485548,
              45.8992885
            ],
            [
              6.0484079,
              45.8992104
            ],
            [
              6.0482845,
              45.8991493
            ],
            [
              6.0482627,
              45.8991423
            ],
            [
              6.0482103,
              45.8992072
            ],
            [
              6.0481532,
              45.899274
            ],
            [
              6.0483915,
              45.8993562
            ],
            [
              6.0485425,
              45.8994106
            ],
            [
              6.0485734,
              45.8994328
            ],
            [
              6.0487516,
              45.8995091
            ],
            [
              6.0491122,
              45.8996694
            ],
            [
              6.0495271,
              45.89985
            ],
            [
              6.0496707,
              45.8999141
            ],
            [
              6.0497707,
              45.8999707
            ],
            [
              6.0498707,
              45.9000455
            ],
            [
              6.0500138,
              45.9001765
            ],
            [
              6.0501016,
              45.9002879
            ],
            [
              6.0502144,
              45.9004279
            ],
            [
              6.0503159,
              45.9004968
            ],
            [
              6.0503552,
              45.9004814
            ],
            [
              6.0503876,
              45.9004688
            ]
          ]
        ]
      }
    },
    {
      "type": "Feature",
      "properties": {
        "fid": 126,
        "id": 1095745146,
        "description": null,
        "layer": null,
        "name:es": null,
        "tourism": null,
        "note": null,
        "wetland": null,
        "name:nl": null,
        "amenity": null,
        "ele": null,
        "golf": null,
        "swimming": null,
        "boat": null,
        "landuse": null,
        "wheelchair": null,
        "artist_name": null,
        "intermittent": null,
        "type": null,
        "basin": null,
        "wikimedia_commons": null,
        "toilets:wheelchair": null,
        "wikidata": null,
        "source": null,
        "drinking_water": null,
        "level": null,
        "fountain": null,
        "tidal": null,
        "salt": null,
        "artwork_type": null,
        "name:en": null,
        "wikipedia": null,
        "water": "canal",
        "name": null,
        "natural": "water",
        "name:de": null,
        "name:it": null,
        "surface": null,
        "website": null
      },
      "geometry": {
        "type": "Polygon",
        "coordinates": [
          [
            [
              6.0525249,
              45.9010777
            ],
            [
              6.0525585,
              45.9010769
            ],
            [
              6.0526868,
              45.901101
            ],
            [
              6.0527046,
              45.9011028
            ],
            [
              6.052722,
              45.9011025
            ],
            [
              6.0540459,
              45.9010497
            ],
            [
              6.0541325,
              45.9010458
            ],
            [
              6.0541976,
              45.9010447
            ],
            [
              6.0542964,
              45.9010486
            ],
            [
              6.0544446,
              45.9010649
            ],
            [
              6.0545597,
              45.9010869
            ],
            [
              6.0546636,
              45.9011152
            ],
            [
              6.0547506,
              45.9011432
            ],
            [
              6.0548245,
              45.9011733
            ],
            [
              6.054939,
              45.9012304
            ],
            [
              6.055406,
              45.9014887
            ],
            [
              6.0557487,
              45.9016733
            ],
            [
              6.0561672,
              45.9018966
            ],
            [
              6.0567783,
              45.90223
            ],
            [
              6.0571123,
              45.9024118
            ],
            [
              6.0574296,
              45.9025836
            ],
            [
              6.0574789,
              45.9026166
            ],
            [
              6.0575227,
              45.9026538
            ],
            [
              6.0575762,
              45.9027052
            ],
            [
              6.0576225,
              45.902758
            ],
            [
              6.0576587,
              45.9028104
            ],
            [
              6.0576918,
              45.9028611
            ],
            [
              6.0577117,
              45.9029132
            ],
            [
              6.057733,
              45.902977
            ],
            [
              6.0577402,
              45.9030482
            ],
            [
              6.0577702,
              45.9033115
            ],
            [
              6.0577845,
              45.9033901
            ],
            [
              6.057814,
              45.9034489
            ],
            [
              6.0578496,
              45.903517
            ],
            [
              6.0579128,
              45.9036013
            ],
            [
              6.0579831,
              45.9036715
            ],
            [
              6.0580523,
              45.9037324
            ],
            [
              6.0586827,
              45.9041385
            ],
            [
              6.0592469,
              45.9044992
            ],
            [
              6.0596166,
              45.9047331
            ],
            [
              6.0597103,
              45.9047976
            ],
            [
              6.0597958,
              45.9048415
            ],
            [
              6.0599221,
              45.9048897
            ],
            [
              6.060029,
              45.9049201
            ],
            [
              6.0601136,
              45.904935
            ],
            [
              6.0602246,
              45.9049499
            ],
            [
              6.0603712,
              45.9049563
            ],
            [
              6.0605057,
              45.9049457
            ],
            [
              6.0606452,
              45.9049258
            ],
            [
              6.0607674,
              45.9048897
            ],
            [
              6.0607969,
              45.9048829
            ],
            [
              6.0608636,
              45.9048734
            ],
            [
              6.0609217,
              45.9048776
            ],
            [
              6.0609711,
              45.9048893
            ],
            [
              6.0610388,
              45.9049092
            ],
            [
              6.0610734,
              45.9049102
            ],
            [
              6.0611228,
              45.9049088
            ],
            [
              6.0612112,
              45.9048962
            ],
            [
              6.0612095,
              45.9048797
            ],
            [
              6.0611416,
              45.9047043
            ],
            [
              6.0611116,
              45.9047087
            ],
            [
              6.0611178,
              45.9047327
            ],
            [
              6.061043,
              45.904742
            ],
            [
              6.0610042,
              45.9047469
            ],
            [
              6.0609746,
              45.9047618
            ],
            [
              6.0609334,
              45.9047926
            ],
            [
              6.0609003,
              45.9048128
            ],
            [
              6.0608662,
              45.9048259
            ],
            [
              6.0608556,
              45.9048288
            ],
            [
              6.0608468,
              45.9048312
            ],
            [
              6.0607704,
              45.9048379
            ],
            [
              6.0607124,
              45.9048418
            ],
            [
              6.0606136,
              45.9048411
            ],
            [
              6.060551,
              45.9048507
            ],
            [
              6.0604405,
              45.9048642
            ],
            [
              6.0603407,
              45.9048698
            ],
            [
              6.0602775,
              45.9048674
            ],
            [
              6.0601833,
              45.9048564
            ],
            [
              6.0600764,
              45.9048394
            ],
            [
              6.0599603,
              45.9048078
            ],
            [
              6.0598829,
              45.9047756
            ],
            [
              6.0598208,
              45.9047483
            ],
            [
              6.0597317,
              45.9046955
            ],
            [
              6.059473,
              45.9045268
            ],
            [
              6.0590789,
              45.9042756
            ],
            [
              6.0584938,
              45.9039004
            ],
            [
              6.0581557,
              45.9036832
            ],
            [
              6.0580834,
              45.9036258
            ],
            [
              6.0580396,
              45.9035843
            ],
            [
              6.05801,
              45.903546
            ],
            [
              6.0579622,
              45.9034794
            ],
            [
              6.057925,
              45.9034195
            ],
            [
              6.0579021,
              45.9033437
            ],
            [
              6.0578909,
              45.903281
            ],
            [
              6.0578782,
              45.9031598
            ],
            [
              6.0578578,
              45.9029773
            ],
            [
              6.0578446,
              45.902921
            ],
            [
              6.0578227,
              45.9028614
            ],
            [
              6.0577957,
              45.9028072
            ],
            [
              6.0577279,
              45.9027073
            ],
            [
              6.0576648,
              45.9026333
            ],
            [
              6.0575894,
              45.9025709
            ],
            [
              6.0575212,
              45.9025241
            ],
            [
              6.0574214,
              45.9024667
            ],
            [
              6.0572625,
              45.9023802
            ],
            [
              6.0569687,
              45.9022187
            ],
            [
              6.056292,
              45.9018501
            ],
            [
              6.0556983,
              45.9015245
            ],
            [
              6.0552349,
              45.9012683
            ],
            [
              6.0549192,
              45.901106
            ],
            [
              6.0548565,
              45.9010773
            ],
            [
              6.0547715,
              45.9010447
            ],
            [
              6.0546982,
              45.9010245
            ],
            [
              6.0546024,
              45.9010004
            ],
            [
              6.0544869,
              45.9009788
            ],
            [
              6.054385,
              45.9009639
            ],
            [
              6.0543,
              45.9009526
            ],
            [
              6.0542149,
              45.9009504
            ],
            [
              6.0541325,
              45.9009497
            ],
            [
              6.0540031,
              45.900955
            ],
            [
              6.0535112,
              45.9009756
            ],
            [
              6.0528187,
              45.9010008
            ],
            [
              6.0526858,
              45.9010071
            ],
            [
              6.0526547,
              45.9010149
            ],
            [
              6.0525565,
              45.9010443
            ],
            [
              6.0525223,
              45.9010458
            ],
            [
              6.0525249,
              45.9010777
            ]
          ]
        ]
      }
    },
    {
      "type": "Feature",
      "properties": {
        "fid": 127,
        "id": 1095745165,
        "description": null,
        "layer": null,
        "name:es": null,
        "tourism": null,
        "note": null,
        "wetland": null,
        "name:nl": null,
        "amenity": null,
        "ele": null,
        "golf": null,
        "swimming": null,
        "boat": null,
        "landuse": null,
        "wheelchair": null,
        "artist_name": null,
        "intermittent": null,
        "type": null,
        "basin": null,
        "wikimedia_commons": null,
        "toilets:wheelchair": null,
        "wikidata": null,
        "source": null,
        "drinking_water": null,
        "level": null,
        "fountain": null,
        "tidal": null,
        "salt": null,
        "artwork_type": null,
        "name:en": null,
        "wikipedia": null,
        "water": "canal",
        "name": null,
        "natural": "water",
        "name:de": null,
        "name:it": null,
        "surface": null,
        "website": null
      },
      "geometry": {
        "type": "Polygon",
        "coordinates": [
          [
            [
              6.0700803,
              45.9070389
            ],
            [
              6.0701373,
              45.9070378
            ],
            [
              6.070159,
              45.9070287
            ],
            [
              6.0701698,
              45.9070281
            ],
            [
              6.0701686,
              45.907005
            ],
            [
              6.0701675,
              45.9069835
            ],
            [
              6.0701327,
              45.9069733
            ],
            [
              6.0701171,
              45.9069737
            ],
            [
              6.070106,
              45.9069741
            ],
            [
              6.0700786,
              45.9069749
            ],
            [
              6.0700794,
              45.9070072
            ],
            [
              6.0700803,
              45.9070389
            ]
          ]
        ]
      }
    },
    {
      "type": "Feature",
      "properties": {
        "fid": 128,
        "id": 1109705696,
        "description": null,
        "layer": null,
        "name:es": null,
        "tourism": null,
        "note": null,
        "wetland": null,
        "name:nl": null,
        "amenity": null,
        "ele": null,
        "golf": null,
        "swimming": null,
        "boat": null,
        "landuse": null,
        "wheelchair": null,
        "artist_name": null,
        "intermittent": "yes",
        "type": null,
        "basin": null,
        "wikimedia_commons": null,
        "toilets:wheelchair": null,
        "wikidata": null,
        "source": null,
        "drinking_water": null,
        "level": null,
        "fountain": null,
        "tidal": null,
        "salt": null,
        "artwork_type": null,
        "name:en": null,
        "wikipedia": null,
        "water": "river",
        "name": null,
        "natural": "water",
        "name:de": null,
        "name:it": null,
        "surface": "gravel",
        "website": null
      },
      "geometry": {
        "type": "Polygon",
        "coordinates": [
          [
            [
              6.1166483,
              45.9238457
            ],
            [
              6.1165148,
              45.9237154
            ],
            [
              6.1164671,
              45.9235179
            ],
            [
              6.1163814,
              45.9233293
            ],
            [
              6.1162687,
              45.9230984
            ],
            [
              6.1165723,
              45.9229839
            ],
            [
              6.1167705,
              45.9224756
            ],
            [
              6.1168321,
              45.9221554
            ],
            [
              6.1169987,
              45.9231167
            ],
            [
              6.1168157,
              45.9233687
            ],
            [
              6.1167533,
              45.9236339
            ],
            [
              6.1166483,
              45.9238457
            ]
          ]
        ]
      }
    },
    {
      "type": "Feature",
      "properties": {
        "fid": 129,
        "id": 1134983770,
        "description": null,
        "layer": null,
        "name:es": null,
        "tourism": null,
        "note": null,
        "wetland": null,
        "name:nl": null,
        "amenity": null,
        "ele": null,
        "golf": null,
        "swimming": null,
        "boat": null,
        "landuse": null,
        "wheelchair": null,
        "artist_name": null,
        "intermittent": null,
        "type": null,
        "basin": null,
        "wikimedia_commons": null,
        "toilets:wheelchair": null,
        "wikidata": null,
        "source": null,
        "drinking_water": null,
        "level": null,
        "fountain": null,
        "tidal": null,
        "salt": null,
        "artwork_type": null,
        "name:en": null,
        "wikipedia": null,
        "water": "reservoir",
        "name": null,
        "natural": "water",
        "name:de": null,
        "name:it": null,
        "surface": null,
        "website": null
      },
      "geometry": {
        "type": "Polygon",
        "coordinates": [
          [
            [
              6.1393807,
              45.9486169
            ],
            [
              6.1393426,
              45.9486322
            ],
            [
              6.1392994,
              45.9486382
            ],
            [
              6.1392557,
              45.9486344
            ],
            [
              6.1392161,
              45.948621
            ],
            [
              6.1391847,
              45.9485995
            ],
            [
              6.1391648,
              45.9485722
            ],
            [
              6.1391585,
              45.9485419
            ],
            [
              6.139167,
              45.9485105
            ],
            [
              6.1391901,
              45.948483
            ],
            [
              6.139225,
              45.9484623
            ],
            [
              6.1392678,
              45.9484508
            ],
            [
              6.1393137,
              45.9484499
            ],
            [
              6.1393574,
              45.9484597
            ],
            [
              6.1393939,
              45.9484789
            ],
            [
              6.1394192,
              45.9485055
            ],
            [
              6.1394302,
              45.9485352
            ],
            [
              6.1394269,
              45.9485657
            ],
            [
              6.1394099,
              45.948594
            ],
            [
              6.1393807,
              45.9486169
            ]
          ]
        ]
      }
    },
    {
      "type": "Feature",
      "properties": {
        "fid": 130,
        "id": 1194199498,
        "description": null,
        "layer": null,
        "name:es": null,
        "tourism": null,
        "note": null,
        "wetland": null,
        "name:nl": null,
        "amenity": null,
        "ele": null,
        "golf": null,
        "swimming": null,
        "boat": null,
        "landuse": null,
        "wheelchair": null,
        "artist_name": null,
        "intermittent": "yes",
        "type": null,
        "basin": null,
        "wikimedia_commons": null,
        "toilets:wheelchair": null,
        "wikidata": null,
        "source": null,
        "drinking_water": null,
        "level": null,
        "fountain": null,
        "tidal": null,
        "salt": null,
        "artwork_type": null,
        "name:en": null,
        "wikipedia": null,
        "water": "basin",
        "name": null,
        "natural": "water",
        "name:de": null,
        "name:it": null,
        "surface": null,
        "website": null
      },
      "geometry": {
        "type": "Polygon",
        "coordinates": [
          [
            [
              6.1143077,
              45.9357196
            ],
            [
              6.1142743,
              45.9357176
            ],
            [
              6.1141599,
              45.9360977
            ],
            [
              6.1141739,
              45.9361869
            ],
            [
              6.1142464,
              45.9362238
            ],
            [
              6.1143607,
              45.9362335
            ],
            [
              6.114475,
              45.936154
            ],
            [
              6.1145475,
              45.9360415
            ],
            [
              6.1145475,
              45.9359484
            ],
            [
              6.114567,
              45.9358301
            ],
            [
              6.1144946,
              45.9356885
            ],
            [
              6.1144444,
              45.9356575
            ],
            [
              6.1143579,
              45.9356556
            ],
            [
              6.1143245,
              45.935673
            ],
            [
              6.1143077,
              45.9357196
            ]
          ]
        ]
      }
    },
    {
      "type": "Feature",
      "properties": {
        "fid": 131,
        "id": 1196757819,
        "description": null,
        "layer": null,
        "name:es": null,
        "tourism": null,
        "note": null,
        "wetland": "marsh",
        "name:nl": null,
        "amenity": null,
        "ele": null,
        "golf": null,
        "swimming": null,
        "boat": null,
        "landuse": null,
        "wheelchair": null,
        "artist_name": null,
        "intermittent": null,
        "type": null,
        "basin": null,
        "wikimedia_commons": null,
        "toilets:wheelchair": null,
        "wikidata": null,
        "source": null,
        "drinking_water": null,
        "level": null,
        "fountain": null,
        "tidal": null,
        "salt": null,
        "artwork_type": null,
        "name:en": null,
        "wikipedia": null,
        "water": null,
        "name": null,
        "natural": "wetland",
        "name:de": null,
        "name:it": null,
        "surface": null,
        "website": null
      },
      "geometry": {
        "type": "Polygon",
        "coordinates": [
          [
            [
              6.1591343,
              45.8415111
            ],
            [
              6.1592933,
              45.8413919
            ],
            [
              6.1595318,
              45.8412394
            ],
            [
              6.1596609,
              45.8411713
            ],
            [
              6.1598251,
              45.8412421
            ],
            [
              6.1596921,
              45.8413919
            ],
            [
              6.1595514,
              45.8414764
            ],
            [
              6.1594731,
              45.8415745
            ],
            [
              6.1594379,
              45.8416317
            ],
            [
              6.1595201,
              45.8417597
            ],
            [
              6.1595089,
              45.8417933
            ],
            [
              6.1594375,
              45.8417642
            ],
            [
              6.1593546,
              45.8417423
            ],
            [
              6.1593249,
              45.8416762
            ],
            [
              6.15924,
              45.84164
            ],
            [
              6.1591712,
              45.841567
            ],
            [
              6.1591343,
              45.8415111
            ]
          ]
        ]
      }
    },
    {
      "type": "Feature",
      "properties": {
        "fid": 132,
        "id": 1201970062,
        "description": null,
        "layer": null,
        "name:es": null,
        "tourism": null,
        "note": null,
        "wetland": null,
        "name:nl": null,
        "amenity": null,
        "ele": null,
        "golf": null,
        "swimming": null,
        "boat": null,
        "landuse": null,
        "wheelchair": null,
        "artist_name": null,
        "intermittent": "yes",
        "type": null,
        "basin": "detention",
        "wikimedia_commons": null,
        "toilets:wheelchair": null,
        "wikidata": null,
        "source": null,
        "drinking_water": null,
        "level": null,
        "fountain": null,
        "tidal": null,
        "salt": null,
        "artwork_type": null,
        "name:en": null,
        "wikipedia": null,
        "water": "basin",
        "name": null,
        "natural": "water",
        "name:de": null,
        "name:it": null,
        "surface": null,
        "website": null
      },
      "geometry": {
        "type": "Polygon",
        "coordinates": [
          [
            [
              6.0677612,
              45.9168587
            ],
            [
              6.0677821,
              45.9168016
            ],
            [
              6.0678468,
              45.9167241
            ],
            [
              6.0678969,
              45.9166569
            ],
            [
              6.0679398,
              45.9166316
            ],
            [
              6.0679935,
              45.9166487
            ],
            [
              6.068031,
              45.9166988
            ],
            [
              6.0680769,
              45.9168499
            ],
            [
              6.068108,
              45.9169688
            ],
            [
              6.0681136,
              45.9170679
            ],
            [
              6.0680957,
              45.9170992
            ],
            [
              6.068051,
              45.9171038
            ],
            [
              6.0680148,
              45.917099
            ],
            [
              6.0679854,
              45.9170544
            ],
            [
              6.067954,
              45.9170037
            ],
            [
              6.0679029,
              45.9169579
            ],
            [
              6.0678565,
              45.9169146
            ],
            [
              6.0678103,
              45.9168933
            ],
            [
              6.0677766,
              45.9168813
            ],
            [
              6.0677612,
              45.9168587
            ]
          ]
        ]
      }
    },
    {
      "type": "Feature",
      "properties": {
        "fid": 133,
        "id": 1216806981,
        "description": null,
        "layer": null,
        "name:es": null,
        "tourism": null,
        "note": null,
        "wetland": null,
        "name:nl": null,
        "amenity": null,
        "ele": null,
        "golf": null,
        "swimming": null,
        "boat": null,
        "landuse": null,
        "wheelchair": null,
        "artist_name": null,
        "intermittent": null,
        "type": null,
        "basin": null,
        "wikimedia_commons": null,
        "toilets:wheelchair": null,
        "wikidata": null,
        "source": null,
        "drinking_water": null,
        "level": null,
        "fountain": null,
        "tidal": null,
        "salt": "no",
        "artwork_type": null,
        "name:en": null,
        "wikipedia": null,
        "water": null,
        "name": null,
        "natural": "wetland",
        "name:de": null,
        "name:it": null,
        "surface": null,
        "website": null
      },
      "geometry": {
        "type": "Polygon",
        "coordinates": [
          [
            [
              6.1178524,
              45.8971
            ],
            [
              6.1179896,
              45.8971802
            ],
            [
              6.1180134,
              45.8972337
            ],
            [
              6.1180719,
              45.897319
            ],
            [
              6.1182347,
              45.8973865
            ],
            [
              6.1181908,
              45.8973266
            ],
            [
              6.1181414,
              45.8972681
            ],
            [
              6.1181158,
              45.8972222
            ],
            [
              6.1180975,
              45.8971955
            ],
            [
              6.1180518,
              45.8971866
            ],
            [
              6.1180152,
              45.8971165
            ],
            [
              6.1179292,
              45.8970924
            ],
            [
              6.1178524,
              45.8971
            ]
          ]
        ]
      }
    },
    {
      "type": "Feature",
      "properties": {
        "fid": 134,
        "id": 1263720932,
        "description": null,
        "layer": null,
        "name:es": null,
        "tourism": null,
        "note": null,
        "wetland": null,
        "name:nl": null,
        "amenity": null,
        "ele": null,
        "golf": null,
        "swimming": null,
        "boat": null,
        "landuse": null,
        "wheelchair": null,
        "artist_name": null,
        "intermittent": "yes",
        "type": null,
        "basin": null,
        "wikimedia_commons": null,
        "toilets:wheelchair": null,
        "wikidata": null,
        "source": null,
        "drinking_water": null,
        "level": null,
        "fountain": null,
        "tidal": null,
        "salt": null,
        "artwork_type": null,
        "name:en": null,
        "wikipedia": null,
        "water": "basin",
        "name": null,
        "natural": "water",
        "name:de": null,
        "name:it": null,
        "surface": null,
        "website": null
      },
      "geometry": {
        "type": "Polygon",
        "coordinates": [
          [
            [
              6.1172494,
              45.9401342
            ],
            [
              6.1174013,
              45.9401342
            ],
            [
              6.1174918,
              45.9401368
            ],
            [
              6.117528,
              45.9401015
            ],
            [
              6.1175389,
              45.9400764
            ],
            [
              6.1175569,
              45.9399606
            ],
            [
              6.1175352,
              45.9398902
            ],
            [
              6.1174882,
              45.9398298
            ],
            [
              6.1174737,
              45.9397442
            ],
            [
              6.1174412,
              45.9397241
            ],
            [
              6.117405,
              45.9397266
            ],
            [
              6.1174267,
              45.9397568
            ],
            [
              6.1174231,
              45.9397895
            ],
            [
              6.1173688,
              45.9398474
            ],
            [
              6.1173615,
              45.9398977
            ],
            [
              6.1173145,
              45.9399354
            ],
            [
              6.1173073,
              45.9399656
            ],
            [
              6.117329,
              45.9399908
            ],
            [
              6.1173326,
              45.9400109
            ],
            [
              6.1172856,
              45.9400361
            ],
            [
              6.1172385,
              45.9400688
            ],
            [
              6.1172494,
              45.9401342
            ]
          ]
        ]
      }
    },
    {
      "type": "Feature",
      "properties": {
        "fid": 135,
        "id": 1263728845,
        "description": null,
        "layer": null,
        "name:es": null,
        "tourism": null,
        "note": null,
        "wetland": null,
        "name:nl": null,
        "amenity": null,
        "ele": null,
        "golf": null,
        "swimming": null,
        "boat": null,
        "landuse": null,
        "wheelchair": null,
        "artist_name": null,
        "intermittent": "yes",
        "type": null,
        "basin": null,
        "wikimedia_commons": null,
        "toilets:wheelchair": null,
        "wikidata": null,
        "source": null,
        "drinking_water": null,
        "level": null,
        "fountain": null,
        "tidal": null,
        "salt": null,
        "artwork_type": null,
        "name:en": null,
        "wikipedia": null,
        "water": "basin",
        "name": null,
        "natural": "water",
        "name:de": null,
        "name:it": null,
        "surface": null,
        "website": null
      },
      "geometry": {
        "type": "Polygon",
        "coordinates": [
          [
            [
              6.1299466,
              45.9659746
            ],
            [
              6.1298712,
              45.9659117
            ],
            [
              6.129792,
              45.9655682
            ],
            [
              6.1298334,
              45.9655499
            ],
            [
              6.1298184,
              45.9653925
            ],
            [
              6.1298448,
              45.9653532
            ],
            [
              6.129924,
              45.9653506
            ],
            [
              6.1299655,
              45.9653663
            ],
            [
              6.1299881,
              45.9653952
            ],
            [
              6.1299994,
              45.9654135
            ],
            [
              6.1300749,
              45.9659091
            ],
            [
              6.1300371,
              45.9659642
            ],
            [
              6.1299466,
              45.9659746
            ]
          ]
        ]
      }
    },
    {
      "type": "Feature",
      "properties": {
        "fid": 136,
        "id": 1299321112,
        "description": null,
        "layer": null,
        "name:es": null,
        "tourism": null,
        "note": null,
        "wetland": null,
        "name:nl": null,
        "amenity": null,
        "ele": null,
        "golf": null,
        "swimming": null,
        "boat": null,
        "landuse": null,
        "wheelchair": null,
        "artist_name": null,
        "intermittent": null,
        "type": null,
        "basin": null,
        "wikimedia_commons": null,
        "toilets:wheelchair": null,
        "wikidata": null,
        "source": null,
        "drinking_water": null,
        "level": null,
        "fountain": null,
        "tidal": null,
        "salt": null,
        "artwork_type": null,
        "name:en": null,
        "wikipedia": null,
        "water": "reservoir",
        "name": null,
        "natural": "water",
        "name:de": null,
        "name:it": null,
        "surface": null,
        "website": null
      },
      "geometry": {
        "type": "Polygon",
        "coordinates": [
          [
            [
              6.0577359,
              45.9431594
            ],
            [
              6.0570385,
              45.943109
            ],
            [
              6.0569849,
              45.9430904
            ],
            [
              6.0569795,
              45.9430624
            ],
            [
              6.057001,
              45.9430456
            ],
            [
              6.0573121,
              45.9430288
            ],
            [
              6.0573872,
              45.9430288
            ],
            [
              6.057465,
              45.9430325
            ],
            [
              6.0576501,
              45.9430512
            ],
            [
              6.0577922,
              45.9430829
            ],
            [
              6.0578217,
              45.9431072
            ],
            [
              6.0578217,
              45.9431295
            ],
            [
              6.0578029,
              45.9431501
            ],
            [
              6.0577681,
              45.9431594
            ],
            [
              6.0577359,
              45.9431594
            ]
          ]
        ]
      }
    },
    {
      "type": "Feature",
      "properties": {
        "fid": 137,
        "id": 1312435337,
        "description": null,
        "layer": null,
        "name:es": null,
        "tourism": null,
        "note": null,
        "wetland": null,
        "name:nl": null,
        "amenity": null,
        "ele": null,
        "golf": null,
        "swimming": null,
        "boat": null,
        "landuse": null,
        "wheelchair": null,
        "artist_name": null,
        "intermittent": "yes",
        "type": null,
        "basin": null,
        "wikimedia_commons": null,
        "toilets:wheelchair": null,
        "wikidata": null,
        "source": null,
        "drinking_water": null,
        "level": null,
        "fountain": null,
        "tidal": null,
        "salt": null,
        "artwork_type": null,
        "name:en": null,
        "wikipedia": null,
        "water": "reservoir",
        "name": null,
        "natural": "water",
        "name:de": null,
        "name:it": null,
        "surface": null,
        "website": null
      },
      "geometry": {
        "type": "Polygon",
        "coordinates": [
          [
            [
              6.0423718,
              45.9516202
            ],
            [
              6.0424862,
              45.9516127
            ],
            [
              6.042629,
              45.9514412
            ],
            [
              6.0427229,
              45.9512107
            ],
            [
              6.0422739,
              45.9511837
            ],
            [
              6.0423718,
              45.9516202
            ]
          ]
        ]
      }
    },
    {
      "type": "Feature",
      "properties": {
        "fid": 138,
        "id": 1323197800,
        "description": null,
        "layer": null,
        "name:es": null,
        "tourism": null,
        "note": null,
        "wetland": "bog",
        "name:nl": null,
        "amenity": null,
        "ele": null,
        "golf": null,
        "swimming": null,
        "boat": null,
        "landuse": null,
        "wheelchair": null,
        "artist_name": null,
        "intermittent": null,
        "type": null,
        "basin": null,
        "wikimedia_commons": null,
        "toilets:wheelchair": null,
        "wikidata": null,
        "source": null,
        "drinking_water": null,
        "level": null,
        "fountain": null,
        "tidal": "no",
        "salt": "no",
        "artwork_type": null,
        "name:en": null,
        "wikipedia": null,
        "water": null,
        "name": null,
        "natural": "wetland",
        "name:de": null,
        "name:it": null,
        "surface": null,
        "website": null
      },
      "geometry": {
        "type": "Polygon",
        "coordinates": [
          [
            [
              6.0857565,
              45.9320135
            ],
            [
              6.085976,
              45.9321464
            ],
            [
              6.0860817,
              45.9324235
            ],
            [
              6.086159,
              45.9327515
            ],
            [
              6.0859923,
              45.9328844
            ],
            [
              6.0858622,
              45.9329353
            ],
            [
              6.085785,
              45.932924
            ],
            [
              6.085728,
              45.9328816
            ],
            [
              6.0857362,
              45.9328222
            ],
            [
              6.0857524,
              45.9327176
            ],
            [
              6.0857646,
              45.9325592
            ],
            [
              6.0857606,
              45.932367
            ],
            [
              6.0857565,
              45.9320135
            ]
          ]
        ]
      }
    },
    {
      "type": "Feature",
      "properties": {
        "fid": 139,
        "id": 1330165365,
        "description": null,
        "layer": null,
        "name:es": null,
        "tourism": null,
        "note": null,
        "wetland": null,
        "name:nl": null,
        "amenity": null,
        "ele": null,
        "golf": null,
        "swimming": null,
        "boat": null,
        "landuse": null,
        "wheelchair": null,
        "artist_name": null,
        "intermittent": "yes",
        "type": null,
        "basin": null,
        "wikimedia_commons": null,
        "toilets:wheelchair": null,
        "wikidata": null,
        "source": null,
        "drinking_water": null,
        "level": null,
        "fountain": null,
        "tidal": null,
        "salt": null,
        "artwork_type": null,
        "name:en": null,
        "wikipedia": null,
        "water": "pond",
        "name": null,
        "natural": "water",
        "name:de": null,
        "name:it": null,
        "surface": null,
        "website": null
      },
      "geometry": {
        "type": "Polygon",
        "coordinates": [
          [
            [
              6.1148196,
              45.9220122
            ],
            [
              6.1147253,
              45.9219408
            ],
            [
              6.1147525,
              45.9218052
            ],
            [
              6.114981,
              45.9218971
            ],
            [
              6.1149579,
              45.9219816
            ],
            [
              6.1148196,
              45.9220122
            ]
          ]
        ]
      }
    },
    {
      "type": "Feature",
      "properties": {
        "fid": 140,
        "id": 1331112381,
        "description": null,
        "layer": null,
        "name:es": null,
        "tourism": null,
        "note": null,
        "wetland": null,
        "name:nl": null,
        "amenity": "fountain",
        "ele": null,
        "golf": null,
        "swimming": null,
        "boat": null,
        "landuse": null,
        "wheelchair": null,
        "artist_name": null,
        "intermittent": null,
        "type": null,
        "basin": null,
        "wikimedia_commons": null,
        "toilets:wheelchair": null,
        "wikidata": null,
        "source": null,
        "drinking_water": null,
        "level": null,
        "fountain": null,
        "tidal": null,
        "salt": null,
        "artwork_type": null,
        "name:en": null,
        "wikipedia": null,
        "water": null,
        "name": null,
        "natural": null,
        "name:de": null,
        "name:it": null,
        "surface": null,
        "website": null
      },
      "geometry": {
        "type": "Polygon",
        "coordinates": [
          [
            [
              6.1082548,
              45.8870268
            ],
            [
              6.1082479,
              45.8870497
            ],
            [
              6.1082302,
              45.8870696
            ],
            [
              6.1082039,
              45.8870841
            ],
            [
              6.108172,
              45.8870916
            ],
            [
              6.1081384,
              45.887091
            ],
            [
              6.108107,
              45.8870825
            ],
            [
              6.1080817,
              45.8870671
            ],
            [
              6.1080665,
              45.8870486
            ],
            [
              6.1080602,
              45.8870278
            ],
            [
              6.1080636,
              45.8870066
            ],
            [
              6.1080763,
              45.8869872
            ],
            [
              6.108097,
              45.8869715
            ],
            [
              6.1081237,
              45.886961
            ],
            [
              6.1081537,
              45.8869569
            ],
            [
              6.1081841,
              45.8869594
            ],
            [
              6.1082118,
              45.8869684
            ],
            [
              6.1082342,
              45.8869829
            ],
            [
              6.10825,
              45.8870036
            ],
            [
              6.1082548,
              45.8870268
            ]
          ]
        ]
      }
    },
    {
      "type": "Feature",
      "properties": {
        "fid": 141,
        "id": 1339285808,
        "description": null,
        "layer": null,
        "name:es": null,
        "tourism": null,
        "note": null,
        "wetland": null,
        "name:nl": null,
        "amenity": null,
        "ele": null,
        "golf": null,
        "swimming": null,
        "boat": null,
        "landuse": null,
        "wheelchair": null,
        "artist_name": null,
        "intermittent": null,
        "type": null,
        "basin": null,
        "wikimedia_commons": null,
        "toilets:wheelchair": null,
        "wikidata": null,
        "source": null,
        "drinking_water": null,
        "level": null,
        "fountain": null,
        "tidal": null,
        "salt": null,
        "artwork_type": null,
        "name:en": null,
        "wikipedia": null,
        "water": "pond",
        "name": null,
        "natural": "water",
        "name:de": null,
        "name:it": null,
        "surface": null,
        "website": null
      },
      "geometry": {
        "type": "Polygon",
        "coordinates": [
          [
            [
              6.1541463,
              45.909044
            ],
            [
              6.1541709,
              45.9089851
            ],
            [
              6.1542527,
              45.9089994
            ],
            [
              6.1542282,
              45.9090364
            ],
            [
              6.1541886,
              45.9090516
            ],
            [
              6.1541463,
              45.909044
            ]
          ]
        ]
      }
    },
    {
      "type": "Feature",
      "properties": {
        "fid": 142,
        "id": 1339285809,
        "description": null,
        "layer": null,
        "name:es": null,
        "tourism": null,
        "note": null,
        "wetland": null,
        "name:nl": null,
        "amenity": null,
        "ele": null,
        "golf": null,
        "swimming": null,
        "boat": null,
        "landuse": null,
        "wheelchair": null,
        "artist_name": null,
        "intermittent": null,
        "type": null,
        "basin": null,
        "wikimedia_commons": null,
        "toilets:wheelchair": null,
        "wikidata": null,
        "source": null,
        "drinking_water": null,
        "level": null,
        "fountain": null,
        "tidal": null,
        "salt": null,
        "artwork_type": null,
        "name:en": null,
        "wikipedia": null,
        "water": "pond",
        "name": null,
        "natural": "water",
        "name:de": null,
        "name:it": null,
        "surface": null,
        "website": null
      },
      "geometry": {
        "type": "Polygon",
        "coordinates": [
          [
            [
              6.1545159,
              45.9093599
            ],
            [
              6.1545404,
              45.9093011
            ],
            [
              6.1545707,
              45.9092992
            ],
            [
              6.1545922,
              45.9093087
            ],
            [
              6.1545786,
              45.9093476
            ],
            [
              6.1545581,
              45.9093675
            ],
            [
              6.1545159,
              45.9093599
            ]
          ]
        ]
      }
    },
    {
      "type": "Feature",
      "properties": {
        "fid": 143,
        "id": 1340873438,
        "description": null,
        "layer": null,
        "name:es": null,
        "tourism": null,
        "note": null,
        "wetland": null,
        "name:nl": null,
        "amenity": null,
        "ele": null,
        "golf": null,
        "swimming": null,
        "boat": null,
        "landuse": null,
        "wheelchair": null,
        "artist_name": null,
        "intermittent": null,
        "type": null,
        "basin": null,
        "wikimedia_commons": null,
        "toilets:wheelchair": null,
        "wikidata": null,
        "source": null,
        "drinking_water": null,
        "level": null,
        "fountain": null,
        "tidal": null,
        "salt": null,
        "artwork_type": null,
        "name:en": null,
        "wikipedia": null,
        "water": null,
        "name": null,
        "natural": "water",
        "name:de": null,
        "name:it": null,
        "surface": null,
        "website": null
      },
      "geometry": {
        "type": "Polygon",
        "coordinates": [
          [
            [
              6.06034,
              45.8445048
            ],
            [
              6.0604486,
              45.8444908
            ],
            [
              6.0604995,
              45.8444656
            ],
            [
              6.060627,
              45.844346
            ],
            [
              6.0606015,
              45.8443096
            ],
            [
              6.0605492,
              45.8443143
            ],
            [
              6.0603963,
              45.8443759
            ],
            [
              6.0603842,
              45.8444236
            ],
            [
              6.0603788,
              45.8444394
            ],
            [
              6.0603145,
              45.8444721
            ],
            [
              6.0603131,
              45.8444974
            ],
            [
              6.06034,
              45.8445048
            ]
          ]
        ]
      }
    },
    {
      "type": "Feature",
      "properties": {
        "fid": 144,
        "id": 1340873439,
        "description": null,
        "layer": null,
        "name:es": null,
        "tourism": null,
        "note": null,
        "wetland": null,
        "name:nl": null,
        "amenity": null,
        "ele": null,
        "golf": null,
        "swimming": null,
        "boat": null,
        "landuse": null,
        "wheelchair": null,
        "artist_name": null,
        "intermittent": null,
        "type": null,
        "basin": null,
        "wikimedia_commons": null,
        "toilets:wheelchair": null,
        "wikidata": null,
        "source": null,
        "drinking_water": null,
        "level": null,
        "fountain": null,
        "tidal": null,
        "salt": null,
        "artwork_type": null,
        "name:en": null,
        "wikipedia": null,
        "water": null,
        "name": null,
        "natural": "water",
        "name:de": null,
        "name:it": null,
        "surface": null,
        "website": null
      },
      "geometry": {
        "type": "Polygon",
        "coordinates": [
          [
            [
              6.0612144,
              45.8442068
            ],
            [
              6.0612626,
              45.8442498
            ],
            [
              6.0614088,
              45.8442937
            ],
            [
              6.0615523,
              45.8443572
            ],
            [
              6.0616462,
              45.8444039
            ],
            [
              6.061732,
              45.8444721
            ],
            [
              6.0617816,
              45.8444824
            ],
            [
              6.0618018,
              45.8444544
            ],
            [
              6.0617803,
              45.8444198
            ],
            [
              6.0616958,
              45.8443404
            ],
            [
              6.061559,
              45.8441928
            ],
            [
              6.0615148,
              45.844161
            ],
            [
              6.0614638,
              45.8441498
            ],
            [
              6.061331,
              45.8441667
            ],
            [
              6.0612412,
              45.8441769
            ],
            [
              6.0612117,
              45.8441891
            ],
            [
              6.0612144,
              45.8442068
            ]
          ]
        ]
      }
    },
    {
      "type": "Feature",
      "properties": {
        "fid": 145,
        "id": 1340873440,
        "description": null,
        "layer": null,
        "name:es": null,
        "tourism": null,
        "note": null,
        "wetland": null,
        "name:nl": null,
        "amenity": null,
        "ele": null,
        "golf": null,
        "swimming": null,
        "boat": null,
        "landuse": null,
        "wheelchair": null,
        "artist_name": null,
        "intermittent": null,
        "type": null,
        "basin": null,
        "wikimedia_commons": null,
        "toilets:wheelchair": null,
        "wikidata": null,
        "source": null,
        "drinking_water": null,
        "level": null,
        "fountain": null,
        "tidal": null,
        "salt": null,
        "artwork_type": null,
        "name:en": null,
        "wikipedia": null,
        "water": null,
        "name": null,
        "natural": "water",
        "name:de": null,
        "name:it": null,
        "surface": null,
        "website": null
      },
      "geometry": {
        "type": "Polygon",
        "coordinates": [
          [
            [
              6.0627432,
              45.8462359
            ],
            [
              6.0627687,
              45.8462742
            ],
            [
              6.062872,
              45.8462817
            ],
            [
              6.0630195,
              45.8461687
            ],
            [
              6.0629216,
              45.8459305
            ],
            [
              6.0628867,
              45.8459174
            ],
            [
              6.0628465,
              45.8459239
            ],
            [
              6.0628317,
              45.8459407
            ],
            [
              6.0627432,
              45.8462359
            ]
          ]
        ]
      }
    },
    {
      "type": "Feature",
      "properties": {
        "fid": 146,
        "id": 1342177007,
        "description": null,
        "layer": null,
        "name:es": null,
        "tourism": null,
        "note": null,
        "wetland": null,
        "name:nl": null,
        "amenity": null,
        "ele": null,
        "golf": null,
        "swimming": null,
        "boat": null,
        "landuse": null,
        "wheelchair": null,
        "artist_name": null,
        "intermittent": "yes",
        "type": null,
        "basin": null,
        "wikimedia_commons": null,
        "toilets:wheelchair": null,
        "wikidata": null,
        "source": null,
        "drinking_water": null,
        "level": null,
        "fountain": null,
        "tidal": null,
        "salt": "no",
        "artwork_type": null,
        "name:en": null,
        "wikipedia": null,
        "water": "pond",
        "name": null,
        "natural": "water",
        "name:de": null,
        "name:it": null,
        "surface": null,
        "website": null
      },
      "geometry": {
        "type": "Polygon",
        "coordinates": [
          [
            [
              6.0670232,
              45.9167373
            ],
            [
              6.0669635,
              45.9166578
            ],
            [
              6.0669834,
              45.9165932
            ],
            [
              6.0669254,
              45.9164928
            ],
            [
              6.067005,
              45.9164098
            ],
            [
              6.0671973,
              45.916374
            ],
            [
              6.0672852,
              45.9163175
            ],
            [
              6.0674012,
              45.9163348
            ],
            [
              6.067373,
              45.9165632
            ],
            [
              6.0672984,
              45.9166439
            ],
            [
              6.0671476,
              45.9167247
            ],
            [
              6.0670232,
              45.9167373
            ]
          ]
        ]
      }
    },
    {
      "type": "Feature",
      "properties": {
        "fid": 147,
        "id": 1346018072,
        "description": null,
        "layer": null,
        "name:es": null,
        "tourism": null,
        "note": null,
        "wetland": "marsh",
        "name:nl": null,
        "amenity": null,
        "ele": null,
        "golf": null,
        "swimming": null,
        "boat": null,
        "landuse": null,
        "wheelchair": null,
        "artist_name": null,
        "intermittent": null,
        "type": null,
        "basin": null,
        "wikimedia_commons": null,
        "toilets:wheelchair": null,
        "wikidata": null,
        "source": null,
        "drinking_water": null,
        "level": null,
        "fountain": null,
        "tidal": null,
        "salt": "no",
        "artwork_type": null,
        "name:en": null,
        "wikipedia": null,
        "water": null,
        "name": "Marais du Quart",
        "natural": "wetland",
        "name:de": null,
        "name:it": null,
        "surface": null,
        "website": null
      },
      "geometry": {
        "type": "Polygon",
        "coordinates": [
          [
            [
              6.0657069,
              45.9168016
            ],
            [
              6.065916,
              45.9168331
            ],
            [
              6.0659505,
              45.9175537
            ],
            [
              6.0662195,
              45.9176105
            ],
            [
              6.0676456,
              45.9168992
            ],
            [
              6.0678657,
              45.9165785
            ],
            [
              6.067934,
              45.9163613
            ],
            [
              6.0679091,
              45.9162491
            ],
            [
              6.0676072,
              45.9157903
            ],
            [
              6.0673271,
              45.9156024
            ],
            [
              6.0671348,
              45.9155557
            ],
            [
              6.066957,
              45.9155699
            ],
            [
              6.0666235,
              45.9156768
            ],
            [
              6.0663836,
              45.9156989
            ],
            [
              6.0655888,
              45.9164935
            ],
            [
              6.0657466,
              45.9166628
            ],
            [
              6.0657069,
              45.9168016
            ]
          ]
        ]
      }
    },
    {
      "type": "Feature",
      "properties": {
        "fid": 148,
        "id": 1350917599,
        "description": null,
        "layer": null,
        "name:es": null,
        "tourism": null,
        "note": null,
        "wetland": null,
        "name:nl": null,
        "amenity": "fountain",
        "ele": null,
        "golf": null,
        "swimming": null,
        "boat": null,
        "landuse": null,
        "wheelchair": null,
        "artist_name": "Yvette Vincent-Alleaume",
        "intermittent": null,
        "type": null,
        "basin": null,
        "wikimedia_commons": null,
        "toilets:wheelchair": null,
        "wikidata": null,
        "source": null,
        "drinking_water": null,
        "level": null,
        "fountain": "decorative",
        "tidal": null,
        "salt": null,
        "artwork_type": "sculpture",
        "name:en": null,
        "wikipedia": null,
        "water": null,
        "name": null,
        "natural": null,
        "name:de": null,
        "name:it": null,
        "surface": null,
        "website": null
      },
      "geometry": {
        "type": "Polygon",
        "coordinates": [
          [
            [
              6.1145092,
              45.8993785
            ],
            [
              6.1144952,
              45.8993905
            ],
            [
              6.1144762,
              45.8993986
            ],
            [
              6.1144545,
              45.8994017
            ],
            [
              6.1144325,
              45.8993996
            ],
            [
              6.1144128,
              45.8993924
            ],
            [
              6.1143977,
              45.899381
            ],
            [
              6.1143894,
              45.8993679
            ],
            [
              6.1143875,
              45.8993535
            ],
            [
              6.1143921,
              45.8993395
            ],
            [
              6.1144028,
              45.8993272
            ],
            [
              6.1144185,
              45.8993179
            ],
            [
              6.1144376,
              45.8993124
            ],
            [
              6.1144582,
              45.8993114
            ],
            [
              6.1144783,
              45.899315
            ],
            [
              6.1144957,
              45.8993227
            ],
            [
              6.1145087,
              45.8993339
            ],
            [
              6.1145163,
              45.8993484
            ],
            [
              6.1145165,
              45.8993639
            ],
            [
              6.1145092,
              45.8993785
            ]
          ]
        ]
      }
    },
    {
      "type": "Feature",
      "properties": {
        "fid": 149,
        "id": 1352718026,
        "description": null,
        "layer": null,
        "name:es": null,
        "tourism": null,
        "note": null,
        "wetland": null,
        "name:nl": null,
        "amenity": "fountain",
        "ele": null,
        "golf": null,
        "swimming": null,
        "boat": null,
        "landuse": null,
        "wheelchair": null,
        "artist_name": null,
        "intermittent": null,
        "type": null,
        "basin": null,
        "wikimedia_commons": null,
        "toilets:wheelchair": null,
        "wikidata": null,
        "source": null,
        "drinking_water": null,
        "level": null,
        "fountain": null,
        "tidal": null,
        "salt": null,
        "artwork_type": null,
        "name:en": null,
        "wikipedia": null,
        "water": null,
        "name": null,
        "natural": null,
        "name:de": null,
        "name:it": null,
        "surface": null,
        "website": null
      },
      "geometry": {
        "type": "Polygon",
        "coordinates": [
          [
            [
              6.1067523,
              45.8868328
            ],
            [
              6.1068122,
              45.8868434
            ],
            [
              6.1068351,
              45.8867806
            ],
            [
              6.1068584,
              45.8867166
            ],
            [
              6.1067984,
              45.886706
            ],
            [
              6.1067523,
              45.8868328
            ]
          ]
        ]
      }
    },
    {
      "type": "Feature",
      "properties": {
        "fid": 150,
        "id": 1366006964,
        "description": null,
        "layer": null,
        "name:es": null,
        "tourism": null,
        "note": null,
        "wetland": null,
        "name:nl": null,
        "amenity": null,
        "ele": null,
        "golf": null,
        "swimming": null,
        "boat": null,
        "landuse": null,
        "wheelchair": null,
        "artist_name": null,
        "intermittent": "yes",
        "type": null,
        "basin": null,
        "wikimedia_commons": null,
        "toilets:wheelchair": null,
        "wikidata": null,
        "source": null,
        "drinking_water": null,
        "level": null,
        "fountain": null,
        "tidal": null,
        "salt": null,
        "artwork_type": null,
        "name:en": null,
        "wikipedia": null,
        "water": "basin",
        "name": null,
        "natural": "water",
        "name:de": null,
        "name:it": null,
        "surface": null,
        "website": null
      },
      "geometry": {
        "type": "Polygon",
        "coordinates": [
          [
            [
              6.1167349,
              45.8846965
            ],
            [
              6.1168891,
              45.8847283
            ],
            [
              6.1169843,
              45.8847161
            ],
            [
              6.1169964,
              45.884689
            ],
            [
              6.1169227,
              45.8846078
            ],
            [
              6.1168945,
              45.8845966
            ],
            [
              6.1167269,
              45.8846741
            ],
            [
              6.1167349,
              45.8846965
            ]
          ]
        ]
      }
    },
    {
      "type": "Feature",
      "properties": {
        "fid": 151,
        "id": 1366006965,
        "description": null,
        "layer": null,
        "name:es": null,
        "tourism": null,
        "note": null,
        "wetland": null,
        "name:nl": null,
        "amenity": null,
        "ele": null,
        "golf": null,
        "swimming": null,
        "boat": null,
        "landuse": null,
        "wheelchair": null,
        "artist_name": null,
        "intermittent": "yes",
        "type": null,
        "basin": null,
        "wikimedia_commons": null,
        "toilets:wheelchair": null,
        "wikidata": null,
        "source": null,
        "drinking_water": null,
        "level": null,
        "fountain": null,
        "tidal": null,
        "salt": null,
        "artwork_type": null,
        "name:en": null,
        "wikipedia": null,
        "water": "basin",
        "name": null,
        "natural": "water",
        "name:de": null,
        "name:it": null,
        "surface": null,
        "website": null
      },
      "geometry": {
        "type": "Polygon",
        "coordinates": [
          [
            [
              6.1167935,
              45.8848733
            ],
            [
              6.1168055,
              45.8848885
            ],
            [
              6.1168102,
              45.8849055
            ],
            [
              6.1168072,
              45.8849226
            ],
            [
              6.1167968,
              45.8849383
            ],
            [
              6.1167799,
              45.884951
            ],
            [
              6.1167582,
              45.8849594
            ],
            [
              6.1167312,
              45.8849628
            ],
            [
              6.1167041,
              45.8849597
            ],
            [
              6.1166801,
              45.8849503
            ],
            [
              6.1166622,
              45.8849358
            ],
            [
              6.1166524,
              45.8849179
            ],
            [
              6.1166519,
              45.8848988
            ],
            [
              6.1166608,
              45.8848807
            ],
            [
              6.116678,
              45.8848658
            ],
            [
              6.1167014,
              45.8848558
            ],
            [
              6.1167283,
              45.8848519
            ],
            [
              6.116753,
              45.8848541
            ],
            [
              6.1167754,
              45.8848615
            ],
            [
              6.1167935,
              45.8848733
            ]
          ]
        ]
      }
    },
    {
      "type": "Feature",
      "properties": {
        "fid": 152,
        "id": 1380231331,
        "description": null,
        "layer": null,
        "name:es": null,
        "tourism": null,
        "note": null,
        "wetland": null,
        "name:nl": null,
        "amenity": null,
        "ele": null,
        "golf": null,
        "swimming": null,
        "boat": null,
        "landuse": null,
        "wheelchair": null,
        "artist_name": null,
        "intermittent": null,
        "type": null,
        "basin": null,
        "wikimedia_commons": null,
        "toilets:wheelchair": null,
        "wikidata": null,
        "source": null,
        "drinking_water": null,
        "level": null,
        "fountain": null,
        "tidal": null,
        "salt": null,
        "artwork_type": null,
        "name:en": null,
        "wikipedia": null,
        "water": "basin",
        "name": null,
        "natural": "water",
        "name:de": null,
        "name:it": null,
        "surface": null,
        "website": null
      },
      "geometry": {
        "type": "Polygon",
        "coordinates": [
          [
            [
              6.0454041,
              45.8770308
            ],
            [
              6.0453002,
              45.8769971
            ],
            [
              6.0450178,
              45.8767474
            ],
            [
              6.0449468,
              45.8766389
            ],
            [
              6.0449554,
              45.8765858
            ],
            [
              6.0450161,
              45.8765629
            ],
            [
              6.0452794,
              45.8766292
            ],
            [
              6.0459082,
              45.8768475
            ],
            [
              6.045896,
              45.8769163
            ],
            [
              6.0458423,
              45.8769657
            ],
            [
              6.0458077,
              45.8769753
            ],
            [
              6.0456327,
              45.8769971
            ],
            [
              6.0454768,
              45.8770332
            ],
            [
              6.0454041,
              45.8770308
            ]
          ]
        ]
      }
    },
    {
      "type": "Feature",
      "properties": {
        "fid": 153,
        "id": 1380317696,
        "description": null,
        "layer": null,
        "name:es": null,
        "tourism": null,
        "note": null,
        "wetland": null,
        "name:nl": null,
        "amenity": null,
        "ele": null,
        "golf": null,
        "swimming": null,
        "boat": null,
        "landuse": null,
        "wheelchair": null,
        "artist_name": null,
        "intermittent": "yes",
        "type": null,
        "basin": null,
        "wikimedia_commons": null,
        "toilets:wheelchair": null,
        "wikidata": null,
        "source": null,
        "drinking_water": null,
        "level": null,
        "fountain": null,
        "tidal": null,
        "salt": null,
        "artwork_type": null,
        "name:en": null,
        "wikipedia": null,
        "water": "basin",
        "name": null,
        "natural": "water",
        "name:de": null,
        "name:it": null,
        "surface": null,
        "website": null
      },
      "geometry": {
        "type": "Polygon",
        "coordinates": [
          [
            [
              6.121746,
              45.9556486
            ],
            [
              6.1214251,
              45.9556404
            ],
            [
              6.1214198,
              45.9557404
            ],
            [
              6.1217408,
              45.9557486
            ],
            [
              6.121746,
              45.9556486
            ]
          ]
        ]
      }
    },
    {
      "type": "Feature",
      "properties": {
        "fid": 154,
        "id": 1380321685,
        "description": null,
        "layer": null,
        "name:es": null,
        "tourism": null,
        "note": null,
        "wetland": null,
        "name:nl": null,
        "amenity": null,
        "ele": null,
        "golf": null,
        "swimming": null,
        "boat": null,
        "landuse": null,
        "wheelchair": null,
        "artist_name": null,
        "intermittent": "no",
        "type": null,
        "basin": null,
        "wikimedia_commons": null,
        "toilets:wheelchair": null,
        "wikidata": null,
        "source": null,
        "drinking_water": null,
        "level": null,
        "fountain": null,
        "tidal": null,
        "salt": null,
        "artwork_type": null,
        "name:en": null,
        "wikipedia": null,
        "water": "basin",
        "name": null,
        "natural": "water",
        "name:de": null,
        "name:it": null,
        "surface": null,
        "website": null
      },
      "geometry": {
        "type": "Polygon",
        "coordinates": [
          [
            [
              6.1169176,
              45.9521084
            ],
            [
              6.1170012,
              45.9520266
            ],
            [
              6.1169999,
              45.9520048
            ],
            [
              6.1168378,
              45.9517849
            ],
            [
              6.1166339,
              45.9516767
            ],
            [
              6.1165934,
              45.951684
            ],
            [
              6.1165633,
              45.9517022
            ],
            [
              6.1163868,
              45.9518776
            ],
            [
              6.1163842,
              45.9519248
            ],
            [
              6.1164966,
              45.9520266
            ],
            [
              6.1165489,
              45.9520439
            ],
            [
              6.1166901,
              45.9520539
            ],
            [
              6.1166993,
              45.9520857
            ],
            [
              6.1169176,
              45.9521084
            ]
          ]
        ]
      }
    },
    {
      "type": "Feature",
      "properties": {
        "fid": 155,
        "id": 1382625732,
        "description": null,
        "layer": null,
        "name:es": null,
        "tourism": null,
        "note": null,
        "wetland": null,
        "name:nl": null,
        "amenity": null,
        "ele": null,
        "golf": null,
        "swimming": null,
        "boat": null,
        "landuse": null,
        "wheelchair": null,
        "artist_name": null,
        "intermittent": "yes",
        "type": null,
        "basin": null,
        "wikimedia_commons": null,
        "toilets:wheelchair": null,
        "wikidata": null,
        "source": null,
        "drinking_water": null,
        "level": null,
        "fountain": null,
        "tidal": null,
        "salt": null,
        "artwork_type": null,
        "name:en": null,
        "wikipedia": null,
        "water": "basin",
        "name": null,
        "natural": "water",
        "name:de": null,
        "name:it": null,
        "surface": null,
        "website": null
      },
      "geometry": {
        "type": "Polygon",
        "coordinates": [
          [
            [
              6.0642426,
              45.8700693
            ],
            [
              6.0644687,
              45.8702465
            ],
            [
              6.0646566,
              45.8701203
            ],
            [
              6.0644172,
              45.869942
            ],
            [
              6.0642426,
              45.8700693
            ]
          ]
        ]
      }
    },
    {
      "type": "Feature",
      "properties": {
        "fid": 156,
        "id": 1382625733,
        "description": null,
        "layer": null,
        "name:es": null,
        "tourism": null,
        "note": null,
        "wetland": null,
        "name:nl": null,
        "amenity": null,
        "ele": null,
        "golf": null,
        "swimming": null,
        "boat": null,
        "landuse": null,
        "wheelchair": null,
        "artist_name": null,
        "intermittent": "yes",
        "type": null,
        "basin": null,
        "wikimedia_commons": null,
        "toilets:wheelchair": null,
        "wikidata": null,
        "source": null,
        "drinking_water": null,
        "level": null,
        "fountain": null,
        "tidal": null,
        "salt": null,
        "artwork_type": null,
        "name:en": null,
        "wikipedia": null,
        "water": "basin",
        "name": null,
        "natural": "water",
        "name:de": null,
        "name:it": null,
        "surface": null,
        "website": null
      },
      "geometry": {
        "type": "Polygon",
        "coordinates": [
          [
            [
              6.05523,
              45.8408059
            ],
            [
              6.0551285,
              45.8406211
            ],
            [
              6.0551783,
              45.8406079
            ],
            [
              6.0552798,
              45.8407926
            ],
            [
              6.05523,
              45.8408059
            ]
          ]
        ]
      }
    },
    {
      "type": "Feature",
      "properties": {
        "fid": 157,
        "id": 1420914317,
        "description": null,
        "layer": null,
        "name:es": null,
        "tourism": null,
        "note": null,
        "wetland": null,
        "name:nl": null,
        "amenity": null,
        "ele": null,
        "golf": "water_hazard",
        "swimming": null,
        "boat": null,
        "landuse": null,
        "wheelchair": null,
        "artist_name": null,
        "intermittent": null,
        "type": null,
        "basin": null,
        "wikimedia_commons": null,
        "toilets:wheelchair": null,
        "wikidata": null,
        "source": null,
        "drinking_water": null,
        "level": null,
        "fountain": null,
        "tidal": null,
        "salt": null,
        "artwork_type": null,
        "name:en": null,
        "wikipedia": null,
        "water": null,
        "name": null,
        "natural": "water",
        "name:de": null,
        "name:it": null,
        "surface": null,
        "website": null
      },
      "geometry": {
        "type": "Polygon",
        "coordinates": [
          [
            [
              6.0444675,
              45.8977107
            ],
            [
              6.044502,
              45.8977093
            ],
            [
              6.0445183,
              45.8976993
            ],
            [
              6.0445365,
              45.8976967
            ],
            [
              6.0445624,
              45.8976973
            ],
            [
              6.0445729,
              45.8976867
            ],
            [
              6.0445739,
              45.8976686
            ],
            [
              6.0445595,
              45.897656
            ],
            [
              6.0445298,
              45.897652
            ],
            [
              6.0445001,
              45.8976553
            ],
            [
              6.0444723,
              45.897666
            ],
            [
              6.0444608,
              45.897686
            ],
            [
              6.044456,
              45.8977013
            ],
            [
              6.0444675,
              45.8977107
            ]
          ]
        ]
      }
    },
    {
      "type": "Feature",
      "properties": {
        "fid": 158,
        "id": 1436799347,
        "description": null,
        "layer": null,
        "name:es": null,
        "tourism": null,
        "note": null,
        "wetland": null,
        "name:nl": null,
        "amenity": null,
        "ele": null,
        "golf": null,
        "swimming": null,
        "boat": null,
        "landuse": null,
        "wheelchair": null,
        "artist_name": null,
        "intermittent": "yes",
        "type": null,
        "basin": null,
        "wikimedia_commons": null,
        "toilets:wheelchair": null,
        "wikidata": null,
        "source": null,
        "drinking_water": null,
        "level": null,
        "fountain": null,
        "tidal": null,
        "salt": null,
        "artwork_type": null,
        "name:en": null,
        "wikipedia": null,
        "water": "river",
        "name": null,
        "natural": "water",
        "name:de": null,
        "name:it": null,
        "surface": "gravel",
        "website": null
      },
      "geometry": {
        "type": "Polygon",
        "coordinates": [
          [
            [
              6.1297924,
              45.9331272
            ],
            [
              6.1297761,
              45.9331558
            ],
            [
              6.1300654,
              45.9332249
            ],
            [
              6.1305329,
              45.9332027
            ],
            [
              6.1308644,
              45.9331112
            ],
            [
              6.1312912,
              45.9332188
            ],
            [
              6.131367,
              45.9333774
            ],
            [
              6.1314754,
              45.9334392
            ],
            [
              6.1314368,
              45.9332606
            ],
            [
              6.1312255,
              45.9331638
            ],
            [
              6.131022,
              45.9329911
            ],
            [
              6.1304933,
              45.9330134
            ],
            [
              6.1302254,
              45.9330814
            ],
            [
              6.1300733,
              45.9330691
            ],
            [
              6.1297924,
              45.9331272
            ]
          ]
        ]
      }
    },
    {
      "type": "Feature",
      "properties": {
        "fid": 159,
        "id": 1442564953,
        "description": null,
        "layer": null,
        "name:es": null,
        "tourism": null,
        "note": null,
        "wetland": null,
        "name:nl": null,
        "amenity": null,
        "ele": null,
        "golf": null,
        "swimming": null,
        "boat": null,
        "landuse": null,
        "wheelchair": null,
        "artist_name": null,
        "intermittent": "yes",
        "type": null,
        "basin": null,
        "wikimedia_commons": null,
        "toilets:wheelchair": null,
        "wikidata": null,
        "source": null,
        "drinking_water": null,
        "level": null,
        "fountain": null,
        "tidal": null,
        "salt": null,
        "artwork_type": null,
        "name:en": null,
        "wikipedia": null,
        "water": "river",
        "name": null,
        "natural": "water",
        "name:de": null,
        "name:it": null,
        "surface": "gravel",
        "website": null
      },
      "geometry": {
        "type": "Polygon",
        "coordinates": [
          [
            [
              6.1629949,
              45.9407856
            ],
            [
              6.1633845,
              45.9409642
            ],
            [
              6.1639721,
              45.9407973
            ],
            [
              6.1641044,
              45.9406859
            ],
            [
              6.1640099,
              45.9408251
            ],
            [
              6.1639238,
              45.9408914
            ],
            [
              6.163798,
              45.9409385
            ],
            [
              6.16367,
              45.9409862
            ],
            [
              6.163488,
              45.9411123
            ],
            [
              6.1633208,
              45.9411019
            ],
            [
              6.163152,
              45.9409839
            ],
            [
              6.1630986,
              45.9409204
            ],
            [
              6.1629949,
              45.9407856
            ]
          ]
        ]
      }
    }
  ]
}
